{
    "providers": [
        {
            "type": "bitmap",
            "file": "minecraft:font/mickey.png",
            "ascent": 8,
            "height": 9,
            "chars": [
                ""
            ]
        },
        {
            "type": "bitmap",
            "file": "minecraft:font/iger.png",
            "ascent": 8,
            "height": 9,
            "chars": [
                ""
            ]
        },
        {
            "type": "bitmap",
            "file": "minecraft:font/remy.png",
            "ascent": 8,
            "height": 9,
            "chars": [
                ""
            ]
        },
        {
            "type": "bitmap",
            "file": "minecraft:font/prideheart.png",
            "ascent": 8,
            "height": 9,
            "chars": [
                ""
            ]
        },
        {
            "type": "bitmap",
            "file": "minecraft:font/minnie.png",
            "ascent": 8,
            "height": 9,
            "chars": [
                ""
            ]
        },
        {
            "type": "bitmap",
            "file": "minecraft:font/babyyoda.png",
            "ascent": 8,
            "height": 9,
            "chars": [
                ""
            ]
        },
        {
            "type": "bitmap",
            "file": "minecraft:font/figment.png",
            "ascent": 8,
            "height": 9,
            "chars": [
                ""
            ]
        },
        {
            "type": "bitmap",
            "file": "minecraft:font/sorcerer.png",
            "ascent": 8,
            "height": 9,
            "chars": [
                ""
            ]
        },
        {
            "type": "bitmap",
            "file": "minecraft:font/pog.png",
            "ascent": 8,
            "height": 9,
            "chars": [
                ""
            ]
        },
        {
            "type": "bitmap",
            "file": "minecraft:font/simba.png",
            "ascent": 8,
            "height": 9,
            "chars": [
                ""
            ]
        },
        {
            "type": "bitmap",
            "file": "minecraft:font/olaf.png",
            "ascent": 10,
            "height": 11,
            "chars": [
                ""
            ]
        },
        {
            "type": "bitmap",
            "file": "minecraft:font/palace.png",
            "ascent": 9,
            "height": 10,
            "chars": [
                ""
            ]
        },
        {
            "type": "bitmap",
            "file": "minecraft:font/stitch.png",
            "ascent": 9,
            "height": 10,
            "chars": [
                ""
            ]
        },
        {
            "type": "bitmap",
            "file": "minecraft:font/shield.png",
            "ascent": 8,
            "height": 9,
            "chars": [
                ""
            ]
        },
        {
            "type": "bitmap",
            "file": "minecraft:font/pascal.png",
            "ascent": 9,
            "height": 10,
            "chars": [
                ""
            ]
        },
        {
            "type": "bitmap",
            "file": "minecraft:font/rapunzel.png",
            "ascent": 9,
            "height": 10,
            "chars": [
                ""
            ]
        },
        {
            "type": "bitmap",
            "file": "minecraft:font/avengers.png",
            "ascent": 8,
            "height": 9,
            "chars": [
                ""
            ]
        },
        {
            "type": "bitmap",
            "file": "minecraft:font/sven.png",
            "ascent": 8,
            "height": 9,
            "chars": [
                ""
            ]
        },
        {
            "type": "bitmap",
            "file": "minecraft:font/bruni.png",
            "ascent": 8,
            "height": 9,
            "chars": [
                ""
            ]
        }
	]
}