{
	"credit": "Made with Blockbench",
	"texture_size": [32, 32],
	"textures": {
		"0": "blocks/wool_colored_yellow",
		"1": "blocks/shulker_top_white",
		"2": "blocks/concrete_powder_white",
		"3": "blocks/concrete_light_blue",
		"4": "blocks/wool_colored_red",
		"5": "blocks/wool_colored_black",
		"6": "custom/bell_top",
		"7": "blocks/gold_block",
		"8": "blocks/torch_on",
		"particle": "blocks/wool_colored_yellow"
	},
	"elements": [
		{
			"from": [-1, 16, 8],
			"to": [18, 22, 14],
			"rotation": {"angle": 0, "axis": "y", "origin": [8, 25, 16]},
			"faces": {
				"north": {"uv": [0, 0, 9.5, 3], "texture": "#0"},
				"east": {"uv": [0, 0, 3, 3], "texture": "#0"},
				"south": {"uv": [0, 0, 9.5, 3], "texture": "#0"},
				"west": {"uv": [0, 0, 3, 3], "texture": "#0"},
				"up": {"uv": [0, 0, 9.5, 3], "texture": "#0"},
				"down": {"uv": [0, 0, 9.5, 3], "texture": "#0"}
			}
		},
		{
			"from": [5, 4, 8],
			"to": [12, 16, 14],
			"rotation": {"angle": 0, "axis": "y", "origin": [16, 23, 18]},
			"faces": {
				"north": {"uv": [0, 0, 3.5, 6], "texture": "#0"},
				"east": {"uv": [0, 0, 3, 6], "texture": "#0"},
				"south": {"uv": [0, 0, 3.5, 6], "texture": "#0"},
				"west": {"uv": [0, 0, 3, 6], "texture": "#0"},
				"up": {"uv": [0, 0, 3.5, 3], "texture": "#0"},
				"down": {"uv": [0, 0, 3.5, 3], "texture": "#0"}
			}
		},
		{
			"from": [12, 12, 5],
			"to": [13, 13, 10],
			"rotation": {"angle": 0, "axis": "y", "origin": [20, 20, 17]},
			"faces": {
				"north": {"uv": [0, 0, 0.5, 0.5], "texture": "#0"},
				"east": {"uv": [0, 0, 2.5, 0.5], "texture": "#0"},
				"south": {"uv": [0, 0, 0.5, 0.5], "texture": "#0"},
				"west": {"uv": [0, 0, 2.5, 0.5], "texture": "#0"},
				"up": {"uv": [0, 0, 0.5, 2.5], "texture": "#0"},
				"down": {"uv": [0, 0, 0.5, 2.5], "texture": "#0"}
			}
		},
		{
			"from": [4, 12, 5],
			"to": [5, 13, 10],
			"rotation": {"angle": 0, "axis": "y", "origin": [12, 20, 17]},
			"faces": {
				"north": {"uv": [0, 0, 0.5, 0.5], "texture": "#0"},
				"east": {"uv": [0, 0, 2.5, 0.5], "texture": "#0"},
				"south": {"uv": [0, 0, 0.5, 0.5], "texture": "#0"},
				"west": {"uv": [0, 0, 2.5, 0.5], "texture": "#0"},
				"up": {"uv": [0, 0, 0.5, 2.5], "texture": "#0"},
				"down": {"uv": [0, 0, 0.5, 2.5], "texture": "#0"}
			}
		},
		{
			"from": [4, 11, 5],
			"to": [5, 12, 6],
			"rotation": {"angle": 0, "axis": "y", "origin": [12, 19, 13]},
			"faces": {
				"north": {"uv": [0, 0, 0.5, 0.5], "texture": "#0"},
				"east": {"uv": [0, 0, 0.5, 0.5], "texture": "#0"},
				"south": {"uv": [0, 0, 0.5, 0.5], "texture": "#0"},
				"west": {"uv": [0, 0, 0.5, 0.5], "texture": "#0"},
				"up": {"uv": [0, 0, 0.5, 0.5], "texture": "#0"},
				"down": {"uv": [0, 0, 0.5, 0.5], "texture": "#0"}
			}
		},
		{
			"from": [12, 11, 5],
			"to": [13, 12, 6],
			"rotation": {"angle": 0, "axis": "y", "origin": [20, 19, 13]},
			"faces": {
				"north": {"uv": [0, 0, 0.5, 0.5], "texture": "#0"},
				"east": {"uv": [0, 0, 0.5, 0.5], "texture": "#0"},
				"south": {"uv": [0, 0, 0.5, 0.5], "texture": "#0"},
				"west": {"uv": [0, 0, 0.5, 0.5], "texture": "#0"},
				"up": {"uv": [0, 0, 0.5, 0.5], "texture": "#0"},
				"down": {"uv": [0, 0, 0.5, 0.5], "texture": "#0"}
			}
		},
		{
			"from": [11, 0, 8],
			"to": [15, 6, 14],
			"rotation": {"angle": 0, "axis": "y", "origin": [20, 19, 18]},
			"faces": {
				"north": {"uv": [0, 0, 2, 3], "texture": "#0"},
				"east": {"uv": [0, 0, 3, 3], "texture": "#0"},
				"south": {"uv": [0, 0, 2, 3], "texture": "#0"},
				"west": {"uv": [0, 0, 3, 3], "texture": "#0"},
				"up": {"uv": [0, 0, 2, 3], "texture": "#0"},
				"down": {"uv": [0, 0, 2, 3], "texture": "#0"}
			}
		},
		{
			"from": [2, 0, 8],
			"to": [6, 6, 14],
			"rotation": {"angle": 0, "axis": "y", "origin": [11, 19, 18]},
			"faces": {
				"north": {"uv": [0, 0, 2, 3], "texture": "#0"},
				"east": {"uv": [0, 0, 3, 3], "texture": "#0"},
				"south": {"uv": [0, 0, 2, 3], "texture": "#0"},
				"west": {"uv": [0, 0, 3, 3], "texture": "#0"},
				"up": {"uv": [0, 0, 2, 3], "texture": "#0"},
				"down": {"uv": [0, 0, 2, 3], "texture": "#0"}
			}
		},
		{
			"from": [11, 0, 6],
			"to": [15, 2, 8],
			"rotation": {"angle": 0, "axis": "y", "origin": [19, 8, 15]},
			"faces": {
				"north": {"uv": [0, 0, 2, 1], "texture": "#0"},
				"east": {"uv": [0, 0, 1, 1], "texture": "#0"},
				"south": {"uv": [0, 0, 2, 1], "texture": "#0"},
				"west": {"uv": [0, 0, 1, 1], "texture": "#0"},
				"up": {"uv": [0, 0, 2, 1], "texture": "#0"},
				"down": {"uv": [0, 0, 2, 1], "texture": "#0"}
			}
		},
		{
			"from": [2, 0, 6],
			"to": [6, 2, 8],
			"rotation": {"angle": 0, "axis": "y", "origin": [10, 8, 15]},
			"faces": {
				"north": {"uv": [0, 0, 2, 1], "texture": "#0"},
				"east": {"uv": [0, 0, 1, 1], "texture": "#0"},
				"south": {"uv": [0, 0, 2, 1], "texture": "#0"},
				"west": {"uv": [0, 0, 1, 1], "texture": "#0"},
				"up": {"uv": [0, 0, 2, 1], "texture": "#0"},
				"down": {"uv": [0, 0, 2, 1], "texture": "#0"}
			}
		},
		{
			"from": [-1, 17, 7],
			"to": [4, 22, 8],
			"rotation": {"angle": 0, "axis": "y", "origin": [10, 24, 15]},
			"faces": {
				"north": {"uv": [0, 0, 2.5, 2.5], "texture": "#2"},
				"east": {"uv": [0, 0, 0.5, 2.5], "texture": "#2"},
				"south": {"uv": [0, 0, 2.5, 2.5], "texture": "#2"},
				"west": {"uv": [0, 0, 0.5, 2.5], "texture": "#2"},
				"up": {"uv": [0, 0, 2.5, 0.5], "texture": "#2"},
				"down": {"uv": [0, 0, 2.5, 0.5], "texture": "#2"}
			}
		},
		{
			"from": [6, 14, 7],
			"to": [11, 19, 8],
			"rotation": {"angle": 0, "axis": "y", "origin": [18, 25, 15]},
			"faces": {
				"north": {"uv": [3.5, 0, 6, 3.5], "texture": "#4"},
				"east": {"uv": [5, 0, 5.5, 3.5], "texture": "#4"},
				"south": {"uv": [4, 0, 6.5, 3.5], "texture": "#4"},
				"west": {"uv": [6.5, 0, 7, 3.5], "texture": "#4"},
				"up": {"uv": [5.5, 0, 8, 0.5], "texture": "#4"},
				"down": {"uv": [4.5, 0, 7, 0.5], "texture": "#4"}
			}
		},
		{
			"from": [10, 19, 7],
			"to": [11, 20, 8],
			"rotation": {"angle": 0, "axis": "y", "origin": [18, 30, 15]},
			"faces": {
				"north": {"uv": [3.5, 0, 4, 0.5], "texture": "#2"},
				"east": {"uv": [5, 0, 5.5, 3.5], "texture": "#2"},
				"south": {"uv": [4, 0, 6.5, 3.5], "texture": "#2"},
				"west": {"uv": [6.5, 0, 7, 3.5], "texture": "#2"},
				"up": {"uv": [5.5, 0, 8, 0.5], "texture": "#2"},
				"down": {"uv": [4.5, 0, 7, 0.5], "texture": "#2"}
			}
		},
		{
			"from": [10, 13, 7],
			"to": [11, 14, 8],
			"rotation": {"angle": 0, "axis": "y", "origin": [18, 24, 15]},
			"faces": {
				"north": {"uv": [3.5, 0, 4, 0.5], "texture": "#2"},
				"east": {"uv": [5, 0, 5.5, 3.5], "texture": "#2"},
				"south": {"uv": [4, 0, 6.5, 3.5], "texture": "#2"},
				"west": {"uv": [6.5, 0, 7, 3.5], "texture": "#2"},
				"up": {"uv": [5.5, 0, 8, 0.5], "texture": "#2"},
				"down": {"uv": [4.5, 0, 7, 0.5], "texture": "#2"}
			}
		},
		{
			"from": [9, 19, 7],
			"to": [10, 20, 8],
			"rotation": {"angle": 0, "axis": "y", "origin": [17, 30, 15]},
			"faces": {
				"north": {"uv": [3.5, 0, 4, 0.5], "texture": "#4"},
				"east": {"uv": [3.5, 0, 4, 0.5], "texture": "#4"},
				"south": {"uv": [3.5, 0, 4, 0.5], "texture": "#4"},
				"west": {"uv": [3.5, 0, 4, 0.5], "texture": "#4"},
				"up": {"uv": [3.5, 0, 4, 0.5], "texture": "#4"},
				"down": {"uv": [3.5, 0, 4, 0.5], "texture": "#4"}
			}
		},
		{
			"from": [9, 13, 7],
			"to": [10, 14, 8],
			"rotation": {"angle": 0, "axis": "y", "origin": [17, 24, 15]},
			"faces": {
				"north": {"uv": [3.5, 0, 4, 0.5], "texture": "#4"},
				"east": {"uv": [3.5, 0, 4, 0.5], "texture": "#4"},
				"south": {"uv": [3.5, 0, 4, 0.5], "texture": "#4"},
				"west": {"uv": [3.5, 0, 4, 0.5], "texture": "#4"},
				"up": {"uv": [3.5, 0, 4, 0.5], "texture": "#4"},
				"down": {"uv": [3.5, 0, 4, 0.5], "texture": "#4"}
			}
		},
		{
			"from": [8, 19, 7],
			"to": [9, 20, 8],
			"rotation": {"angle": 0, "axis": "y", "origin": [16, 30, 15]},
			"faces": {
				"north": {"uv": [4, 0, 5, 0.5], "texture": "#2"},
				"east": {"uv": [4, 0, 5, 0.5], "texture": "#2"},
				"south": {"uv": [4, 0, 5, 0.5], "texture": "#2"},
				"west": {"uv": [4, 0, 5, 0.5], "texture": "#2"},
				"up": {"uv": [4, 0, 5, 0.5], "texture": "#2"},
				"down": {"uv": [4, 0, 5, 0.5], "texture": "#2"}
			}
		},
		{
			"from": [8, 13, 7],
			"to": [9, 14, 8],
			"rotation": {"angle": 0, "axis": "y", "origin": [16, 24, 15]},
			"faces": {
				"north": {"uv": [4, 0, 5, 0.5], "texture": "#2"},
				"east": {"uv": [4, 0, 5, 0.5], "texture": "#2"},
				"south": {"uv": [4, 0, 5, 0.5], "texture": "#2"},
				"west": {"uv": [4, 0, 5, 0.5], "texture": "#2"},
				"up": {"uv": [4, 0, 5, 0.5], "texture": "#2"},
				"down": {"uv": [4, 0, 5, 0.5], "texture": "#2"}
			}
		},
		{
			"from": [7, 19, 7],
			"to": [8, 20, 8],
			"rotation": {"angle": 0, "axis": "y", "origin": [15, 30, 15]},
			"faces": {
				"north": {"uv": [3.5, 0, 4.5, 0.5], "texture": "#4"},
				"east": {"uv": [3.5, 0, 4.5, 0.5], "texture": "#4"},
				"south": {"uv": [3.5, 0, 4.5, 0.5], "texture": "#4"},
				"west": {"uv": [3.5, 0, 4.5, 0.5], "texture": "#4"},
				"up": {"uv": [3.5, 0, 4.5, 0.5], "texture": "#4"},
				"down": {"uv": [3.5, 0, 4.5, 0.5], "texture": "#4"}
			}
		},
		{
			"from": [7, 13, 7],
			"to": [8, 14, 8],
			"rotation": {"angle": 0, "axis": "y", "origin": [15, 24, 15]},
			"faces": {
				"north": {"uv": [3.5, 0, 4.5, 0.5], "texture": "#4"},
				"east": {"uv": [3.5, 0, 4.5, 0.5], "texture": "#4"},
				"south": {"uv": [3.5, 0, 4.5, 0.5], "texture": "#4"},
				"west": {"uv": [3.5, 0, 4.5, 0.5], "texture": "#4"},
				"up": {"uv": [3.5, 0, 4.5, 0.5], "texture": "#4"},
				"down": {"uv": [3.5, 0, 4.5, 0.5], "texture": "#4"}
			}
		},
		{
			"from": [6, 19, 7],
			"to": [7, 20, 8],
			"rotation": {"angle": 0, "axis": "y", "origin": [14, 30, 15]},
			"faces": {
				"north": {"uv": [3.5, 0, 6, 3.5], "texture": "#2"},
				"east": {"uv": [5, 0, 5.5, 3.5], "texture": "#2"},
				"south": {"uv": [4, 0, 6.5, 3.5], "texture": "#2"},
				"west": {"uv": [6.5, 0, 7, 3.5], "texture": "#2"},
				"up": {"uv": [5.5, 0, 8, 0.5], "texture": "#2"},
				"down": {"uv": [4.5, 0, 7, 0.5], "texture": "#2"}
			}
		},
		{
			"from": [6, 13, 7],
			"to": [7, 14, 8],
			"rotation": {"angle": 0, "axis": "y", "origin": [14, 24, 15]},
			"faces": {
				"north": {"uv": [3.5, 0, 6, 3.5], "texture": "#2"},
				"east": {"uv": [5, 0, 5.5, 3.5], "texture": "#2"},
				"south": {"uv": [4, 0, 6.5, 3.5], "texture": "#2"},
				"west": {"uv": [6.5, 0, 7, 3.5], "texture": "#2"},
				"up": {"uv": [5.5, 0, 8, 0.5], "texture": "#2"},
				"down": {"uv": [4.5, 0, 7, 0.5], "texture": "#2"}
			}
		},
		{
			"from": [13, 17, 7],
			"to": [18, 22, 8],
			"rotation": {"angle": 0, "axis": "y", "origin": [25, 24, 15]},
			"faces": {
				"north": {"uv": [0, 0, 2.5, 2.5], "texture": "#2"},
				"east": {"uv": [0, 0, 0.5, 2.5], "texture": "#2"},
				"south": {"uv": [0, 0, 2.5, 2.5], "texture": "#2"},
				"west": {"uv": [0, 0, 0.5, 2.5], "texture": "#2"},
				"up": {"uv": [0, 0, 2.5, 0.5], "texture": "#2"},
				"down": {"uv": [0, 0, 2.5, 0.5], "texture": "#2"}
			}
		},
		{
			"from": [2, 0, 5],
			"to": [3, 1, 6],
			"rotation": {"angle": 0, "axis": "y", "origin": [10, 8, 13]},
			"faces": {
				"north": {"uv": [0, 0, 0.5, 0.5], "texture": "#2"},
				"east": {"uv": [0, 0, 0.5, 0.5], "texture": "#2"},
				"south": {"uv": [0, 0, 0.5, 0.5], "texture": "#2"},
				"west": {"uv": [0, 0, 0.5, 0.5], "texture": "#2"},
				"up": {"uv": [0, 0, 0.5, 0.5], "texture": "#2"},
				"down": {"uv": [0, 0, 0.5, 0.5], "texture": "#2"}
			}
		},
		{
			"from": [3, 0, 5],
			"to": [4, 1, 6],
			"rotation": {"angle": 0, "axis": "y", "origin": [11, 8, 13]},
			"faces": {
				"north": {"uv": [0, 0, 0.5, 0.5], "texture": "#1"},
				"east": {"uv": [0, 0, 0.5, 0.5], "texture": "#1"},
				"south": {"uv": [0, 0, 0.5, 0.5], "texture": "#1"},
				"west": {"uv": [0, 0, 0.5, 0.5], "texture": "#1"},
				"up": {"uv": [0, 0, 0.5, 0.5], "texture": "#1"},
				"down": {"uv": [0, 0, 0.5, 0.5], "texture": "#1"}
			}
		},
		{
			"from": [4, 0, 5],
			"to": [5, 1, 6],
			"rotation": {"angle": 0, "axis": "y", "origin": [12, 8, 13]},
			"faces": {
				"north": {"uv": [0, 0, 0.5, 0.5], "texture": "#2"},
				"east": {"uv": [0, 0, 0.5, 0.5], "texture": "#2"},
				"south": {"uv": [0, 0, 0.5, 0.5], "texture": "#2"},
				"west": {"uv": [0, 0, 0.5, 0.5], "texture": "#2"},
				"up": {"uv": [0, 0, 0.5, 0.5], "texture": "#2"},
				"down": {"uv": [0, 0, 0.5, 0.5], "texture": "#2"}
			}
		},
		{
			"from": [5, 0, 5],
			"to": [6, 1, 6],
			"rotation": {"angle": 0, "axis": "y", "origin": [13, 8, 13]},
			"faces": {
				"north": {"uv": [0, 0, 0.5, 0.5], "texture": "#1"},
				"east": {"uv": [0, 0, 0.5, 0.5], "texture": "#1"},
				"south": {"uv": [0, 0, 0.5, 0.5], "texture": "#1"},
				"west": {"uv": [0, 0, 0.5, 0.5], "texture": "#1"},
				"up": {"uv": [0, 0, 0.5, 0.5], "texture": "#1"},
				"down": {"uv": [0, 0, 0.5, 0.5], "texture": "#1"}
			}
		},
		{
			"from": [11, 0, 5],
			"to": [12, 1, 6],
			"rotation": {"angle": 0, "axis": "y", "origin": [19, 8, 13]},
			"faces": {
				"north": {"uv": [0, 0, 0.5, 0.5], "texture": "#1"},
				"east": {"uv": [0, 0, 0.5, 0.5], "texture": "#1"},
				"south": {"uv": [0, 0, 0.5, 0.5], "texture": "#1"},
				"west": {"uv": [0, 0, 0.5, 0.5], "texture": "#1"},
				"up": {"uv": [0, 0, 0.5, 0.5], "texture": "#1"},
				"down": {"uv": [0, 0, 0.5, 0.5], "texture": "#1"}
			}
		},
		{
			"from": [12, 0, 5],
			"to": [13, 1, 6],
			"rotation": {"angle": 0, "axis": "y", "origin": [20, 8, 13]},
			"faces": {
				"north": {"uv": [0, 0, 0.5, 0.5], "texture": "#2"},
				"east": {"uv": [0, 0, 0.5, 0.5], "texture": "#2"},
				"south": {"uv": [0, 0, 0.5, 0.5], "texture": "#2"},
				"west": {"uv": [0, 0, 0.5, 0.5], "texture": "#2"},
				"up": {"uv": [0, 0, 0.5, 0.5], "texture": "#2"},
				"down": {"uv": [0, 0, 0.5, 0.5], "texture": "#2"}
			}
		},
		{
			"from": [13, 0, 5],
			"to": [14, 1, 6],
			"rotation": {"angle": 0, "axis": "y", "origin": [21, 8, 13]},
			"faces": {
				"north": {"uv": [0, 0, 0.5, 0.5], "texture": "#1"},
				"east": {"uv": [0, 0, 0.5, 0.5], "texture": "#1"},
				"south": {"uv": [0, 0, 0.5, 0.5], "texture": "#1"},
				"west": {"uv": [0, 0, 0.5, 0.5], "texture": "#1"},
				"up": {"uv": [0, 0, 0.5, 0.5], "texture": "#1"},
				"down": {"uv": [0, 0, 0.5, 0.5], "texture": "#1"}
			}
		},
		{
			"from": [14, 0, 5],
			"to": [15, 1, 6],
			"rotation": {"angle": 0, "axis": "y", "origin": [22, 8, 13]},
			"faces": {
				"north": {"uv": [0, 0, 0.5, 0.5], "texture": "#2"},
				"east": {"uv": [0, 0, 0.5, 0.5], "texture": "#2"},
				"south": {"uv": [0, 0, 0.5, 0.5], "texture": "#2"},
				"west": {"uv": [0, 0, 0.5, 0.5], "texture": "#2"},
				"up": {"uv": [0, 0, 0.5, 0.5], "texture": "#2"},
				"down": {"uv": [0, 0, 0.5, 0.5], "texture": "#2"}
			}
		},
		{
			"from": [14, 18, 6],
			"to": [17, 21, 7],
			"rotation": {"angle": 0, "axis": "y", "origin": [22, 26, 14]},
			"faces": {
				"north": {"uv": [0, 0, 1.5, 1.5], "texture": "#3"},
				"east": {"uv": [0, 0, 0.5, 1.5], "texture": "#3"},
				"south": {"uv": [0, 0, 1.5, 1.5], "texture": "#3"},
				"west": {"uv": [0, 0, 0.5, 1.5], "texture": "#3"},
				"up": {"uv": [0, 0, 1.5, 0.5], "texture": "#3"},
				"down": {"uv": [0, 0, 1.5, 0.5], "texture": "#3"}
			}
		},
		{
			"from": [0, 18, 6],
			"to": [3, 21, 7],
			"rotation": {"angle": 0, "axis": "y", "origin": [8, 26, 14]},
			"faces": {
				"north": {"uv": [0, 0, 1.5, 1.5], "texture": "#3"},
				"east": {"uv": [0, 0, 0.5, 1.5], "texture": "#3"},
				"south": {"uv": [0, 0, 1.5, 1.5], "texture": "#3"},
				"west": {"uv": [0, 0, 0.5, 1.5], "texture": "#3"},
				"up": {"uv": [0, 0, 1.5, 0.5], "texture": "#3"},
				"down": {"uv": [0, 0, 1.5, 0.5], "texture": "#3"}
			}
		},
		{
			"from": [1, 19, 5],
			"to": [2, 20, 6],
			"rotation": {"angle": 0, "axis": "y", "origin": [9, 27, 13]},
			"faces": {
				"north": {"uv": [0, 0, 0.5, 0.5], "texture": "#5"},
				"east": {"uv": [0, 0, 0.5, 0.5], "texture": "#5"},
				"south": {"uv": [0, 0, 0.5, 0.5], "texture": "#5"},
				"west": {"uv": [0, 0, 0.5, 0.5], "texture": "#5"},
				"up": {"uv": [0, 0, 0.5, 0.5], "texture": "#5"},
				"down": {"uv": [0, 0, 0.5, 0.5], "texture": "#5"}
			}
		},
		{
			"from": [15, 19, 5],
			"to": [16, 20, 6],
			"rotation": {"angle": 0, "axis": "y", "origin": [23, 27, 13]},
			"faces": {
				"north": {"uv": [0, 0, 0.5, 0.5], "texture": "#5"},
				"east": {"uv": [0, 0, 0.5, 0.5], "texture": "#5"},
				"south": {"uv": [0, 0, 0.5, 0.5], "texture": "#5"},
				"west": {"uv": [0, 0, 0.5, 0.5], "texture": "#5"},
				"up": {"uv": [0, 0, 0.5, 0.5], "texture": "#5"},
				"down": {"uv": [0, 0, 0.5, 0.5], "texture": "#5"}
			}
		},
		{
			"from": [5, 22, 9],
			"to": [12, 23, 14],
			"rotation": {"angle": 0, "axis": "y", "origin": [19, 30, 19]},
			"faces": {
				"north": {"uv": [0, 0, 3.5, 0.5], "texture": "#5"},
				"east": {"uv": [0, 0, 2.5, 0.5], "texture": "#5"},
				"south": {"uv": [0, 0, 3.5, 0.5], "texture": "#5"},
				"west": {"uv": [0, 0, 2.5, 0.5], "texture": "#5"},
				"up": {"uv": [0, 0, 3.5, 2.5], "texture": "#5"},
				"down": {"uv": [0, 0, 3.5, 2.5], "texture": "#5"}
			}
		},
		{
			"from": [6, 23, 10],
			"to": [11, 24, 13],
			"rotation": {"angle": 0, "axis": "y", "origin": [19, 31, 19]},
			"faces": {
				"north": {"uv": [0, 0, 2.5, 0.5], "texture": "#5"},
				"east": {"uv": [0, 0, 1.5, 0.5], "texture": "#5"},
				"south": {"uv": [0, 0, 2.5, 0.5], "texture": "#5"},
				"west": {"uv": [0, 0, 1.5, 0.5], "texture": "#5"},
				"up": {"uv": [0, 0, 2.5, 1.5], "texture": "#5"},
				"down": {"uv": [0, 0, 2.5, 1.5], "texture": "#5"}
			}
		},
		{
			"from": [8.8422, 14.78225, 4.5],
			"to": [9.2222, 16.30225, 4.5],
			"rotation": {"angle": 0, "axis": "y", "origin": [9.0322, 15.54225, 4.3326]},
			"faces": {
				"north": {"uv": [7, 6, 9, 16], "texture": "#8"},
				"east": {"uv": [7, 6, 9, 16], "texture": "#8"},
				"south": {"uv": [7, 6, 9, 16], "texture": "#8"},
				"west": {"uv": [7, 6, 9, 16], "texture": "#8"},
				"up": {"uv": [7, 6, 9, 16], "texture": "#8"},
				"down": {"uv": [7, 6, 9, 16], "texture": "#8"}
			}
		},
		{
			"from": [9.0322, 14.78225, 4.5],
			"to": [9.0322, 16.30225, 4.88],
			"rotation": {"angle": 0, "axis": "y", "origin": [9.0322, 15.54225, 4.3326]},
			"faces": {
				"north": {"uv": [7, 6, 9, 16], "texture": "#8"},
				"east": {"uv": [7, 6, 9, 16], "texture": "#8"},
				"south": {"uv": [7, 6, 9, 16], "texture": "#8"},
				"west": {"uv": [7, 6, 9, 16], "texture": "#8"},
				"up": {"uv": [7, 6, 9, 16], "texture": "#8"},
				"down": {"uv": [7, 6, 9, 16], "texture": "#8"}
			}
		},
		{
			"from": [9.6022, 14.78225, 4.5],
			"to": [9.9822, 16.30225, 4.5],
			"rotation": {"angle": 0, "axis": "y", "origin": [9.7922, 15.54225, 4.3326]},
			"faces": {
				"north": {"uv": [7, 6, 9, 16], "texture": "#8"},
				"east": {"uv": [7, 6, 9, 16], "texture": "#8"},
				"south": {"uv": [7, 6, 9, 16], "texture": "#8"},
				"west": {"uv": [7, 6, 9, 16], "texture": "#8"},
				"up": {"uv": [7, 6, 9, 16], "texture": "#8"},
				"down": {"uv": [7, 6, 9, 16], "texture": "#8"}
			}
		},
		{
			"from": [9.7922, 14.78225, 4.5],
			"to": [9.7922, 16.30225, 4.88],
			"rotation": {"angle": 0, "axis": "y", "origin": [9.7922, 15.54225, 4.3326]},
			"faces": {
				"north": {"uv": [7, 6, 9, 16], "texture": "#8"},
				"east": {"uv": [7, 6, 9, 16], "texture": "#8"},
				"south": {"uv": [7, 6, 9, 16], "texture": "#8"},
				"west": {"uv": [7, 6, 9, 16], "texture": "#8"},
				"up": {"uv": [7, 6, 9, 16], "texture": "#8"},
				"down": {"uv": [7, 6, 9, 16], "texture": "#8"}
			}
		},
		{
			"from": [14.9222, 14.78225, 4.5],
			"to": [15.3022, 16.30225, 4.5],
			"rotation": {"angle": 0, "axis": "y", "origin": [15.1122, 15.54225, 4.3326]},
			"faces": {
				"north": {"uv": [7, 6, 9, 16], "texture": "#8"},
				"east": {"uv": [7, 6, 9, 16], "texture": "#8"},
				"south": {"uv": [7, 6, 9, 16], "texture": "#8"},
				"west": {"uv": [7, 6, 9, 16], "texture": "#8"},
				"up": {"uv": [7, 6, 9, 16], "texture": "#8"},
				"down": {"uv": [7, 6, 9, 16], "texture": "#8"}
			}
		},
		{
			"from": [15.1122, 14.78225, 4.5],
			"to": [15.1122, 16.30225, 4.88],
			"rotation": {"angle": 0, "axis": "y", "origin": [15.1122, 15.54225, 4.3326]},
			"faces": {
				"north": {"uv": [7, 6, 9, 16], "texture": "#8"},
				"east": {"uv": [7, 6, 9, 16], "texture": "#8"},
				"south": {"uv": [7, 6, 9, 16], "texture": "#8"},
				"west": {"uv": [7, 6, 9, 16], "texture": "#8"},
				"up": {"uv": [7, 6, 9, 16], "texture": "#8"},
				"down": {"uv": [7, 6, 9, 16], "texture": "#8"}
			}
		},
		{
			"from": [10.3622, 14.78225, 4.5],
			"to": [10.7422, 16.30225, 4.5],
			"rotation": {"angle": 0, "axis": "y", "origin": [10.5522, 15.54225, 4.3326]},
			"faces": {
				"north": {"uv": [7, 6, 9, 16], "texture": "#8"},
				"east": {"uv": [7, 6, 9, 16], "texture": "#8"},
				"south": {"uv": [7, 6, 9, 16], "texture": "#8"},
				"west": {"uv": [7, 6, 9, 16], "texture": "#8"},
				"up": {"uv": [7, 6, 9, 16], "texture": "#8"},
				"down": {"uv": [7, 6, 9, 16], "texture": "#8"}
			}
		},
		{
			"from": [10.5522, 14.78225, 4.5],
			"to": [10.5522, 16.30225, 4.88],
			"rotation": {"angle": 0, "axis": "y", "origin": [10.5522, 15.54225, 4.3326]},
			"faces": {
				"north": {"uv": [7, 6, 9, 16], "texture": "#8"},
				"east": {"uv": [7, 6, 9, 16], "texture": "#8"},
				"south": {"uv": [7, 6, 9, 16], "texture": "#8"},
				"west": {"uv": [7, 6, 9, 16], "texture": "#8"},
				"up": {"uv": [7, 6, 9, 16], "texture": "#8"},
				"down": {"uv": [7, 6, 9, 16], "texture": "#8"}
			}
		},
		{
			"from": [14.1622, 14.78225, 4.5],
			"to": [14.5422, 16.30225, 4.5],
			"rotation": {"angle": 0, "axis": "y", "origin": [14.3522, 15.54225, 4.3326]},
			"faces": {
				"north": {"uv": [7, 6, 9, 16], "texture": "#8"},
				"east": {"uv": [7, 6, 9, 16], "texture": "#8"},
				"south": {"uv": [7, 6, 9, 16], "texture": "#8"},
				"west": {"uv": [7, 6, 9, 16], "texture": "#8"},
				"up": {"uv": [7, 6, 9, 16], "texture": "#8"},
				"down": {"uv": [7, 6, 9, 16], "texture": "#8"}
			}
		},
		{
			"from": [14.3522, 14.78225, 4.5],
			"to": [14.3522, 16.30225, 4.88],
			"rotation": {"angle": 0, "axis": "y", "origin": [14.3522, 15.54225, 4.3326]},
			"faces": {
				"north": {"uv": [7, 6, 9, 16], "texture": "#8"},
				"east": {"uv": [7, 6, 9, 16], "texture": "#8"},
				"south": {"uv": [7, 6, 9, 16], "texture": "#8"},
				"west": {"uv": [7, 6, 9, 16], "texture": "#8"},
				"up": {"uv": [7, 6, 9, 16], "texture": "#8"},
				"down": {"uv": [7, 6, 9, 16], "texture": "#8"}
			}
		},
		{
			"from": [11.8822, 15.16225, 4.5],
			"to": [12.2622, 16.68225, 4.5],
			"rotation": {"angle": 0, "axis": "y", "origin": [12.0722, 15.92225, 4.3326]},
			"faces": {
				"north": {"uv": [7, 6, 9, 16], "texture": "#8"},
				"east": {"uv": [7, 6, 9, 16], "texture": "#8"},
				"south": {"uv": [7, 6, 9, 16], "texture": "#8"},
				"west": {"uv": [7, 6, 9, 16], "texture": "#8"},
				"up": {"uv": [7, 6, 9, 16], "texture": "#8"},
				"down": {"uv": [7, 6, 9, 16], "texture": "#8"}
			}
		},
		{
			"from": [12.0722, 15.16225, 4.5],
			"to": [12.0722, 16.68225, 4.88],
			"rotation": {"angle": 0, "axis": "y", "origin": [12.0722, 15.92225, 4.3326]},
			"faces": {
				"north": {"uv": [7, 6, 9, 16], "texture": "#8"},
				"east": {"uv": [7, 6, 9, 16], "texture": "#8"},
				"south": {"uv": [7, 6, 9, 16], "texture": "#8"},
				"west": {"uv": [7, 6, 9, 16], "texture": "#8"},
				"up": {"uv": [7, 6, 9, 16], "texture": "#8"},
				"down": {"uv": [7, 6, 9, 16], "texture": "#8"}
			}
		},
		{
			"from": [11.1222, 14.78225, 4.5],
			"to": [11.5022, 16.30225, 4.5],
			"rotation": {"angle": 0, "axis": "y", "origin": [11.3122, 15.54225, 4.3326]},
			"faces": {
				"north": {"uv": [7, 6, 9, 16], "texture": "#8"},
				"east": {"uv": [7, 6, 9, 16], "texture": "#8"},
				"south": {"uv": [7, 6, 9, 16], "texture": "#8"},
				"west": {"uv": [7, 6, 9, 16], "texture": "#8"},
				"up": {"uv": [7, 6, 9, 16], "texture": "#8"},
				"down": {"uv": [7, 6, 9, 16], "texture": "#8"}
			}
		},
		{
			"from": [11.3122, 14.78225, 4.5],
			"to": [11.3122, 16.30225, 4.88],
			"rotation": {"angle": 0, "axis": "y", "origin": [11.3122, 15.54225, 4.3326]},
			"faces": {
				"north": {"uv": [7, 6, 9, 16], "texture": "#8"},
				"east": {"uv": [7, 6, 9, 16], "texture": "#8"},
				"south": {"uv": [7, 6, 9, 16], "texture": "#8"},
				"west": {"uv": [7, 6, 9, 16], "texture": "#8"},
				"up": {"uv": [7, 6, 9, 16], "texture": "#8"},
				"down": {"uv": [7, 6, 9, 16], "texture": "#8"}
			}
		},
		{
			"from": [12.6422, 14.78225, 4.5],
			"to": [13.0222, 16.30225, 4.5],
			"rotation": {"angle": 0, "axis": "y", "origin": [12.8322, 15.54225, 4.3326]},
			"faces": {
				"north": {"uv": [7, 6, 9, 16], "texture": "#8"},
				"east": {"uv": [7, 6, 9, 16], "texture": "#8"},
				"south": {"uv": [7, 6, 9, 16], "texture": "#8"},
				"west": {"uv": [7, 6, 9, 16], "texture": "#8"},
				"up": {"uv": [7, 6, 9, 16], "texture": "#8"},
				"down": {"uv": [7, 6, 9, 16], "texture": "#8"}
			}
		},
		{
			"from": [12.8322, 14.78225, 4.5],
			"to": [12.8322, 16.30225, 4.88],
			"rotation": {"angle": 0, "axis": "y", "origin": [12.8322, 15.54225, 4.3326]},
			"faces": {
				"north": {"uv": [7, 6, 9, 16], "texture": "#8"},
				"east": {"uv": [7, 6, 9, 16], "texture": "#8"},
				"south": {"uv": [7, 6, 9, 16], "texture": "#8"},
				"west": {"uv": [7, 6, 9, 16], "texture": "#8"},
				"up": {"uv": [7, 6, 9, 16], "texture": "#8"},
				"down": {"uv": [7, 6, 9, 16], "texture": "#8"}
			}
		},
		{
			"from": [13.4022, 14.78225, 4.5],
			"to": [13.7822, 16.30225, 4.5],
			"rotation": {"angle": 0, "axis": "y", "origin": [13.5922, 15.54225, 4.3326]},
			"faces": {
				"north": {"uv": [7, 6, 9, 16], "texture": "#8"},
				"east": {"uv": [7, 6, 9, 16], "texture": "#8"},
				"south": {"uv": [7, 6, 9, 16], "texture": "#8"},
				"west": {"uv": [7, 6, 9, 16], "texture": "#8"},
				"up": {"uv": [7, 6, 9, 16], "texture": "#8"},
				"down": {"uv": [7, 6, 9, 16], "texture": "#8"}
			}
		},
		{
			"from": [13.5922, 14.78225, 4.5],
			"to": [13.5922, 16.30225, 4.88],
			"rotation": {"angle": 0, "axis": "y", "origin": [13.5922, 15.54225, 4.3326]},
			"faces": {
				"north": {"uv": [7, 6, 9, 16], "texture": "#8"},
				"east": {"uv": [7, 6, 9, 16], "texture": "#8"},
				"south": {"uv": [7, 6, 9, 16], "texture": "#8"},
				"west": {"uv": [7, 6, 9, 16], "texture": "#8"},
				"up": {"uv": [7, 6, 9, 16], "texture": "#8"},
				"down": {"uv": [7, 6, 9, 16], "texture": "#8"}
			}
		},
		{
			"from": [8.8422, 14.40225, 4.5],
			"to": [9.2222, 14.78225, 4.88],
			"rotation": {"angle": 0, "axis": "y", "origin": [11.5022, 17.44225, 6.8026]},
			"faces": {
				"north": {"uv": [0, 0, 16, 16], "texture": "#7"},
				"east": {"uv": [0, 0, 16, 16], "texture": "#7"},
				"south": {"uv": [0, 0, 16, 16], "texture": "#7"},
				"west": {"uv": [0, 0, 16, 16], "texture": "#7"},
				"up": {"uv": [0, 0, 8, 8], "texture": "#6"},
				"down": {"uv": [0, 0, 16, 16], "texture": "#7"}
			}
		},
		{
			"from": [9.6022, 14.40225, 4.5],
			"to": [9.9822, 14.78225, 4.88],
			"rotation": {"angle": 0, "axis": "y", "origin": [12.2622, 17.44225, 6.8026]},
			"faces": {
				"north": {"uv": [0, 0, 16, 16], "texture": "#7"},
				"east": {"uv": [0, 0, 16, 16], "texture": "#7"},
				"south": {"uv": [0, 0, 16, 16], "texture": "#7"},
				"west": {"uv": [0, 0, 16, 16], "texture": "#7"},
				"up": {"uv": [0, 0, 8, 8], "texture": "#6"},
				"down": {"uv": [0, 0, 16, 16], "texture": "#7"}
			}
		},
		{
			"from": [10.3622, 14.40225, 4.5],
			"to": [10.7422, 14.78225, 4.88],
			"rotation": {"angle": 0, "axis": "y", "origin": [13.0222, 17.44225, 6.8026]},
			"faces": {
				"north": {"uv": [0, 0, 16, 16], "texture": "#7"},
				"east": {"uv": [0, 0, 16, 16], "texture": "#7"},
				"south": {"uv": [0, 0, 16, 16], "texture": "#7"},
				"west": {"uv": [0, 0, 16, 16], "texture": "#7"},
				"up": {"uv": [0, 0, 8, 8], "texture": "#6"},
				"down": {"uv": [0, 0, 16, 16], "texture": "#7"}
			}
		},
		{
			"from": [11.1222, 14.40225, 4.5],
			"to": [11.5022, 14.78225, 4.88],
			"rotation": {"angle": 0, "axis": "y", "origin": [13.7822, 17.44225, 6.8026]},
			"faces": {
				"north": {"uv": [0, 0, 16, 16], "texture": "#7"},
				"east": {"uv": [0, 0, 16, 16], "texture": "#7"},
				"south": {"uv": [0, 0, 16, 16], "texture": "#7"},
				"west": {"uv": [0, 0, 16, 16], "texture": "#7"},
				"up": {"uv": [0, 0, 8, 8], "texture": "#6"},
				"down": {"uv": [0, 0, 16, 16], "texture": "#7"}
			}
		},
		{
			"from": [11.8822, 14.78225, 4.5],
			"to": [12.2622, 15.16225, 4.88],
			"rotation": {"angle": 0, "axis": "y", "origin": [14.5422, 17.82225, 6.8026]},
			"faces": {
				"north": {"uv": [0, 0, 16, 16], "texture": "#7"},
				"east": {"uv": [0, 0, 16, 16], "texture": "#7"},
				"south": {"uv": [0, 0, 16, 16], "texture": "#7"},
				"west": {"uv": [0, 0, 16, 16], "texture": "#7"},
				"up": {"uv": [0, 0, 8, 8], "texture": "#6"},
				"down": {"uv": [0, 0, 16, 16], "texture": "#7"}
			}
		},
		{
			"from": [12.6422, 14.40225, 4.5],
			"to": [13.0222, 14.78225, 4.88],
			"rotation": {"angle": 0, "axis": "y", "origin": [15.3022, 17.44225, 6.8026]},
			"faces": {
				"north": {"uv": [0, 0, 16, 16], "texture": "#7"},
				"east": {"uv": [0, 0, 16, 16], "texture": "#7"},
				"south": {"uv": [0, 0, 16, 16], "texture": "#7"},
				"west": {"uv": [0, 0, 16, 16], "texture": "#7"},
				"up": {"uv": [0, 0, 8, 8], "texture": "#6"},
				"down": {"uv": [0, 0, 16, 16], "texture": "#7"}
			}
		},
		{
			"from": [12.6422, 13.64225, 4.5],
			"to": [13.0222, 14.40225, 4.88],
			"rotation": {"angle": 0, "axis": "y", "origin": [15.3022, 17.06225, 6.8026]},
			"faces": {
				"north": {"uv": [6.5, 6.5, 7.5, 8.5], "texture": "#7"},
				"east": {"uv": [6.5, 6.5, 7.5, 8.5], "texture": "#7"},
				"south": {"uv": [6.5, 6.5, 7.5, 8.5], "texture": "#7"},
				"west": {"uv": [6.5, 6.5, 7.5, 8.5], "texture": "#7"},
				"up": {"uv": [6.5, 6.5, 7, 7], "texture": "#7"},
				"down": {"uv": [6.5, 6.5, 7, 7], "texture": "#7"}
			}
		},
		{
			"from": [11.1222, 13.64225, 4.5],
			"to": [11.5022, 14.40225, 4.88],
			"rotation": {"angle": 0, "axis": "y", "origin": [8.8422, 17.06225, 6.8026]},
			"faces": {
				"north": {"uv": [6.5, 6.5, 7.5, 8.5], "texture": "#7"},
				"east": {"uv": [6.5, 6.5, 7.5, 8.5], "texture": "#7"},
				"south": {"uv": [6.5, 6.5, 7.5, 8.5], "texture": "#7"},
				"west": {"uv": [6.5, 6.5, 7.5, 8.5], "texture": "#7"},
				"up": {"uv": [6.5, 6.5, 7, 7], "texture": "#7"},
				"down": {"uv": [6.5, 6.5, 7, 7], "texture": "#7"}
			}
		},
		{
			"from": [12.2622, 13.26225, 4.5],
			"to": [12.6422, 13.64225, 4.88],
			"rotation": {"angle": 0, "axis": "y", "origin": [14.9222, 16.30225, 6.8026]},
			"faces": {
				"north": {"uv": [10.5, 3.5, 11.5, 4.5], "texture": "#7"},
				"east": {"uv": [10.5, 3.5, 11.5, 4.5], "texture": "#7"},
				"south": {"uv": [10.5, 3.5, 11.5, 4.5], "texture": "#7"},
				"west": {"uv": [10.5, 3.5, 11.5, 4.5], "texture": "#7"},
				"up": {"uv": [10.5, 3.5, 11.5, 4.5], "texture": "#7"},
				"down": {"uv": [10.5, 3.5, 11.5, 4.5], "texture": "#7"}
			}
		},
		{
			"from": [11.5022, 13.26225, 4.5],
			"to": [11.8822, 13.64225, 4.88],
			"rotation": {"angle": 0, "axis": "y", "origin": [9.2222, 16.30225, 6.8026]},
			"faces": {
				"north": {"uv": [10.5, 3.5, 11.5, 4.5], "texture": "#7"},
				"east": {"uv": [10.5, 3.5, 11.5, 4.5], "texture": "#7"},
				"south": {"uv": [10.5, 3.5, 11.5, 4.5], "texture": "#7"},
				"west": {"uv": [10.5, 3.5, 11.5, 4.5], "texture": "#7"},
				"up": {"uv": [10.5, 3.5, 11.5, 4.5], "texture": "#7"},
				"down": {"uv": [10.5, 3.5, 11.5, 4.5], "texture": "#7"}
			}
		},
		{
			"from": [13.0222, 12.88225, 4.5],
			"to": [13.4022, 13.26225, 4.88],
			"rotation": {"angle": 0, "axis": "y", "origin": [15.6822, 15.92225, 6.8026]},
			"faces": {
				"north": {"uv": [10.5, 3.5, 11.5, 4.5], "texture": "#7"},
				"east": {"uv": [10.5, 3.5, 11.5, 4.5], "texture": "#7"},
				"south": {"uv": [10.5, 3.5, 11.5, 4.5], "texture": "#7"},
				"west": {"uv": [10.5, 3.5, 11.5, 4.5], "texture": "#7"},
				"up": {"uv": [10.5, 3.5, 11.5, 4.5], "texture": "#7"},
				"down": {"uv": [10.5, 3.5, 11.5, 4.5], "texture": "#7"}
			}
		},
		{
			"from": [10.7422, 12.88225, 4.5],
			"to": [11.1222, 13.26225, 4.88],
			"rotation": {"angle": 0, "axis": "y", "origin": [8.4622, 15.92225, 6.8026]},
			"faces": {
				"north": {"uv": [10.5, 3.5, 11.5, 4.5], "texture": "#7"},
				"east": {"uv": [10.5, 3.5, 11.5, 4.5], "texture": "#7"},
				"south": {"uv": [10.5, 3.5, 11.5, 4.5], "texture": "#7"},
				"west": {"uv": [10.5, 3.5, 11.5, 4.5], "texture": "#7"},
				"up": {"uv": [10.5, 3.5, 11.5, 4.5], "texture": "#7"},
				"down": {"uv": [10.5, 3.5, 11.5, 4.5], "texture": "#7"}
			}
		},
		{
			"from": [13.7822, 12.12225, 4.5],
			"to": [14.1622, 12.88225, 4.88],
			"rotation": {"angle": 0, "axis": "y", "origin": [16.4422, 15.54225, 6.8026]},
			"faces": {
				"north": {"uv": [6.5, 6.5, 7.5, 8.5], "texture": "#7"},
				"east": {"uv": [6.5, 6.5, 7.5, 8.5], "texture": "#7"},
				"south": {"uv": [6.5, 6.5, 7.5, 8.5], "texture": "#7"},
				"west": {"uv": [6.5, 6.5, 7.5, 8.5], "texture": "#7"},
				"up": {"uv": [6.5, 6.5, 7, 7], "texture": "#7"},
				"down": {"uv": [6.5, 6.5, 7, 7], "texture": "#7"}
			}
		},
		{
			"from": [9.9822, 12.12225, 4.5],
			"to": [10.3622, 12.88225, 4.88],
			"rotation": {"angle": 0, "axis": "y", "origin": [7.7022, 15.54225, 6.8026]},
			"faces": {
				"north": {"uv": [6.5, 6.5, 7.5, 8.5], "texture": "#7"},
				"east": {"uv": [6.5, 6.5, 7.5, 8.5], "texture": "#7"},
				"south": {"uv": [6.5, 6.5, 7.5, 8.5], "texture": "#7"},
				"west": {"uv": [6.5, 6.5, 7.5, 8.5], "texture": "#7"},
				"up": {"uv": [6.5, 6.5, 7, 7], "texture": "#7"},
				"down": {"uv": [6.5, 6.5, 7, 7], "texture": "#7"}
			}
		},
		{
			"from": [14.5422, 11.36225, 4.5],
			"to": [14.9222, 12.50225, 4.88],
			"rotation": {"angle": 0, "axis": "y", "origin": [17.2022, 15.16225, 6.8026]},
			"faces": {
				"north": {"uv": [8, 4, 9, 7], "texture": "#7"},
				"east": {"uv": [8, 4, 9, 7], "texture": "#7"},
				"south": {"uv": [8, 4, 9, 7], "texture": "#7"},
				"west": {"uv": [8, 4, 9, 7], "texture": "#7"},
				"up": {"uv": [8, 4, 8.5, 4.5], "texture": "#7"},
				"down": {"uv": [8, 4, 8.5, 4.5], "texture": "#7"}
			}
		},
		{
			"from": [9.2222, 11.36225, 4.5],
			"to": [9.6022, 12.50225, 4.88],
			"rotation": {"angle": 0, "axis": "y", "origin": [6.9422, 15.16225, 6.8026]},
			"faces": {
				"north": {"uv": [8, 4, 9, 7], "texture": "#7"},
				"east": {"uv": [8, 4, 9, 7], "texture": "#7"},
				"south": {"uv": [8, 4, 9, 7], "texture": "#7"},
				"west": {"uv": [8, 4, 9, 7], "texture": "#7"},
				"up": {"uv": [8, 4, 8.5, 4.5], "texture": "#7"},
				"down": {"uv": [8, 4, 8.5, 4.5], "texture": "#7"}
			}
		},
		{
			"from": [12.2622, 12.50225, 4.5],
			"to": [13.0222, 12.88225, 4.88],
			"rotation": {"angle": 0, "axis": "y", "origin": [15.3022, 15.54225, 6.8026]},
			"faces": {
				"north": {"uv": [6, 7, 8, 8], "texture": "#7"},
				"east": {"uv": [6, 7, 8, 8], "texture": "#7"},
				"south": {"uv": [6, 7, 8, 8], "texture": "#7"},
				"west": {"uv": [6, 7, 8, 8], "texture": "#7"},
				"up": {"uv": [6, 7, 8, 8], "texture": "#7"},
				"down": {"uv": [6, 7, 8, 8], "texture": "#7"}
			}
		},
		{
			"from": [11.1222, 12.50225, 4.5],
			"to": [11.8822, 12.88225, 4.88],
			"rotation": {"angle": 0, "axis": "y", "origin": [8.8422, 15.54225, 6.8026]},
			"faces": {
				"north": {"uv": [6, 7, 8, 8], "texture": "#7"},
				"east": {"uv": [6, 7, 8, 8], "texture": "#7"},
				"south": {"uv": [6, 7, 8, 8], "texture": "#7"},
				"west": {"uv": [6, 7, 8, 8], "texture": "#7"},
				"up": {"uv": [6, 7, 8, 8], "texture": "#7"},
				"down": {"uv": [6, 7, 8, 8], "texture": "#7"}
			}
		},
		{
			"from": [12.2622, 11.74225, 4.5],
			"to": [13.7822, 12.12225, 4.88],
			"rotation": {"angle": 0, "axis": "y", "origin": [16.0622, 14.78225, 6.8026]},
			"faces": {
				"north": {"uv": [8.5, 5, 12.5, 6], "texture": "#7"},
				"east": {"uv": [8.5, 5, 12.5, 6], "texture": "#7"},
				"south": {"uv": [8.5, 5, 12.5, 6], "texture": "#7"},
				"west": {"uv": [8.5, 5, 12.5, 6], "texture": "#7"},
				"up": {"uv": [8.5, 5, 12.5, 6], "texture": "#7"},
				"down": {"uv": [8.5, 5, 12.5, 6], "texture": "#7"}
			}
		},
		{
			"from": [10.3622, 11.74225, 4.5],
			"to": [11.8822, 12.12225, 4.88],
			"rotation": {"angle": 0, "axis": "y", "origin": [8.0822, 14.78225, 6.8026]},
			"faces": {
				"north": {"uv": [8.5, 5, 12.5, 6], "texture": "#7"},
				"east": {"uv": [8.5, 5, 12.5, 6], "texture": "#7"},
				"south": {"uv": [8.5, 5, 12.5, 6], "texture": "#7"},
				"west": {"uv": [8.5, 5, 12.5, 6], "texture": "#7"},
				"up": {"uv": [8.5, 5, 12.5, 6], "texture": "#7"},
				"down": {"uv": [8.5, 5, 12.5, 6], "texture": "#7"}
			}
		},
		{
			"from": [12.2622, 10.98225, 4.5],
			"to": [14.5422, 11.36225, 4.88],
			"rotation": {"angle": 0, "axis": "y", "origin": [16.8222, 14.02225, 6.8026]},
			"faces": {
				"north": {"uv": [7, 5.5, 13, 6.5], "texture": "#7"},
				"east": {"uv": [7, 5.5, 13, 6.5], "texture": "#7"},
				"south": {"uv": [7, 5.5, 13, 6.5], "texture": "#7"},
				"west": {"uv": [7, 5.5, 13, 6.5], "texture": "#7"},
				"up": {"uv": [7, 5.5, 13, 6.5], "texture": "#7"},
				"down": {"uv": [7, 5.5, 13, 6.5], "texture": "#7"}
			}
		},
		{
			"from": [10.7422, 9.84225, 4.5],
			"to": [13.4022, 10.22225, 5.64],
			"rotation": {"angle": 0, "axis": "y", "origin": [15.6822, 12.88225, 6.8026]},
			"faces": {
				"north": {"uv": [2.5, 7, 9.5, 8], "texture": "#7"},
				"east": {"uv": [2.5, 3, 5.5, 4], "texture": "#7"},
				"south": {"uv": [1.5, 3, 8.5, 4], "texture": "#7"},
				"west": {"uv": [5, 7.5, 8, 8.5], "texture": "#7"},
				"up": {"uv": [2, 6.5, 9, 9.5], "texture": "#7"},
				"down": {"uv": [12.5, 15.5, 16, 16], "texture": "#7"}
			}
		},
		{
			"from": [9.6022, 10.98225, 4.5],
			"to": [11.8822, 11.36225, 4.88],
			"rotation": {"angle": 0, "axis": "y", "origin": [7.3222, 14.02225, 6.8026]},
			"faces": {
				"north": {"uv": [7, 5.5, 13, 6.5], "texture": "#7"},
				"east": {"uv": [7, 5.5, 13, 6.5], "texture": "#7"},
				"south": {"uv": [7, 5.5, 13, 6.5], "texture": "#7"},
				"west": {"uv": [7, 5.5, 13, 6.5], "texture": "#7"},
				"up": {"uv": [7, 5.5, 13, 6.5], "texture": "#7"},
				"down": {"uv": [7, 5.5, 13, 6.5], "texture": "#7"}
			}
		},
		{
			"from": [13.4022, 13.26225, 4.5],
			"to": [13.7822, 14.40225, 4.88],
			"rotation": {"angle": 0, "axis": "y", "origin": [16.0622, 17.06225, 6.8026]},
			"faces": {
				"north": {"uv": [8, 4, 9, 7], "texture": "#7"},
				"east": {"uv": [8, 4, 9, 7], "texture": "#7"},
				"south": {"uv": [8, 4, 9, 7], "texture": "#7"},
				"west": {"uv": [8, 4, 9, 7], "texture": "#7"},
				"up": {"uv": [8, 4, 8.5, 4.5], "texture": "#7"},
				"down": {"uv": [8, 4, 8.5, 4.5], "texture": "#7"}
			}
		},
		{
			"from": [10.3622, 13.26225, 4.5],
			"to": [10.7422, 14.40225, 4.88],
			"rotation": {"angle": 0, "axis": "y", "origin": [8.0822, 17.06225, 6.8026]},
			"faces": {
				"north": {"uv": [8, 4, 9, 7], "texture": "#7"},
				"east": {"uv": [8, 4, 9, 7], "texture": "#7"},
				"south": {"uv": [8, 4, 9, 7], "texture": "#7"},
				"west": {"uv": [8, 4, 9, 7], "texture": "#7"},
				"up": {"uv": [8, 4, 8.5, 4.5], "texture": "#7"},
				"down": {"uv": [8, 4, 8.5, 4.5], "texture": "#7"}
			}
		},
		{
			"from": [14.1622, 12.88225, 4.5],
			"to": [14.5422, 14.40225, 4.88],
			"rotation": {"angle": 0, "axis": "y", "origin": [16.8222, 17.06225, 6.8026]},
			"faces": {
				"north": {"uv": [9.5, 3.5, 10.5, 7.5], "texture": "#7"},
				"east": {"uv": [9.5, 3.5, 10.5, 7.5], "texture": "#7"},
				"south": {"uv": [9.5, 3.5, 10.5, 7.5], "texture": "#7"},
				"west": {"uv": [9.5, 3.5, 10.5, 7.5], "texture": "#7"},
				"up": {"uv": [9.5, 3.5, 10, 4], "texture": "#7"},
				"down": {"uv": [0, 0, 0.5, 0.5], "texture": "#7"}
			}
		},
		{
			"from": [9.6022, 12.88225, 4.5],
			"to": [9.9822, 14.40225, 4.88],
			"rotation": {"angle": 0, "axis": "y", "origin": [7.3222, 17.06225, 6.8026]},
			"faces": {
				"north": {"uv": [9.5, 3.5, 10.5, 7.5], "texture": "#7"},
				"east": {"uv": [9.5, 3.5, 10.5, 7.5], "texture": "#7"},
				"south": {"uv": [9.5, 3.5, 10.5, 7.5], "texture": "#7"},
				"west": {"uv": [9.5, 3.5, 10.5, 7.5], "texture": "#7"},
				"up": {"uv": [9.5, 3.5, 10, 4], "texture": "#7"},
				"down": {"uv": [0, 0, 0.5, 0.5], "texture": "#7"}
			}
		},
		{
			"from": [14.9222, 12.50225, 4.5],
			"to": [15.3022, 14.40225, 4.88],
			"rotation": {"angle": 0, "axis": "y", "origin": [17.5822, 17.06225, 6.8026]},
			"faces": {
				"north": {"uv": [8, 3, 9, 8], "texture": "#7"},
				"east": {"uv": [8, 3, 9, 8], "texture": "#7"},
				"south": {"uv": [8, 3, 9, 8], "texture": "#7"},
				"west": {"uv": [8, 3, 9, 8], "texture": "#7"},
				"up": {"uv": [8, 3, 8.5, 3.5], "texture": "#7"},
				"down": {"uv": [8, 3, 8.5, 3.5], "texture": "#7"}
			}
		},
		{
			"from": [8.8422, 12.50225, 4.5],
			"to": [9.2222, 14.40225, 4.88],
			"rotation": {"angle": 0, "axis": "y", "origin": [6.5622, 17.06225, 6.8026]},
			"faces": {
				"north": {"uv": [8, 3, 9, 8], "texture": "#7"},
				"east": {"uv": [8, 3, 9, 8], "texture": "#7"},
				"south": {"uv": [8, 3, 9, 8], "texture": "#7"},
				"west": {"uv": [8, 3, 9, 8], "texture": "#7"},
				"up": {"uv": [8, 3, 8.5, 3.5], "texture": "#7"},
				"down": {"uv": [8, 3, 8.5, 3.5], "texture": "#7"}
			}
		},
		{
			"from": [11.8822, 9.84225, 4.5],
			"to": [12.2622, 14.78225, 4.88],
			"rotation": {"angle": 0, "axis": "y", "origin": [14.5422, 17.44225, 6.8026]},
			"faces": {
				"north": {"uv": [6.5, 0.5, 7.5, 13.5], "texture": "#7"},
				"east": {"uv": [6.5, 0.5, 7.5, 13.5], "texture": "#7"},
				"south": {"uv": [6.5, 0.5, 7.5, 13.5], "texture": "#7"},
				"west": {"uv": [6.5, 0.5, 7.5, 13.5], "texture": "#7"},
				"up": {"uv": [6.5, 0.5, 7, 1], "texture": "#7"},
				"down": {"uv": [14, 6, 14.5, 6.5], "texture": "#7"}
			}
		},
		{
			"from": [13.4022, 14.40225, 4.5],
			"to": [13.7822, 14.78225, 4.88],
			"rotation": {"angle": 0, "axis": "y", "origin": [16.0622, 17.44225, 6.8026]},
			"faces": {
				"north": {"uv": [0, 0, 16, 16], "texture": "#7"},
				"east": {"uv": [0, 0, 16, 16], "texture": "#7"},
				"south": {"uv": [0, 0, 16, 16], "texture": "#7"},
				"west": {"uv": [0, 0, 16, 16], "texture": "#7"},
				"up": {"uv": [0, 0, 8, 8], "texture": "#6"},
				"down": {"uv": [0, 0, 16, 16], "texture": "#7"}
			}
		},
		{
			"from": [14.1622, 14.40225, 4.5],
			"to": [14.5422, 14.78225, 4.88],
			"rotation": {"angle": 0, "axis": "y", "origin": [16.8222, 17.44225, 6.8026]},
			"faces": {
				"north": {"uv": [0, 0, 16, 16], "texture": "#7"},
				"east": {"uv": [0, 0, 16, 16], "texture": "#7"},
				"south": {"uv": [0, 0, 16, 16], "texture": "#7"},
				"west": {"uv": [0, 0, 16, 16], "texture": "#7"},
				"up": {"uv": [0, 0, 8, 8], "texture": "#6"},
				"down": {"uv": [0, 0, 16, 16], "texture": "#7"}
			}
		},
		{
			"from": [14.9222, 14.40225, 4.5],
			"to": [15.3022, 14.78225, 4.88],
			"rotation": {"angle": 0, "axis": "y", "origin": [17.5822, 17.44225, 6.8026]},
			"faces": {
				"north": {"uv": [0, 0, 16, 16], "texture": "#7"},
				"east": {"uv": [0, 0, 16, 16], "texture": "#7"},
				"south": {"uv": [0, 0, 16, 16], "texture": "#7"},
				"west": {"uv": [0, 0, 16, 16], "texture": "#7"},
				"up": {"uv": [0, 0, 8, 8], "texture": "#6"},
				"down": {"uv": [0, 0, 16, 16], "texture": "#7"}
			}
		}
	],
	"display": {
		"thirdperson_righthand": {
			"rotation": [3, 129, 1],
			"translation": [-0.5, 0, -1.5],
			"scale": [0.5, 0.5, 0.5]
		},
		"thirdperson_lefthand": {
			"translation": [0.5, 0.75, -2.25],
			"scale": [0.5, 0.5, 0.5]
		},
		"firstperson_righthand": {
			"rotation": [0, 142, 0],
			"translation": [0, 1, 0],
			"scale": [0.5, 0.5, 0.5]
		},
		"gui": {
			"rotation": [-167, -21, -180],
			"translation": [0.25, -1.5, 0],
			"scale": [0.75, 0.75, 0.75]
		},
		"head": {
			"rotation": [-27, 0, 0],
			"translation": [-0.5, 5.75, -6.25],
			"scale": [0.5, 0.5, 0.5]
		},
		"fixed": {
			"translation": [0, 0, -6]
		}
	},
	"groups": [
		{
			"name": "BillyBase",
			"origin": [8, 8, 8],
			"children": [
				{
					"name": "body",
					"origin": [10, 8, 15],
					"children": [0, 1, 2, 3, 4, 5, 6, 7, 8, 9]
				},
				{
					"name": "face",
					"origin": [24, 24, 15],
					"children": [10, 11, 12, 13, 14, 15, 16, 17, 18, 19, 20, 21, 22]
				},
				{
					"name": "toes",
					"origin": [21, 8, 13],
					"children": [23, 24, 25, 26, 27, 28, 29, 30]
				},
				{
					"name": "eyes",
					"origin": [23, 27, 13],
					"children": [31, 32, 33, 34]
				}
			]
		},
		{
			"name": "lil hat",
			"origin": [19, 31, 19],
			"children": [35, 36]
		},
		{
			"name": "menorah",
			"origin": [24, 18, 8],
			"children": [
				{
					"name": "group",
					"origin": [1.5, 13, 1.5],
					"children": [37, 38]
				},
				{
					"name": "group",
					"origin": [1.5, 13, 1.5],
					"children": [39, 40,
						{
							"name": "group",
							"origin": [1.5, 13, 1.5],
							"children": [41, 42]
						}
					]
				},
				{
					"name": "group",
					"origin": [1.5, 13, 1.5],
					"children": [43, 44,
						{
							"name": "group",
							"origin": [1.5, 13, 1.5],
							"children": [45, 46]
						}
					]
				},
				{
					"name": "group",
					"origin": [1.5, 13, 1.5],
					"children": [47, 48]
				},
				{
					"name": "group",
					"origin": [1.5, 13, 1.5],
					"children": [49, 50]
				},
				{
					"name": "group",
					"origin": [1.5, 13, 1.5],
					"children": [51, 52]
				},
				{
					"name": "group",
					"origin": [1.5, 13, 1.5],
					"children": [53, 54]
				}, 55, 56, 57, 58, 59, 60, 61, 62, 63, 64, 65, 66, 67, 68, 69, 70, 71, 72, 73, 74, 75, 76, 77, 78, 79, 80, 81, 82, 83, 84, 85, 86, 87]
		}
	]
}
