{
	"credit": "Made with Blockbench",
	"textures": {
		"0": "items/dye_powder_black",
		"1": "blocks/beacon",
		"particle": "items/dye_powder_black"
	},
	"elements": [
		{
			"from": [7, 0, 4],
			"to": [8, 1, 12],
			"rotation": {"angle": 0, "axis": "y", "origin": [15, 8, 12]},
			"faces": {
				"north": {"uv": [10.25, 15, 11.25, 15.75], "texture": "#0"},
				"east": {"uv": [10.25, 15, 11.25, 15.75], "texture": "#0"},
				"south": {"uv": [10.25, 15, 11.25, 15.75], "texture": "#0"},
				"west": {"uv": [10.25, 15, 11.25, 15.75], "texture": "#0"},
				"up": {"uv": [10.25, 15, 11.25, 15.75], "texture": "#0"},
				"down": {"uv": [10.25, 15, 11.25, 15.75], "texture": "#0"}
			}
		},
		{
			"from": [8, 0, 4],
			"to": [8.25, 1, 12],
			"rotation": {"angle": 0, "axis": "y", "origin": [16, 8, 12]},
			"faces": {
				"north": {"uv": [10.25, 15, 11.25, 15.75], "texture": "#0"},
				"east": {"uv": [10.25, 15, 11.25, 15.75], "texture": "#0"},
				"south": {"uv": [10.25, 15, 11.25, 15.75], "texture": "#0"},
				"west": {"uv": [10.25, 15, 11.25, 15.75], "texture": "#0"},
				"up": {"uv": [10.25, 15, 11.25, 15.75], "texture": "#0"},
				"down": {"uv": [10.25, 15, 11.25, 15.75], "texture": "#0"}
			}
		},
		{
			"from": [7, 19.97734, 4.02734],
			"to": [8, 20.97734, 12.02734],
			"rotation": {"angle": 0, "axis": "y", "origin": [15, 27.97734, 12.02734]},
			"faces": {
				"north": {"uv": [3.5, 1.5, 4.75, 2.75], "texture": "#0"},
				"east": {"uv": [3.5, 1.5, 4.75, 2.75], "texture": "#0"},
				"south": {"uv": [3.5, 1.5, 4.75, 2.75], "texture": "#0"},
				"west": {"uv": [3.5, 1.5, 4.75, 2.75], "texture": "#0"},
				"up": {"uv": [3.5, 1.5, 4.75, 2.75], "texture": "#0"},
				"down": {"uv": [3.5, 1.5, 4.75, 2.75], "texture": "#0"}
			}
		},
		{
			"from": [8, 19.97734, 4.02734],
			"to": [8.25, 20.97734, 12.02734],
			"rotation": {"angle": 0, "axis": "y", "origin": [16, 27.97734, 12.02734]},
			"faces": {
				"north": {"uv": [3.5, 1.5, 4.75, 2.75], "texture": "#0"},
				"east": {"uv": [3.5, 1.5, 4.75, 2.75], "texture": "#0"},
				"south": {"uv": [3.5, 1.5, 4.75, 2.75], "texture": "#0"},
				"west": {"uv": [3.5, 1.5, 4.75, 2.75], "texture": "#0"},
				"up": {"uv": [3.5, 1.5, 4.75, 2.75], "texture": "#0"},
				"down": {"uv": [3.5, 1.5, 4.75, 2.75], "texture": "#0"}
			}
		},
		{
			"from": [7, -3.28775, 5.52862],
			"to": [8, -2.28775, 6.52862],
			"rotation": {"angle": 22.5, "axis": "x", "origin": [15, 4.71225, 13.52862]},
			"faces": {
				"north": {"uv": [10.25, 15, 11.25, 15.75], "texture": "#0"},
				"east": {"uv": [10.25, 15, 11.25, 15.75], "texture": "#0"},
				"south": {"uv": [10.25, 15, 11.25, 15.75], "texture": "#0"},
				"west": {"uv": [10.25, 15, 11.25, 15.75], "texture": "#0"},
				"up": {"uv": [10.25, 15, 11.25, 15.75], "texture": "#0"},
				"down": {"uv": [10.25, 15, 11.25, 15.75], "texture": "#0"}
			}
		},
		{
			"from": [8, -3.28775, 5.52862],
			"to": [8.25, -2.28775, 6.52862],
			"rotation": {"angle": 22.5, "axis": "x", "origin": [16, 4.71225, 13.52862]},
			"faces": {
				"north": {"uv": [10.25, 15, 11.25, 15.75], "texture": "#0"},
				"east": {"uv": [10.25, 15, 11.25, 15.75], "texture": "#0"},
				"south": {"uv": [10.25, 15, 11.25, 15.75], "texture": "#0"},
				"west": {"uv": [10.25, 15, 11.25, 15.75], "texture": "#0"},
				"up": {"uv": [10.25, 15, 11.25, 15.75], "texture": "#0"},
				"down": {"uv": [10.25, 15, 11.25, 15.75], "texture": "#0"}
			}
		},
		{
			"from": [7, 23.26509, 5.55596],
			"to": [8, 24.26509, 6.55596],
			"rotation": {"angle": -22.5, "axis": "x", "origin": [15, 16.26509, 13.55596]},
			"faces": {
				"north": {"uv": [3.5, 1.5, 4.75, 2.75], "texture": "#0"},
				"east": {"uv": [3.5, 1.5, 4.75, 2.75], "texture": "#0"},
				"south": {"uv": [3.5, 1.5, 4.75, 2.75], "texture": "#0"},
				"west": {"uv": [3.5, 1.5, 4.75, 2.75], "texture": "#0"},
				"up": {"uv": [3.5, 1.5, 4.75, 2.75], "texture": "#0"},
				"down": {"uv": [3.5, 1.5, 4.75, 2.75], "texture": "#0"}
			}
		},
		{
			"from": [8, 23.26509, 5.55596],
			"to": [8.25, 24.26509, 6.55596],
			"rotation": {"angle": -22.5, "axis": "x", "origin": [16, 16.26509, 13.55596]},
			"faces": {
				"north": {"uv": [3.5, 1.5, 4.75, 2.75], "texture": "#0"},
				"east": {"uv": [3.5, 1.5, 4.75, 2.75], "texture": "#0"},
				"south": {"uv": [3.5, 1.5, 4.75, 2.75], "texture": "#0"},
				"west": {"uv": [3.5, 1.5, 4.75, 2.75], "texture": "#0"},
				"up": {"uv": [3.5, 1.5, 4.75, 2.75], "texture": "#0"},
				"down": {"uv": [3.5, 1.5, 4.75, 2.75], "texture": "#0"}
			}
		},
		{
			"from": [7, -3.28775, 9.47138],
			"to": [8, -2.28775, 10.47138],
			"rotation": {"angle": -22.5, "axis": "x", "origin": [15, 4.71225, 2.47138]},
			"faces": {
				"north": {"uv": [10.25, 15, 11.25, 15.75], "texture": "#0"},
				"east": {"uv": [10.25, 15, 11.25, 15.75], "texture": "#0"},
				"south": {"uv": [10.25, 15, 11.25, 15.75], "texture": "#0"},
				"west": {"uv": [10.25, 15, 11.25, 15.75], "texture": "#0"},
				"up": {"uv": [10.25, 15, 11.25, 15.75], "texture": "#0"},
				"down": {"uv": [10.25, 15, 11.25, 15.75], "texture": "#0"}
			}
		},
		{
			"from": [8, -3.28775, 9.47138],
			"to": [8.25, -2.28775, 10.47138],
			"rotation": {"angle": -22.5, "axis": "x", "origin": [16, 4.71225, 2.47138]},
			"faces": {
				"north": {"uv": [10.25, 15, 11.25, 15.75], "texture": "#0"},
				"east": {"uv": [10.25, 15, 11.25, 15.75], "texture": "#0"},
				"south": {"uv": [10.25, 15, 11.25, 15.75], "texture": "#0"},
				"west": {"uv": [10.25, 15, 11.25, 15.75], "texture": "#0"},
				"up": {"uv": [10.25, 15, 11.25, 15.75], "texture": "#0"},
				"down": {"uv": [10.25, 15, 11.25, 15.75], "texture": "#0"}
			}
		},
		{
			"from": [7, 23.28775, 9.47138],
			"to": [8, 24.28775, 10.47138],
			"rotation": {"angle": 22.5, "axis": "x", "origin": [15, 16.28775, 2.47138]},
			"faces": {
				"north": {"uv": [3.5, 1.5, 4.75, 2.75], "texture": "#0"},
				"east": {"uv": [3.5, 1.5, 4.75, 2.75], "texture": "#0"},
				"south": {"uv": [3.5, 1.5, 4.75, 2.75], "texture": "#0"},
				"west": {"uv": [3.5, 1.5, 4.75, 2.75], "texture": "#0"},
				"up": {"uv": [3.5, 1.5, 4.75, 2.75], "texture": "#0"},
				"down": {"uv": [3.5, 1.5, 4.75, 2.75], "texture": "#0"}
			}
		},
		{
			"from": [8, 23.26509, 9.49872],
			"to": [8.25, 24.26509, 10.49872],
			"rotation": {"angle": 22.5, "axis": "x", "origin": [16, 16.26509, 2.49872]},
			"faces": {
				"north": {"uv": [3.5, 1.5, 4.75, 2.75], "texture": "#0"},
				"east": {"uv": [3.5, 1.5, 4.75, 2.75], "texture": "#0"},
				"south": {"uv": [3.5, 1.5, 4.75, 2.75], "texture": "#0"},
				"west": {"uv": [3.5, 1.5, 4.75, 2.75], "texture": "#0"},
				"up": {"uv": [3.5, 1.5, 4.75, 2.75], "texture": "#0"},
				"down": {"uv": [3.5, 1.5, 4.75, 2.75], "texture": "#0"}
			}
		},
		{
			"from": [7, 4.6841, 4.43883],
			"to": [8, 5.6841, 5.43883],
			"rotation": {"angle": -22.5, "axis": "x", "origin": [15, -2.3159, 12.43883]},
			"faces": {
				"north": {"uv": [10.25, 15, 11.25, 15.75], "rotation": 270, "texture": "#0"},
				"east": {"uv": [10.25, 15, 11.25, 15.75], "rotation": 270, "texture": "#0"},
				"south": {"uv": [10.25, 15, 11.25, 15.75], "rotation": 270, "texture": "#0"},
				"west": {"uv": [10.25, 15, 11.25, 15.75], "rotation": 270, "texture": "#0"},
				"up": {"uv": [10.25, 15, 11.25, 15.75], "rotation": 270, "texture": "#0"},
				"down": {"uv": [10.25, 15, 11.25, 15.75], "rotation": 270, "texture": "#0"}
			}
		},
		{
			"from": [8, 4.6841, 4.43883],
			"to": [8.25, 5.6841, 5.43883],
			"rotation": {"angle": -22.5, "axis": "x", "origin": [16, -2.3159, 12.43883]},
			"faces": {
				"north": {"uv": [10.25, 15, 11.25, 15.75], "rotation": 270, "texture": "#0"},
				"east": {"uv": [10.25, 15, 11.25, 15.75], "rotation": 270, "texture": "#0"},
				"south": {"uv": [10.25, 15, 11.25, 15.75], "rotation": 270, "texture": "#0"},
				"west": {"uv": [10.25, 15, 11.25, 15.75], "rotation": 270, "texture": "#0"},
				"up": {"uv": [10.25, 15, 11.25, 15.75], "rotation": 270, "texture": "#0"},
				"down": {"uv": [10.25, 15, 11.25, 15.75], "rotation": 270, "texture": "#0"}
			}
		},
		{
			"from": [7, 15.29324, 4.46617],
			"to": [8, 16.29324, 5.46617],
			"rotation": {"angle": 22.5, "axis": "x", "origin": [15, 23.29324, 12.46617]},
			"faces": {
				"north": {"uv": [3.5, 1.5, 4.75, 2.75], "rotation": 270, "texture": "#0"},
				"east": {"uv": [3.5, 1.5, 4.75, 2.75], "rotation": 270, "texture": "#0"},
				"south": {"uv": [3.5, 1.5, 4.75, 2.75], "rotation": 270, "texture": "#0"},
				"west": {"uv": [3.5, 1.5, 4.75, 2.75], "rotation": 270, "texture": "#0"},
				"up": {"uv": [3.5, 1.5, 4.75, 2.75], "rotation": 270, "texture": "#0"},
				"down": {"uv": [3.5, 1.5, 4.75, 2.75], "rotation": 270, "texture": "#0"}
			}
		},
		{
			"from": [8, 15.29324, 4.46617],
			"to": [8.25, 16.29324, 5.46617],
			"rotation": {"angle": 22.5, "axis": "x", "origin": [16, 23.29324, 12.46617]},
			"faces": {
				"north": {"uv": [3.5, 1.5, 4.75, 2.75], "rotation": 270, "texture": "#0"},
				"east": {"uv": [3.5, 1.5, 4.75, 2.75], "rotation": 270, "texture": "#0"},
				"south": {"uv": [3.5, 1.5, 4.75, 2.75], "rotation": 270, "texture": "#0"},
				"west": {"uv": [3.5, 1.5, 4.75, 2.75], "rotation": 270, "texture": "#0"},
				"up": {"uv": [3.5, 1.5, 4.75, 2.75], "rotation": 270, "texture": "#0"},
				"down": {"uv": [3.5, 1.5, 4.75, 2.75], "rotation": 270, "texture": "#0"}
			}
		},
		{
			"from": [7, 4.6841, 10.56117],
			"to": [8, 5.6841, 11.56117],
			"rotation": {"angle": 22.5, "axis": "x", "origin": [15, -2.3159, 3.56117]},
			"faces": {
				"north": {"uv": [10.25, 15, 11.25, 15.75], "rotation": 270, "texture": "#0"},
				"east": {"uv": [10.25, 15, 11.25, 15.75], "rotation": 270, "texture": "#0"},
				"south": {"uv": [10.25, 15, 11.25, 15.75], "rotation": 270, "texture": "#0"},
				"west": {"uv": [10.25, 15, 11.25, 15.75], "rotation": 270, "texture": "#0"},
				"up": {"uv": [10.25, 15, 11.25, 15.75], "rotation": 270, "texture": "#0"},
				"down": {"uv": [10.25, 15, 11.25, 15.75], "rotation": 270, "texture": "#0"}
			}
		},
		{
			"from": [8, 4.6841, 10.56117],
			"to": [8.25, 5.6841, 11.56117],
			"rotation": {"angle": 22.5, "axis": "x", "origin": [16, -2.3159, 3.56117]},
			"faces": {
				"north": {"uv": [10.25, 15, 11.25, 15.75], "rotation": 270, "texture": "#0"},
				"east": {"uv": [10.25, 15, 11.25, 15.75], "rotation": 270, "texture": "#0"},
				"south": {"uv": [10.25, 15, 11.25, 15.75], "rotation": 270, "texture": "#0"},
				"west": {"uv": [10.25, 15, 11.25, 15.75], "rotation": 270, "texture": "#0"},
				"up": {"uv": [10.25, 15, 11.25, 15.75], "rotation": 270, "texture": "#0"},
				"down": {"uv": [10.25, 15, 11.25, 15.75], "rotation": 270, "texture": "#0"}
			}
		},
		{
			"from": [7, 15.29324, 10.58851],
			"to": [8, 16.29324, 11.58851],
			"rotation": {"angle": -22.5, "axis": "x", "origin": [15, 23.29324, 3.58851]},
			"faces": {
				"north": {"uv": [3.5, 1.5, 4.75, 2.75], "rotation": 270, "texture": "#0"},
				"east": {"uv": [3.5, 1.5, 4.75, 2.75], "rotation": 270, "texture": "#0"},
				"south": {"uv": [3.5, 1.5, 4.75, 2.75], "rotation": 270, "texture": "#0"},
				"west": {"uv": [3.5, 1.5, 4.75, 2.75], "rotation": 270, "texture": "#0"},
				"up": {"uv": [3.5, 1.5, 4.75, 2.75], "rotation": 270, "texture": "#0"},
				"down": {"uv": [3.5, 1.5, 4.75, 2.75], "rotation": 270, "texture": "#0"}
			}
		},
		{
			"from": [8, 15.29324, 10.58851],
			"to": [8.25, 16.29324, 11.58851],
			"rotation": {"angle": -22.5, "axis": "x", "origin": [16, 23.29324, 3.58851]},
			"faces": {
				"north": {"uv": [3.5, 1.5, 4.75, 2.75], "rotation": 270, "texture": "#0"},
				"east": {"uv": [3.5, 1.5, 4.75, 2.75], "rotation": 270, "texture": "#0"},
				"south": {"uv": [3.5, 1.5, 4.75, 2.75], "rotation": 270, "texture": "#0"},
				"west": {"uv": [3.5, 1.5, 4.75, 2.75], "rotation": 270, "texture": "#0"},
				"up": {"uv": [3.5, 1.5, 4.75, 2.75], "rotation": 270, "texture": "#0"},
				"down": {"uv": [3.5, 1.5, 4.75, 2.75], "rotation": 270, "texture": "#0"}
			}
		},
		{
			"from": [7, -6.91021, 5.68272],
			"to": [8, -5.91021, 6.68272],
			"rotation": {"angle": 45, "axis": "x", "origin": [15, 1.08979, 13.68272]},
			"faces": {
				"north": {"uv": [10.25, 15, 11.25, 15.75], "texture": "#0"},
				"east": {"uv": [10.25, 15, 11.25, 15.75], "texture": "#0"},
				"south": {"uv": [10.25, 15, 11.25, 15.75], "texture": "#0"},
				"west": {"uv": [10.25, 15, 11.25, 15.75], "texture": "#0"},
				"up": {"uv": [10.25, 15, 11.25, 15.75], "texture": "#0"},
				"down": {"uv": [10.25, 15, 11.25, 15.75], "texture": "#0"}
			}
		},
		{
			"from": [8, -6.91021, 5.68272],
			"to": [8.25, -5.91021, 6.68272],
			"rotation": {"angle": 45, "axis": "x", "origin": [16, 1.08979, 13.68272]},
			"faces": {
				"north": {"uv": [10.25, 15, 11.25, 15.75], "texture": "#0"},
				"east": {"uv": [10.25, 15, 11.25, 15.75], "texture": "#0"},
				"south": {"uv": [10.25, 15, 11.25, 15.75], "texture": "#0"},
				"west": {"uv": [10.25, 15, 11.25, 15.75], "texture": "#0"},
				"up": {"uv": [10.25, 15, 11.25, 15.75], "texture": "#0"},
				"down": {"uv": [10.25, 15, 11.25, 15.75], "texture": "#0"}
			}
		},
		{
			"from": [7, 26.88755, 5.71006],
			"to": [8, 27.88755, 6.71006],
			"rotation": {"angle": -45, "axis": "x", "origin": [15, 19.88755, 13.71006]},
			"faces": {
				"north": {"uv": [3.5, 1.5, 4.75, 2.75], "texture": "#0"},
				"east": {"uv": [3.5, 1.5, 4.75, 2.75], "texture": "#0"},
				"south": {"uv": [3.5, 1.5, 4.75, 2.75], "texture": "#0"},
				"west": {"uv": [3.5, 1.5, 4.75, 2.75], "texture": "#0"},
				"up": {"uv": [3.5, 1.5, 4.75, 2.75], "texture": "#0"},
				"down": {"uv": [3.5, 1.5, 4.75, 2.75], "texture": "#0"}
			}
		},
		{
			"from": [8, 26.88755, 5.71006],
			"to": [8.25, 27.88755, 6.71006],
			"rotation": {"angle": -45, "axis": "x", "origin": [16, 19.88755, 13.71006]},
			"faces": {
				"north": {"uv": [3.5, 1.5, 4.75, 2.75], "texture": "#0"},
				"east": {"uv": [3.5, 1.5, 4.75, 2.75], "texture": "#0"},
				"south": {"uv": [3.5, 1.5, 4.75, 2.75], "texture": "#0"},
				"west": {"uv": [3.5, 1.5, 4.75, 2.75], "texture": "#0"},
				"up": {"uv": [3.5, 1.5, 4.75, 2.75], "texture": "#0"},
				"down": {"uv": [3.5, 1.5, 4.75, 2.75], "texture": "#0"}
			}
		},
		{
			"from": [7, -6.91021, 9.31728],
			"to": [8, -5.91021, 10.31728],
			"rotation": {"angle": -45, "axis": "x", "origin": [15, 1.08979, 2.31728]},
			"faces": {
				"north": {"uv": [10.25, 15, 11.25, 15.75], "texture": "#0"},
				"east": {"uv": [10.25, 15, 11.25, 15.75], "texture": "#0"},
				"south": {"uv": [10.25, 15, 11.25, 15.75], "texture": "#0"},
				"west": {"uv": [10.25, 15, 11.25, 15.75], "texture": "#0"},
				"up": {"uv": [10.25, 15, 11.25, 15.75], "texture": "#0"},
				"down": {"uv": [10.25, 15, 11.25, 15.75], "texture": "#0"}
			}
		},
		{
			"from": [8, -6.91021, 9.31728],
			"to": [8.25, -5.91021, 10.31728],
			"rotation": {"angle": -45, "axis": "x", "origin": [16, 1.08979, 2.31728]},
			"faces": {
				"north": {"uv": [10.25, 15, 11.25, 15.75], "texture": "#0"},
				"east": {"uv": [10.25, 15, 11.25, 15.75], "texture": "#0"},
				"south": {"uv": [10.25, 15, 11.25, 15.75], "texture": "#0"},
				"west": {"uv": [10.25, 15, 11.25, 15.75], "texture": "#0"},
				"up": {"uv": [10.25, 15, 11.25, 15.75], "texture": "#0"},
				"down": {"uv": [10.25, 15, 11.25, 15.75], "texture": "#0"}
			}
		},
		{
			"from": [7, 26.88755, 9.34462],
			"to": [8, 27.88755, 10.34462],
			"rotation": {"angle": 45, "axis": "x", "origin": [15, 19.88755, 2.34462]},
			"faces": {
				"north": {"uv": [3.5, 1.5, 4.75, 2.75], "texture": "#0"},
				"east": {"uv": [3.5, 1.5, 4.75, 2.75], "texture": "#0"},
				"south": {"uv": [3.5, 1.5, 4.75, 2.75], "texture": "#0"},
				"west": {"uv": [3.5, 1.5, 4.75, 2.75], "texture": "#0"},
				"up": {"uv": [3.5, 1.5, 4.75, 2.75], "texture": "#0"},
				"down": {"uv": [3.5, 1.5, 4.75, 2.75], "texture": "#0"}
			}
		},
		{
			"from": [8, 26.88755, 9.34462],
			"to": [8.25, 27.88755, 10.34462],
			"rotation": {"angle": 45, "axis": "x", "origin": [16, 19.88755, 2.34462]},
			"faces": {
				"north": {"uv": [3.5, 1.5, 4.75, 2.75], "texture": "#0"},
				"east": {"uv": [3.5, 1.5, 4.75, 2.75], "texture": "#0"},
				"south": {"uv": [3.5, 1.5, 4.75, 2.75], "texture": "#0"},
				"west": {"uv": [3.5, 1.5, 4.75, 2.75], "texture": "#0"},
				"up": {"uv": [3.5, 1.5, 4.75, 2.75], "texture": "#0"},
				"down": {"uv": [3.5, 1.5, 4.75, 2.75], "texture": "#0"}
			}
		},
		{
			"from": [7, 2.01367, 1.98633],
			"to": [8, 3.01367, 2.98633],
			"rotation": {"angle": 0, "axis": "y", "origin": [15, 10.01367, 9.98633]},
			"faces": {
				"north": {"uv": [10.25, 15, 11.25, 15.75], "texture": "#0"},
				"east": {"uv": [10.25, 15, 11.25, 15.75], "texture": "#0"},
				"south": {"uv": [10.25, 15, 11.25, 15.75], "texture": "#0"},
				"west": {"uv": [10.25, 15, 11.25, 15.75], "texture": "#0"},
				"up": {"uv": [10.25, 15, 11.25, 15.75], "texture": "#0"},
				"down": {"uv": [10.25, 15, 11.25, 15.75], "texture": "#0"}
			}
		},
		{
			"from": [7, 3.01367, 1.98633],
			"to": [8, 5.01367, 2.98633],
			"rotation": {"angle": 0, "axis": "y", "origin": [15, 11.01367, 9.98633]},
			"faces": {
				"north": {"uv": [7, 12.25, 9.25, 12.75], "texture": "#0"},
				"east": {"uv": [7, 12.25, 9.25, 12.75], "texture": "#0"},
				"south": {"uv": [7, 12.25, 9.25, 12.75], "texture": "#0"},
				"west": {"uv": [7, 12.25, 9.25, 12.75], "texture": "#0"},
				"up": {"uv": [7, 12.25, 9.25, 12.75], "texture": "#0"},
				"down": {"uv": [7, 12.25, 9.25, 12.75], "texture": "#0"}
			}
		},
		{
			"from": [7, 5.26367, 2.01367],
			"to": [8, 18.96367, 3.01367],
			"rotation": {"angle": 0, "axis": "y", "origin": [15, 13.26367, 10.01367]},
			"faces": {
				"north": {"uv": [2.25, 1, 5.25, 3], "texture": "#0"},
				"east": {"uv": [2.25, 1, 5.25, 3], "texture": "#0"},
				"south": {"uv": [2.25, 1, 5.25, 3], "texture": "#0"},
				"west": {"uv": [2.25, 1, 5.25, 3], "texture": "#0"},
				"up": {"uv": [2.25, 1, 5.25, 3], "texture": "#0"},
				"down": {"uv": [2.25, 1, 5.25, 3], "texture": "#0"}
			}
		},
		{
			"from": [8, 2.01367, 1.98633],
			"to": [8.25, 3.01367, 2.98633],
			"rotation": {"angle": 0, "axis": "y", "origin": [16, 10.01367, 9.98633]},
			"faces": {
				"north": {"uv": [10.25, 15, 11.25, 15.75], "texture": "#0"},
				"east": {"uv": [10.25, 15, 11.25, 15.75], "texture": "#0"},
				"south": {"uv": [10.25, 15, 11.25, 15.75], "texture": "#0"},
				"west": {"uv": [10.25, 15, 11.25, 15.75], "texture": "#0"},
				"up": {"uv": [10.25, 15, 11.25, 15.75], "texture": "#0"},
				"down": {"uv": [10.25, 15, 11.25, 15.75], "texture": "#0"}
			}
		},
		{
			"from": [8, 3.01367, 1.98633],
			"to": [8.25, 5.01367, 2.98633],
			"rotation": {"angle": 0, "axis": "y", "origin": [16, 11.01367, 9.98633]},
			"faces": {
				"north": {"uv": [7, 12.25, 9.25, 12.75], "texture": "#0"},
				"east": {"uv": [7, 12.25, 9.25, 12.75], "texture": "#0"},
				"south": {"uv": [7, 12.25, 9.25, 12.75], "texture": "#0"},
				"west": {"uv": [7, 12.25, 9.25, 12.75], "texture": "#0"},
				"up": {"uv": [7, 12.25, 9.25, 12.75], "texture": "#0"},
				"down": {"uv": [7, 12.25, 9.25, 12.75], "texture": "#0"}
			}
		},
		{
			"from": [8, 5.26367, 2.01367],
			"to": [8.25, 18.96367, 3.01367],
			"rotation": {"angle": 0, "axis": "y", "origin": [16, 13.26367, 10.01367]},
			"faces": {
				"north": {"uv": [2.25, 1, 5.25, 3], "texture": "#0"},
				"east": {"uv": [2.25, 1, 5.25, 3], "texture": "#0"},
				"south": {"uv": [2.25, 1, 5.25, 3], "texture": "#0"},
				"west": {"uv": [2.25, 1, 5.25, 3], "texture": "#0"},
				"up": {"uv": [2.25, 1, 5.25, 3], "texture": "#0"},
				"down": {"uv": [2.25, 1, 5.25, 3], "texture": "#0"}
			}
		},
		{
			"from": [7, 2.01367, 13.01367],
			"to": [8, 3.01367, 14.01367],
			"rotation": {"angle": 0, "axis": "y", "origin": [15, 10.01367, 6.01367]},
			"faces": {
				"north": {"uv": [10.25, 15, 11.25, 15.75], "texture": "#0"},
				"east": {"uv": [10.25, 15, 11.25, 15.75], "texture": "#0"},
				"south": {"uv": [10.25, 15, 11.25, 15.75], "texture": "#0"},
				"west": {"uv": [10.25, 15, 11.25, 15.75], "texture": "#0"},
				"up": {"uv": [10.25, 15, 11.25, 15.75], "texture": "#0"},
				"down": {"uv": [10.25, 15, 11.25, 15.75], "texture": "#0"}
			}
		},
		{
			"from": [7, 3.01367, 13.01367],
			"to": [8, 5.01367, 14.01367],
			"rotation": {"angle": 0, "axis": "y", "origin": [15, 11.01367, 6.01367]},
			"faces": {
				"north": {"uv": [7, 12.25, 9.25, 12.75], "texture": "#0"},
				"east": {"uv": [7, 12.25, 9.25, 12.75], "texture": "#0"},
				"south": {"uv": [7, 12.25, 9.25, 12.75], "texture": "#0"},
				"west": {"uv": [7, 12.25, 9.25, 12.75], "texture": "#0"},
				"up": {"uv": [7, 12.25, 9.25, 12.75], "texture": "#0"},
				"down": {"uv": [7, 12.25, 9.25, 12.75], "texture": "#0"}
			}
		},
		{
			"from": [7, 5.26367, 13.04101],
			"to": [8, 18.96367, 14.04101],
			"rotation": {"angle": 0, "axis": "y", "origin": [15, 13.26367, 6.04101]},
			"faces": {
				"north": {"uv": [2.25, 1, 5.25, 3], "texture": "#0"},
				"east": {"uv": [2.25, 1, 5.25, 3], "texture": "#0"},
				"south": {"uv": [2.25, 1, 5.25, 3], "texture": "#0"},
				"west": {"uv": [2.25, 1, 5.25, 3], "texture": "#0"},
				"up": {"uv": [2.25, 1, 5.25, 3], "texture": "#0"},
				"down": {"uv": [2.25, 1, 5.25, 3], "texture": "#0"}
			}
		},
		{
			"from": [8, 2.01367, 13.01367],
			"to": [8.25, 3.01367, 14.01367],
			"rotation": {"angle": 0, "axis": "y", "origin": [16, 10.01367, 6.01367]},
			"faces": {
				"north": {"uv": [10.25, 15, 11.25, 15.75], "texture": "#0"},
				"east": {"uv": [10.25, 15, 11.25, 15.75], "texture": "#0"},
				"south": {"uv": [10.25, 15, 11.25, 15.75], "texture": "#0"},
				"west": {"uv": [10.25, 15, 11.25, 15.75], "texture": "#0"},
				"up": {"uv": [10.25, 15, 11.25, 15.75], "texture": "#0"},
				"down": {"uv": [10.25, 15, 11.25, 15.75], "texture": "#0"}
			}
		},
		{
			"from": [8, 3.01367, 13.01367],
			"to": [8.25, 5.01367, 14.01367],
			"rotation": {"angle": 0, "axis": "y", "origin": [16, 11.01367, 6.01367]},
			"faces": {
				"north": {"uv": [7, 12.25, 9.25, 12.75], "texture": "#0"},
				"east": {"uv": [7, 12.25, 9.25, 12.75], "texture": "#0"},
				"south": {"uv": [7, 12.25, 9.25, 12.75], "texture": "#0"},
				"west": {"uv": [7, 12.25, 9.25, 12.75], "texture": "#0"},
				"up": {"uv": [7, 12.25, 9.25, 12.75], "texture": "#0"},
				"down": {"uv": [7, 12.25, 9.25, 12.75], "texture": "#0"}
			}
		},
		{
			"from": [8, 5.26367, 13.04101],
			"to": [8.25, 18.96367, 14.04101],
			"rotation": {"angle": 0, "axis": "y", "origin": [16, 13.26367, 6.04101]},
			"faces": {
				"north": {"uv": [2.25, 1, 5.25, 3], "texture": "#0"},
				"east": {"uv": [2.25, 1, 5.25, 3], "texture": "#0"},
				"south": {"uv": [2.25, 1, 5.25, 3], "texture": "#0"},
				"west": {"uv": [2.25, 1, 5.25, 3], "texture": "#0"},
				"up": {"uv": [2.25, 1, 5.25, 3], "texture": "#0"},
				"down": {"uv": [2.25, 1, 5.25, 3], "texture": "#0"}
			}
		},
		{
			"from": [7.02, 1, 3],
			"to": [7.27, 3, 13],
			"rotation": {"angle": 0, "axis": "y", "origin": [15.25, 9, 11]},
			"faces": {
				"north": {"uv": [10.25, 15, 11.25, 15.75], "texture": "#0"},
				"east": {"uv": [10.25, 15, 11.25, 15.75], "texture": "#0"},
				"south": {"uv": [10.25, 15, 11.25, 15.75], "texture": "#0"},
				"west": {"uv": [10.25, 15, 11.25, 15.75], "texture": "#0"},
				"up": {"uv": [10.25, 15, 11.25, 15.75], "texture": "#0"},
				"down": {"uv": [10.25, 15, 11.25, 15.75], "texture": "#0"}
			}
		},
		{
			"from": [7.02, 3, 3],
			"to": [7.27, 5, 13],
			"rotation": {"angle": 0, "axis": "y", "origin": [15.25, 11, 11]},
			"faces": {
				"north": {"uv": [7, 12.25, 9.25, 12.75], "texture": "#0"},
				"east": {"uv": [7, 12.25, 9.25, 12.75], "texture": "#0"},
				"south": {"uv": [7, 12.25, 9.25, 12.75], "texture": "#0"},
				"west": {"uv": [7, 12.25, 9.25, 12.75], "texture": "#0"},
				"up": {"uv": [7, 12.25, 9.25, 12.75], "texture": "#0"},
				"down": {"uv": [7, 12.25, 9.25, 12.75], "texture": "#0"}
			}
		},
		{
			"from": [7.02, 5, 3],
			"to": [7.27, 19, 13],
			"rotation": {"angle": 0, "axis": "y", "origin": [15.25, 13, 11]},
			"faces": {
				"north": {"uv": [1, 1, 14, 15], "texture": "#1"},
				"east": {"uv": [1, 1, 14, 15], "texture": "#1"},
				"south": {"uv": [1, 1, 14, 15], "texture": "#1"},
				"west": {"uv": [1, 1, 14, 15], "texture": "#1"},
				"up": {"uv": [1, 1, 14, 15], "texture": "#1"},
				"down": {"uv": [1, 1, 14, 15], "texture": "#1"}
			}
		},
		{
			"from": [7.02, 19, 3],
			"to": [7.27, 20, 13],
			"rotation": {"angle": 0, "axis": "y", "origin": [15.25, 13, 11]},
			"faces": {
				"north": {"uv": [3, 1.25, 5.25, 3.25], "texture": "#0"},
				"east": {"uv": [3, 1.25, 5.25, 3.25], "texture": "#0"},
				"south": {"uv": [3, 1.25, 5.25, 3.25], "texture": "#0"},
				"west": {"uv": [3, 1.25, 5.25, 3.25], "texture": "#0"},
				"up": {"uv": [3, 1.25, 5.25, 3.25], "texture": "#0"},
				"down": {"uv": [3, 1.25, 5.25, 3.25], "texture": "#0"}
			}
		},
		{
			"from": [7, 5.01367, 2.01367],
			"to": [8.25, 5.56367, 14.01367],
			"rotation": {"angle": 0, "axis": "y", "origin": [15, -2.96633, 11.01367]},
			"faces": {
				"north": {"uv": [2.25, 1, 5.25, 3], "rotation": 90, "texture": "#0"},
				"east": {"uv": [2.25, 1, 5.25, 3], "rotation": 90, "texture": "#0"},
				"south": {"uv": [2.25, 1, 5.25, 3], "rotation": 90, "texture": "#0"},
				"west": {"uv": [2.25, 1, 5.25, 3], "rotation": 90, "texture": "#0"},
				"up": {"uv": [2.25, 1, 5.25, 3], "rotation": 90, "texture": "#0"},
				"down": {"uv": [2.25, 1, 5.25, 3], "rotation": 90, "texture": "#0"}
			}
		},
		{
			"from": [7.98, 1, 3],
			"to": [8.23, 3, 13],
			"rotation": {"angle": 0, "axis": "y", "origin": [15.9, 9, 11]},
			"faces": {
				"north": {"uv": [10.25, 15, 11.25, 15.75], "texture": "#0"},
				"east": {"uv": [10.25, 15, 11.25, 15.75], "texture": "#0"},
				"south": {"uv": [10.25, 15, 11.25, 15.75], "texture": "#0"},
				"west": {"uv": [10.25, 15, 11.25, 15.75], "texture": "#0"},
				"up": {"uv": [10.25, 15, 11.25, 15.75], "texture": "#0"},
				"down": {"uv": [10.25, 15, 11.25, 15.75], "texture": "#0"}
			}
		},
		{
			"from": [7.98, 3, 3],
			"to": [8.23, 5, 13],
			"rotation": {"angle": 0, "axis": "y", "origin": [15.9, 11, 11]},
			"faces": {
				"north": {"uv": [7, 12.25, 9.25, 12.75], "texture": "#0"},
				"east": {"uv": [7, 12.25, 9.25, 12.75], "texture": "#0"},
				"south": {"uv": [7, 12.25, 9.25, 12.75], "texture": "#0"},
				"west": {"uv": [7, 12.25, 9.25, 12.75], "texture": "#0"},
				"up": {"uv": [7, 12.25, 9.25, 12.75], "texture": "#0"},
				"down": {"uv": [7, 12.25, 9.25, 12.75], "texture": "#0"}
			}
		},
		{
			"from": [7.98, 5, 3],
			"to": [8.23, 20, 13],
			"rotation": {"angle": 0, "axis": "y", "origin": [15.9, 13, 11]},
			"faces": {
				"north": {"uv": [2.5, 2, 4.5, 2.75], "texture": "#0"},
				"east": {"uv": [2.5, 2, 4.5, 2.75], "texture": "#0"},
				"south": {"uv": [2.5, 2, 4.5, 2.75], "texture": "#0"},
				"west": {"uv": [2.5, 2, 4.5, 2.75], "texture": "#0"},
				"up": {"uv": [2.5, 2, 4.5, 2.75], "texture": "#0"},
				"down": {"uv": [2.5, 2, 4.5, 2.75], "texture": "#0"}
			}
		},
		{
			"name": "hexadecagon",
			"from": [6.975, 2.50109, 7],
			"to": [7.025, 2.89891, 9],
			"rotation": {"angle": -45, "axis": "x", "origin": [7, 2.7, 8]},
			"faces": {
				"north": {"uv": [0, 0, 1, 1], "texture": "#0"},
				"east": {"uv": [0, 0, 1, 1], "texture": "#0"},
				"south": {"uv": [0, 0, 1, 1], "texture": "#0"},
				"west": {"uv": [3, 1.5, 5.5, 2.5], "texture": "#0"},
				"up": {"uv": [0, 0, 1, 1], "texture": "#0"},
				"down": {"uv": [0, 0, 1, 1], "texture": "#0"}
			}
		},
		{
			"name": "hexadecagon",
			"from": [6.975, 2.50109, 7],
			"to": [7.025, 2.89891, 9],
			"rotation": {"angle": -22.5, "axis": "x", "origin": [7, 2.7, 8]},
			"faces": {
				"north": {"uv": [0, 0, 1, 1], "texture": "#0"},
				"east": {"uv": [0, 0, 1, 1], "texture": "#0"},
				"south": {"uv": [0, 0, 1, 1], "texture": "#0"},
				"west": {"uv": [3, 1.5, 5.5, 2.5], "texture": "#0"},
				"up": {"uv": [0, 0, 1, 1], "texture": "#0"},
				"down": {"uv": [0, 0, 1, 1], "texture": "#0"}
			}
		},
		{
			"name": "hexadecagon",
			"from": [6.975, 2.50109, 7],
			"to": [7.025, 2.89891, 9],
			"rotation": {"angle": 0, "axis": "y", "origin": [7, 2.7, 8]},
			"faces": {
				"north": {"uv": [0, 0, 1, 1], "texture": "#0"},
				"east": {"uv": [0, 0, 1, 1], "texture": "#0"},
				"south": {"uv": [0, 0, 1, 1], "texture": "#0"},
				"west": {"uv": [3, 1.5, 5.5, 2.5], "texture": "#0"},
				"up": {"uv": [0, 0, 1, 1], "texture": "#0"},
				"down": {"uv": [0, 0, 1, 1], "texture": "#0"}
			}
		},
		{
			"name": "hexadecagon",
			"from": [6.975, 2.50109, 7],
			"to": [7.025, 2.89891, 9],
			"rotation": {"angle": 22.5, "axis": "x", "origin": [7, 2.7, 8]},
			"faces": {
				"north": {"uv": [0, 0, 1, 1], "texture": "#0"},
				"east": {"uv": [0, 0, 1, 1], "texture": "#0"},
				"south": {"uv": [0, 0, 1, 1], "texture": "#0"},
				"west": {"uv": [3, 1.5, 5.5, 2.5], "texture": "#0"},
				"up": {"uv": [0, 0, 1, 1], "texture": "#0"},
				"down": {"uv": [0, 0, 1, 1], "texture": "#0"}
			}
		},
		{
			"name": "hexadecagon",
			"from": [6.975, 2.50109, 7],
			"to": [7.025, 2.89891, 9],
			"rotation": {"angle": 45, "axis": "x", "origin": [7, 2.7, 8]},
			"faces": {
				"north": {"uv": [0, 0, 1, 1], "texture": "#0"},
				"east": {"uv": [0, 0, 1, 1], "texture": "#0"},
				"south": {"uv": [0, 0, 1, 1], "texture": "#0"},
				"west": {"uv": [3, 1.5, 5.5, 2.5], "texture": "#0"},
				"up": {"uv": [0, 0, 1, 1], "texture": "#0"},
				"down": {"uv": [0, 0, 1, 1], "texture": "#0"}
			}
		},
		{
			"name": "hexadecagon",
			"from": [6.975, 1.7, 7.80109],
			"to": [7.025, 3.7, 8.19891],
			"rotation": {"angle": -22.5, "axis": "x", "origin": [7, 2.7, 8]},
			"faces": {
				"north": {"uv": [0, 0, 1, 1], "texture": "#0"},
				"east": {"uv": [0, 0, 1, 1], "texture": "#0"},
				"south": {"uv": [0, 0, 1, 1], "texture": "#0"},
				"west": {"uv": [3, 1.5, 5.5, 2.5], "texture": "#0"},
				"up": {"uv": [0, 0, 1, 1], "texture": "#0"},
				"down": {"uv": [0, 0, 1, 1], "texture": "#0"}
			}
		},
		{
			"name": "hexadecagon",
			"from": [6.975, 1.7, 7.80109],
			"to": [7.025, 3.7, 8.19891],
			"rotation": {"angle": 0, "axis": "y", "origin": [7, 2.7, 8]},
			"faces": {
				"north": {"uv": [0, 0, 1, 1], "texture": "#0"},
				"east": {"uv": [0, 0, 1, 1], "texture": "#0"},
				"south": {"uv": [0, 0, 1, 1], "texture": "#0"},
				"west": {"uv": [3, 1.5, 5.5, 2.5], "texture": "#0"},
				"up": {"uv": [0, 0, 1, 1], "texture": "#0"},
				"down": {"uv": [0, 0, 1, 1], "texture": "#0"}
			}
		},
		{
			"name": "hexadecagon",
			"from": [6.975, 1.7, 7.80109],
			"to": [7.025, 3.7, 8.19891],
			"rotation": {"angle": 22.5, "axis": "x", "origin": [7, 2.7, 8]},
			"faces": {
				"north": {"uv": [0, 0, 1, 1], "texture": "#0"},
				"east": {"uv": [0, 0, 1, 1], "texture": "#0"},
				"south": {"uv": [0, 0, 1, 1], "texture": "#0"},
				"west": {"uv": [3, 1.5, 5.5, 2.5], "texture": "#0"},
				"up": {"uv": [0, 0, 1, 1], "texture": "#0"},
				"down": {"uv": [0, 0, 1, 1], "texture": "#0"}
			}
		},
		{
			"name": "hexadecagon",
			"from": [6.975, 3.50054, 8.5],
			"to": [7.025, 3.69946, 9.5],
			"rotation": {"angle": -45, "axis": "x", "origin": [7, 3.6, 9]},
			"faces": {
				"north": {"uv": [4.75, 1.5, 3, 3.5], "texture": "#0"},
				"east": {"uv": [4.75, 1.5, 3, 3.5], "texture": "#0"},
				"south": {"uv": [4.75, 1.5, 3, 3.5], "texture": "#0"},
				"west": {"uv": [4.75, 1.5, 3, 3.5], "texture": "#0"},
				"up": {"uv": [4.75, 1.5, 3, 3.5], "texture": "#0"},
				"down": {"uv": [4.75, 1.5, 3, 3.5], "texture": "#0"}
			}
		},
		{
			"name": "hexadecagon",
			"from": [6.975, 3.50054, 8.5],
			"to": [7.025, 3.69946, 9.5],
			"rotation": {"angle": -22.5, "axis": "x", "origin": [7, 3.6, 9]},
			"faces": {
				"north": {"uv": [4.75, 1.5, 3, 3.5], "texture": "#0"},
				"east": {"uv": [4.75, 1.5, 3, 3.5], "texture": "#0"},
				"south": {"uv": [4.75, 1.5, 3, 3.5], "texture": "#0"},
				"west": {"uv": [4.75, 1.5, 3, 3.5], "texture": "#0"},
				"up": {"uv": [4.75, 1.5, 3, 3.5], "texture": "#0"},
				"down": {"uv": [4.75, 1.5, 3, 3.5], "texture": "#0"}
			}
		},
		{
			"name": "hexadecagon",
			"from": [6.975, 3.50054, 8.5],
			"to": [7.025, 3.69946, 9.5],
			"rotation": {"angle": 0, "axis": "y", "origin": [7, 3.6, 9]},
			"faces": {
				"north": {"uv": [4.75, 1.5, 3, 3.5], "texture": "#0"},
				"east": {"uv": [4.75, 1.5, 3, 3.5], "texture": "#0"},
				"south": {"uv": [4.75, 1.5, 3, 3.5], "texture": "#0"},
				"west": {"uv": [4.75, 1.5, 3, 3.5], "texture": "#0"},
				"up": {"uv": [4.75, 1.5, 3, 3.5], "texture": "#0"},
				"down": {"uv": [4.75, 1.5, 3, 3.5], "texture": "#0"}
			}
		},
		{
			"name": "hexadecagon",
			"from": [6.975, 3.50054, 8.5],
			"to": [7.025, 3.69946, 9.5],
			"rotation": {"angle": 22.5, "axis": "x", "origin": [7, 3.6, 9]},
			"faces": {
				"north": {"uv": [4.75, 1.5, 3, 3.5], "texture": "#0"},
				"east": {"uv": [4.75, 1.5, 3, 3.5], "texture": "#0"},
				"south": {"uv": [4.75, 1.5, 3, 3.5], "texture": "#0"},
				"west": {"uv": [4.75, 1.5, 3, 3.5], "texture": "#0"},
				"up": {"uv": [4.75, 1.5, 3, 3.5], "texture": "#0"},
				"down": {"uv": [4.75, 1.5, 3, 3.5], "texture": "#0"}
			}
		},
		{
			"name": "hexadecagon",
			"from": [6.975, 3.50054, 8.5],
			"to": [7.025, 3.69946, 9.5],
			"rotation": {"angle": 45, "axis": "x", "origin": [7, 3.6, 9]},
			"faces": {
				"north": {"uv": [4.75, 1.5, 3, 3.5], "texture": "#0"},
				"east": {"uv": [4.75, 1.5, 3, 3.5], "texture": "#0"},
				"south": {"uv": [4.75, 1.5, 3, 3.5], "texture": "#0"},
				"west": {"uv": [4.75, 1.5, 3, 3.5], "texture": "#0"},
				"up": {"uv": [4.75, 1.5, 3, 3.5], "texture": "#0"},
				"down": {"uv": [4.75, 1.5, 3, 3.5], "texture": "#0"}
			}
		},
		{
			"name": "hexadecagon",
			"from": [6.975, 3.1, 8.90054],
			"to": [7.025, 4.1, 9.09946],
			"rotation": {"angle": -22.5, "axis": "x", "origin": [7, 3.6, 9]},
			"faces": {
				"north": {"uv": [4.75, 1.5, 3, 3.5], "texture": "#0"},
				"east": {"uv": [4.75, 1.5, 3, 3.5], "texture": "#0"},
				"south": {"uv": [4.75, 1.5, 3, 3.5], "texture": "#0"},
				"west": {"uv": [4.75, 1.5, 3, 3.5], "texture": "#0"},
				"up": {"uv": [4.75, 1.5, 3, 3.5], "texture": "#0"},
				"down": {"uv": [4.75, 1.5, 3, 3.5], "texture": "#0"}
			}
		},
		{
			"name": "hexadecagon",
			"from": [6.975, 3.1, 8.90054],
			"to": [7.025, 4.1, 9.09946],
			"rotation": {"angle": 0, "axis": "y", "origin": [7, 3.6, 9]},
			"faces": {
				"north": {"uv": [4.75, 1.5, 3, 3.5], "texture": "#0"},
				"east": {"uv": [4.75, 1.5, 3, 3.5], "texture": "#0"},
				"south": {"uv": [4.75, 1.5, 3, 3.5], "texture": "#0"},
				"west": {"uv": [4.75, 1.5, 3, 3.5], "texture": "#0"},
				"up": {"uv": [4.75, 1.5, 3, 3.5], "texture": "#0"},
				"down": {"uv": [4.75, 1.5, 3, 3.5], "texture": "#0"}
			}
		},
		{
			"name": "hexadecagon",
			"from": [6.975, 3.1, 8.90054],
			"to": [7.025, 4.1, 9.09946],
			"rotation": {"angle": 22.5, "axis": "x", "origin": [7, 3.6, 9]},
			"faces": {
				"north": {"uv": [4.75, 1.5, 3, 3.5], "texture": "#0"},
				"east": {"uv": [4.75, 1.5, 3, 3.5], "texture": "#0"},
				"south": {"uv": [4.75, 1.5, 3, 3.5], "texture": "#0"},
				"west": {"uv": [4.75, 1.5, 3, 3.5], "texture": "#0"},
				"up": {"uv": [4.75, 1.5, 3, 3.5], "texture": "#0"},
				"down": {"uv": [4.75, 1.5, 3, 3.5], "texture": "#0"}
			}
		},
		{
			"name": "hexadecagon",
			"from": [6.975, 3.50054, 6.5],
			"to": [7.025, 3.69946, 7.5],
			"rotation": {"angle": 45, "axis": "x", "origin": [7, 3.6, 7]},
			"faces": {
				"north": {"uv": [4.75, 1.5, 3, 3.5], "texture": "#0"},
				"east": {"uv": [4.75, 1.5, 3, 3.5], "texture": "#0"},
				"south": {"uv": [4.75, 1.5, 3, 3.5], "texture": "#0"},
				"west": {"uv": [4.75, 1.5, 3, 3.5], "texture": "#0"},
				"up": {"uv": [4.75, 1.5, 3, 3.5], "texture": "#0"},
				"down": {"uv": [4.75, 1.5, 3, 3.5], "texture": "#0"}
			}
		},
		{
			"name": "hexadecagon",
			"from": [6.975, 3.50054, 6.5],
			"to": [7.025, 3.69946, 7.5],
			"rotation": {"angle": 22.5, "axis": "x", "origin": [7, 3.6, 7]},
			"faces": {
				"north": {"uv": [4.75, 1.5, 3, 3.5], "texture": "#0"},
				"east": {"uv": [4.75, 1.5, 3, 3.5], "texture": "#0"},
				"south": {"uv": [4.75, 1.5, 3, 3.5], "texture": "#0"},
				"west": {"uv": [4.75, 1.5, 3, 3.5], "texture": "#0"},
				"up": {"uv": [4.75, 1.5, 3, 3.5], "texture": "#0"},
				"down": {"uv": [4.75, 1.5, 3, 3.5], "texture": "#0"}
			}
		},
		{
			"name": "hexadecagon",
			"from": [6.975, 3.50054, 6.5],
			"to": [7.025, 3.69946, 7.5],
			"rotation": {"angle": 0, "axis": "y", "origin": [7, 3.6, 7]},
			"faces": {
				"north": {"uv": [4.75, 1.5, 3, 3.5], "texture": "#0"},
				"east": {"uv": [4.75, 1.5, 3, 3.5], "texture": "#0"},
				"south": {"uv": [4.75, 1.5, 3, 3.5], "texture": "#0"},
				"west": {"uv": [4.75, 1.5, 3, 3.5], "texture": "#0"},
				"up": {"uv": [4.75, 1.5, 3, 3.5], "texture": "#0"},
				"down": {"uv": [4.75, 1.5, 3, 3.5], "texture": "#0"}
			}
		},
		{
			"name": "hexadecagon",
			"from": [6.975, 3.50054, 6.5],
			"to": [7.025, 3.69946, 7.5],
			"rotation": {"angle": -22.5, "axis": "x", "origin": [7, 3.6, 7]},
			"faces": {
				"north": {"uv": [4.75, 1.5, 3, 3.5], "texture": "#0"},
				"east": {"uv": [4.75, 1.5, 3, 3.5], "texture": "#0"},
				"south": {"uv": [4.75, 1.5, 3, 3.5], "texture": "#0"},
				"west": {"uv": [4.75, 1.5, 3, 3.5], "texture": "#0"},
				"up": {"uv": [4.75, 1.5, 3, 3.5], "texture": "#0"},
				"down": {"uv": [4.75, 1.5, 3, 3.5], "texture": "#0"}
			}
		},
		{
			"name": "hexadecagon",
			"from": [6.975, 3.50054, 6.5],
			"to": [7.025, 3.69946, 7.5],
			"rotation": {"angle": -45, "axis": "x", "origin": [7, 3.6, 7]},
			"faces": {
				"north": {"uv": [4.75, 1.5, 3, 3.5], "texture": "#0"},
				"east": {"uv": [4.75, 1.5, 3, 3.5], "texture": "#0"},
				"south": {"uv": [4.75, 1.5, 3, 3.5], "texture": "#0"},
				"west": {"uv": [4.75, 1.5, 3, 3.5], "texture": "#0"},
				"up": {"uv": [4.75, 1.5, 3, 3.5], "texture": "#0"},
				"down": {"uv": [4.75, 1.5, 3, 3.5], "texture": "#0"}
			}
		},
		{
			"name": "hexadecagon",
			"from": [6.975, 3.1, 6.90054],
			"to": [7.025, 4.1, 7.09946],
			"rotation": {"angle": 22.5, "axis": "x", "origin": [7, 3.6, 7]},
			"faces": {
				"north": {"uv": [4.75, 1.5, 3, 3.5], "texture": "#0"},
				"east": {"uv": [4.75, 1.5, 3, 3.5], "texture": "#0"},
				"south": {"uv": [4.75, 1.5, 3, 3.5], "texture": "#0"},
				"west": {"uv": [4.75, 1.5, 3, 3.5], "texture": "#0"},
				"up": {"uv": [4.75, 1.5, 3, 3.5], "texture": "#0"},
				"down": {"uv": [4.75, 1.5, 3, 3.5], "texture": "#0"}
			}
		},
		{
			"name": "hexadecagon",
			"from": [6.975, 3.1, 6.90054],
			"to": [7.025, 4.1, 7.09946],
			"rotation": {"angle": 0, "axis": "y", "origin": [7, 3.6, 7]},
			"faces": {
				"north": {"uv": [4.75, 1.5, 3, 3.5], "texture": "#0"},
				"east": {"uv": [4.75, 1.5, 3, 3.5], "texture": "#0"},
				"south": {"uv": [4.75, 1.5, 3, 3.5], "texture": "#0"},
				"west": {"uv": [4.75, 1.5, 3, 3.5], "texture": "#0"},
				"up": {"uv": [4.75, 1.5, 3, 3.5], "texture": "#0"},
				"down": {"uv": [4.75, 1.5, 3, 3.5], "texture": "#0"}
			}
		},
		{
			"name": "hexadecagon",
			"from": [6.975, 3.1, 6.90054],
			"to": [7.025, 4.1, 7.09946],
			"rotation": {"angle": -22.5, "axis": "x", "origin": [7, 3.6, 7]},
			"faces": {
				"north": {"uv": [4.75, 1.5, 3, 3.5], "texture": "#0"},
				"east": {"uv": [4.75, 1.5, 3, 3.5], "texture": "#0"},
				"south": {"uv": [4.75, 1.5, 3, 3.5], "texture": "#0"},
				"west": {"uv": [4.75, 1.5, 3, 3.5], "texture": "#0"},
				"up": {"uv": [4.75, 1.5, 3, 3.5], "texture": "#0"},
				"down": {"uv": [4.75, 1.5, 3, 3.5], "texture": "#0"}
			}
		}
	],
	"display": {
		"thirdperson_righthand": {
			"rotation": [37, -32, 0],
			"translation": [0, 0.1, -0.5],
			"scale": [0.3, 0.3, 0.3]
		},
		"thirdperson_lefthand": {
			"rotation": [37, 125, 0],
			"translation": [0, 0.1, -0.5],
			"scale": [0.3, 0.3, 0.3]
		},
		"firstperson_righthand": {
			"rotation": [-14, 32, 0],
			"translation": [1.5, 3.75, 0],
			"scale": [0.63, 0.58, 0.6]
		},
		"firstperson_lefthand": {
			"rotation": [-14, -175, 0],
			"translation": [1.5, 3.75, 0],
			"scale": [0.63, 0.58, 0.6]
		},
		"gui": {
			"rotation": [-19, 119, 0],
			"translation": [0, -1, 0],
			"scale": [0.64, 0.64, 0.61]
		},
		"fixed": {
			"rotation": [0, -90, 0],
			"translation": [0, -1, 0],
			"scale": [0.64, 0.64, 0.61]
		}
	},
	"groups": [0, 1, 2, 3, 4, 5, 6, 7, 8, 9, 10, 11, 12, 13, 14, 15, 16, 17, 18, 19, 20, 21, 22, 23, 24, 25, 26, 27, 28, 29, 30, 31, 32, 33, 34, 35, 36, 37, 38, 39, 40, 41, 42, 43, 44, 45, 46, 47,
		{
			"name": "hexadecagon",
			"origin": [8, 8, 8],
			"children": [48, 49, 50, 51, 52, 53, 54, 55]
		},
		{
			"name": "hexadecagon",
			"origin": [8, 8, 8],
			"children": [56, 57, 58, 59, 60, 61, 62, 63]
		},
		{
			"name": "hexadecagon",
			"origin": [8, 8, 8],
			"children": [64, 65, 66, 67, 68, 69, 70, 71]
		}
	]
}
