{
	"credit": "Made with Blockbench",
	"texture_size": [8, 8],
	"textures": {
		"0": "custom/porghead",
		"1": "custom/porg_body",
		"3": "custom/foots",
		"particle": "custom/porghead"
	},
	"elements": [
		{
			"from": [9, 7, 6],
			"to": [14, 12, 10],
			"rotation": {"angle": 0, "axis": "y", "origin": [11.5, 8.5, 8]},
			"faces": {
				"north": {"uv": [0, 0, 5, 5], "texture": "#1"},
				"east": {"uv": [5, 5, 9, 10], "texture": "#1"},
				"south": {"uv": [0, 5, 5, 10], "texture": "#1"},
				"west": {"uv": [5, 0, 9, 5], "texture": "#1"},
				"up": {"uv": [5.5, 8.5, 0.5, 4.5], "rotation": 180, "texture": "#1"},
				"down": {"uv": [14, 0, 9, 4], "texture": "#1"}
			}
		},
		{
			"from": [9.45, 12, 6.36],
			"to": [13.55, 15.28, 9.64],
			"rotation": {"angle": 0, "axis": "y", "origin": [11.5, 12, 8]},
			"faces": {
				"north": {"uv": [0, 0, 4, 3], "texture": "#0"},
				"east": {"uv": [0, 6, 3, 9], "texture": "#0"},
				"south": {"uv": [0, 3, 4, 6], "texture": "#0"},
				"west": {"uv": [3, 7, 6, 10], "texture": "#0"},
				"up": {"uv": [8, 7, 4, 4], "texture": "#0"},
				"down": {"uv": [8, 0, 4, 3], "texture": "#0"}
			}
		},
		{
			"from": [9, 7.5, 7],
			"to": [9.5, 11.5, 9],
			"rotation": {"angle": -22.5, "axis": "z", "origin": [9.5, 12, 8]},
			"faces": {
				"north": {"uv": [2, 5, 3, 10], "texture": "#1"},
				"east": {"uv": [2, 5, 4.5, 10], "texture": "#1"},
				"south": {"uv": [2, 5, 3, 10], "texture": "#1"},
				"west": {"uv": [2, 5, 4.5, 10], "texture": "#1"},
				"up": {"uv": [2, 5.5, 6, 6], "rotation": 90, "texture": "#1"},
				"down": {"uv": [1, 5, 5, 5.5], "rotation": 90, "texture": "#1"}
			}
		},
		{
			"from": [13.5, 7.5, 7],
			"to": [14, 11.5, 9],
			"rotation": {"angle": 22.5, "axis": "z", "origin": [13.5, 12, 8]},
			"faces": {
				"north": {"uv": [3, 5, 2, 10], "texture": "#1"},
				"east": {"uv": [4.5, 5, 2, 10], "texture": "#1"},
				"south": {"uv": [3, 5, 2, 10], "texture": "#1"},
				"west": {"uv": [4.5, 5, 2, 10], "texture": "#1"},
				"up": {"uv": [2, 6, 6, 5.5], "rotation": 90, "texture": "#1"},
				"down": {"uv": [1, 5.5, 5, 5], "rotation": 90, "texture": "#1"}
			}
		},
		{
			"from": [10.14, 5, 6.84],
			"to": [10.86, 5, 9],
			"rotation": {"angle": 22.5, "axis": "y", "origin": [10.5, 4, 9]},
			"faces": {
				"north": {"uv": [0, 0, 2, 0], "texture": "#3"},
				"east": {"uv": [0, 0, 6, 0], "texture": "#3"},
				"south": {"uv": [0, 0, 2, 0], "texture": "#3"},
				"west": {"uv": [0, 0, 6, 0], "texture": "#3"},
				"up": {"uv": [0, 0, 2, 6], "texture": "#3"},
				"down": {"uv": [0, 0, 2, 6], "texture": "#3"}
			}
		},
		{
			"from": [10.14, 5, 6.84],
			"to": [10.86, 5, 9],
			"rotation": {"angle": 0, "axis": "y", "origin": [10.5, 4, 9]},
			"faces": {
				"north": {"uv": [0, 0, 2, 0], "texture": "#3"},
				"east": {"uv": [0, 0, 6, 0], "texture": "#3"},
				"south": {"uv": [0, 0, 2, 0], "texture": "#3"},
				"west": {"uv": [0, 0, 6, 0], "texture": "#3"},
				"up": {"uv": [0, 0, 2, 6], "texture": "#3"},
				"down": {"uv": [0, 0, 2, 6], "texture": "#3"}
			}
		},
		{
			"from": [10.14, 5, 6.84],
			"to": [10.86, 5, 9],
			"rotation": {"angle": -22.5, "axis": "y", "origin": [10.5, 4, 9]},
			"faces": {
				"north": {"uv": [0, 0, 2, 0], "texture": "#3"},
				"east": {"uv": [0, 0, 6, 0], "texture": "#3"},
				"south": {"uv": [0, 0, 2, 0], "texture": "#3"},
				"west": {"uv": [0, 0, 6, 0], "texture": "#3"},
				"up": {"uv": [0, 0, 2, 6], "texture": "#3"},
				"down": {"uv": [0, 0, 2, 6], "texture": "#3"}
			}
		},
		{
			"from": [10.15, 5, 8.15],
			"to": [10.85, 7.4, 8.85],
			"rotation": {"angle": 0, "axis": "y", "origin": [10.5, 5, 8.5]},
			"faces": {
				"north": {"uv": [0, 0, 2, 4], "texture": "#3"},
				"east": {"uv": [2, 2, 4, 6], "texture": "#3"},
				"south": {"uv": [0, 4, 2, 8], "texture": "#3"},
				"west": {"uv": [4, 4, 6, 8], "texture": "#3"},
				"up": {"uv": [4, 2, 2, 0], "texture": "#3"},
				"down": {"uv": [6, 0, 4, 2], "texture": "#3"}
			}
		},
		{
			"from": [12.14, 5, 6.84],
			"to": [12.86, 5, 9],
			"rotation": {"angle": 22.5, "axis": "y", "origin": [12.5, 4, 9]},
			"faces": {
				"north": {"uv": [0, 0, 2, 0], "texture": "#3"},
				"east": {"uv": [0, 0, 6, 0], "texture": "#3"},
				"south": {"uv": [0, 0, 2, 0], "texture": "#3"},
				"west": {"uv": [0, 0, 6, 0], "texture": "#3"},
				"up": {"uv": [0, 0, 2, 6], "texture": "#3"},
				"down": {"uv": [0, 0, 2, 6], "texture": "#3"}
			}
		},
		{
			"from": [12.14, 5, 6.84],
			"to": [12.86, 5, 9],
			"rotation": {"angle": 0, "axis": "y", "origin": [12.5, 4, 9]},
			"faces": {
				"north": {"uv": [0, 0, 2, 0], "texture": "#3"},
				"east": {"uv": [0, 0, 6, 0], "texture": "#3"},
				"south": {"uv": [0, 0, 2, 0], "texture": "#3"},
				"west": {"uv": [0, 0, 6, 0], "texture": "#3"},
				"up": {"uv": [0, 0, 2, 6], "texture": "#3"},
				"down": {"uv": [0, 0, 2, 6], "texture": "#3"}
			}
		},
		{
			"from": [12.14, 5, 6.84],
			"to": [12.86, 5, 9],
			"rotation": {"angle": -22.5, "axis": "y", "origin": [12.5, 4, 9]},
			"faces": {
				"north": {"uv": [0, 0, 2, 0], "texture": "#3"},
				"east": {"uv": [0, 0, 6, 0], "texture": "#3"},
				"south": {"uv": [0, 0, 2, 0], "texture": "#3"},
				"west": {"uv": [0, 0, 6, 0], "texture": "#3"},
				"up": {"uv": [0, 0, 2, 6], "texture": "#3"},
				"down": {"uv": [0, 0, 2, 6], "texture": "#3"}
			}
		},
		{
			"from": [12.15, 5, 8.15],
			"to": [12.85, 7.4, 8.85],
			"rotation": {"angle": 0, "axis": "y", "origin": [12.5, 5, 8.5]},
			"faces": {
				"north": {"uv": [0, 0, 2, 4], "texture": "#3"},
				"east": {"uv": [2, 2, 4, 6], "texture": "#3"},
				"south": {"uv": [0, 4, 2, 8], "texture": "#3"},
				"west": {"uv": [4, 4, 6, 8], "texture": "#3"},
				"up": {"uv": [4, 2, 2, 0], "texture": "#3"},
				"down": {"uv": [6, 0, 4, 2], "texture": "#3"}
			}
		}
	],
	"display": {
		"thirdperson_righthand": {
			"rotation": [0, 59, 0],
			"translation": [-0.25, -0.5, 0]
		},
		"firstperson_righthand": {
			"rotation": [0, 158, 0],
			"translation": [5.5, 0, 0]
		},
		"gui": {
			"rotation": [0, -142, 0],
			"translation": [4.25, -3.25, 0],
			"scale": [1.5, 1.5, 1.5]
		},
		"head": {
			"rotation": [0, -9, 0],
			"translation": [5.75, -3.25, -0.75]
		},
		"fixed": {
			"translation": [-5.75, -3.25, -2.75],
			"scale": [2, 2, 2]
		}
	},
	"groups": [0, 1, 2, 3,
		{
			"name": "fot",
			"origin": [10.5, 4, 9],
			"children": [4, 5, 6, 7]
		},
		{
			"name": "fot",
			"origin": [10.5, 4, 9],
			"children": [8, 9, 10, 11]
		}
	]
}
