{
	"credit": "Made with Blockbench",
	"texture_size": [100, 100],
	"textures": {
		"0": "custom/pooch_plush",
		"particle": "custom/pooch_plush"
	},
	"elements": [
		{
			"name": "head",
			"from": [0, 7, 14],
			"to": [6, 13, 18],
			"rotation": {"angle": 0, "axis": "y", "origin": [8, 15, 22]},
			"faces": {
				"north": {"uv": [3.5, 2, 5, 5], "texture": "#0"},
				"east": {"uv": [3.52, 13.76, 4.8, 15.68], "texture": "#0"},
				"south": {"uv": [1.6, 13.76, 3.52, 15.68], "texture": "#0"},
				"west": {"uv": [0.32, 13.76, 1.44, 15.68], "texture": "#0"},
				"up": {"uv": [1.6, 12.48, 3.52, 13.76], "texture": "#0"},
				"down": {"uv": [3.52, 12.48, 5.28, 13.76], "texture": "#0"}
			}
		},
		{
			"from": [4, 0, 0],
			"to": [6, 7, 2],
			"rotation": {"angle": 0, "axis": "y", "origin": [12, 8, 8]},
			"faces": {
				"north": {"uv": [2.08, 9.6, 2.72, 12.16], "texture": "#0"},
				"east": {"uv": [1.44, 9.6, 2.08, 12.16], "texture": "#0"},
				"south": {"uv": [0.96, 9.6, 1.44, 12.16], "texture": "#0"},
				"west": {"uv": [0.16, 9.6, 0.8, 12.16], "texture": "#0"},
				"up": {"uv": [1.44, 8.96, 2.08, 9.6], "texture": "#0"},
				"down": {"uv": [0.8, 8.96, 1.44, 9.6], "texture": "#0"}
			}
		},
		{
			"from": [0, 0, 0],
			"to": [2, 7, 2],
			"faces": {
				"north": {"uv": [2.08, 9.6, 2.72, 12.16], "texture": "#0"},
				"east": {"uv": [1.44, 9.6, 2.08, 12.16], "texture": "#0"},
				"south": {"uv": [0.96, 9.6, 1.44, 12.16], "texture": "#0"},
				"west": {"uv": [0.16, 9.6, 0.8, 12.16], "texture": "#0"},
				"up": {"uv": [1.44, 8.96, 2.08, 9.6], "texture": "#0"},
				"down": {"uv": [0.8, 8.96, 1.44, 9.6], "texture": "#0"}
			}
		},
		{
			"from": [0, 0, 11],
			"to": [2, 7, 13],
			"rotation": {"angle": 0, "axis": "y", "origin": [8, 8, 19]},
			"faces": {
				"north": {"uv": [2.08, 9.6, 2.72, 12.16], "texture": "#0"},
				"east": {"uv": [1.44, 9.6, 2.08, 12.16], "texture": "#0"},
				"south": {"uv": [0.96, 9.6, 1.44, 12.16], "texture": "#0"},
				"west": {"uv": [0.16, 9.6, 0.8, 12.16], "texture": "#0"},
				"up": {"uv": [1.44, 8.96, 2.08, 9.6], "texture": "#0"},
				"down": {"uv": [0.8, 8.96, 1.44, 9.6], "texture": "#0"}
			}
		},
		{
			"from": [4, 0, 11],
			"to": [6, 7, 13],
			"rotation": {"angle": 0, "axis": "y", "origin": [12, 8, 19]},
			"faces": {
				"north": {"uv": [2.08, 9.6, 2.72, 12.16], "texture": "#0"},
				"east": {"uv": [1.44, 9.6, 2.08, 12.16], "texture": "#0"},
				"south": {"uv": [0.96, 9.6, 1.44, 12.16], "texture": "#0"},
				"west": {"uv": [0.16, 9.6, 0.8, 12.16], "texture": "#0"},
				"up": {"uv": [1.44, 8.96, 2.08, 9.6], "texture": "#0"},
				"down": {"uv": [0.8, 8.96, 1.44, 9.6], "texture": "#0"}
			}
		},
		{
			"name": "body",
			"from": [0, 7, 0],
			"to": [6, 13, 11],
			"rotation": {"angle": 0, "axis": "y", "origin": [13, 15, 8]},
			"faces": {
				"north": {"uv": [11.52, 3.84, 13.44, 5.76], "rotation": 90, "texture": "#0"},
				"east": {"uv": [7.68, 5.76, 9.44, 8.64], "rotation": 90, "texture": "#0"},
				"south": {"uv": [13.44, 5.76, 15.2, 8.64], "rotation": 90, "texture": "#0"},
				"west": {"uv": [11.52, 5.76, 13.28, 8.64], "rotation": 90, "texture": "#0"},
				"up": {"uv": [11.52, 5.76, 13.28, 8.64], "rotation": 90, "texture": "#0"},
				"down": {"uv": [9.6, 5.76, 11.36, 8.64], "texture": "#0"}
			}
		},
		{
			"name": "scruff",
			"from": [-1, 6, 8],
			"to": [7, 14, 14],
			"rotation": {"angle": 0, "axis": "y", "origin": [13, 15, 19]},
			"faces": {
				"north": {"uv": [11.36, 6.24, 13.28, 8.16], "rotation": 180, "texture": "#0"},
				"east": {"uv": [12.96, 11.52, 15.36, 13.44], "rotation": 270, "texture": "#0"},
				"south": {"uv": [10.56, 9.28, 13.12, 11.52], "rotation": 180, "texture": "#0"},
				"west": {"uv": [8, 11.52, 10.56, 13.44], "rotation": 90, "texture": "#0"},
				"up": {"uv": [5.76, 11.52, 8.32, 13.44], "rotation": 180, "texture": "#0"},
				"down": {"uv": [10.56, 11.52, 13.12, 13.44], "texture": "#0"}
			}
		},
		{
			"from": [4, 13, 15],
			"to": [6, 15, 16],
			"rotation": {"angle": 0, "axis": "y", "origin": [13, 21, 23]},
			"faces": {
				"north": {"uv": [8.96, 14.56, 9.6, 15.2], "texture": "#0"},
				"east": {"uv": [8.64, 14.56, 8.96, 15.2], "texture": "#0"},
				"south": {"uv": [8, 14.56, 8.64, 15.2], "texture": "#0"},
				"west": {"uv": [7.68, 14.56, 8, 15.2], "texture": "#0"},
				"up": {"uv": [8, 14.24, 8.64, 14.56], "texture": "#0"},
				"down": {"uv": [5, 7.5, 5.5, 8.5], "texture": "#0"}
			}
		},
		{
			"from": [0, 13, 15],
			"to": [2, 15, 16],
			"rotation": {"angle": 0, "axis": "y", "origin": [9, 21, 23]},
			"faces": {
				"north": {"uv": [8.96, 14.56, 9.6, 15.2], "texture": "#0"},
				"east": {"uv": [8.64, 14.56, 8.96, 15.2], "texture": "#0"},
				"south": {"uv": [8, 14.56, 8.64, 15.2], "texture": "#0"},
				"west": {"uv": [7.68, 14.56, 8, 15.2], "texture": "#0"},
				"up": {"uv": [8, 14.24, 8.64, 14.56], "texture": "#0"},
				"down": {"uv": [5, 7.5, 5.5, 8.5], "texture": "#0"}
			}
		},
		{
			"from": [1.5, 7, 18],
			"to": [4.5, 10, 21],
			"rotation": {"angle": 0, "axis": "y", "origin": [9, 16, 28]},
			"faces": {
				"north": {"uv": [1, 7, 1.75, 8.5], "texture": "#0"},
				"east": {"uv": [13.28, 15.04, 14.56, 16], "texture": "#0"},
				"south": {"uv": [12.32, 15.04, 13.28, 16], "texture": "#0"},
				"west": {"uv": [11.04, 15.04, 12.32, 16], "texture": "#0"},
				"up": {"uv": [12.32, 13.6, 13.28, 15.04], "texture": "#0"},
				"down": {"uv": [13.28, 13.6, 14.24, 15.04], "texture": "#0"}
			}
		},
		{
			"from": [2, 10.69344, -5.5412],
			"to": [4, 12.69344, 1.4588],
			"rotation": {"angle": 22.5, "axis": "x", "origin": [3, 12, 1]},
			"faces": {
				"north": {"uv": [4.32, 8.96, 4.96, 9.6], "rotation": 180, "texture": "#0"},
				"east": {"uv": [4.96, 9.6, 5.6, 12.16], "rotation": 90, "texture": "#0"},
				"south": {"uv": [3.68, 8.96, 4.32, 9.6], "rotation": 180, "texture": "#0"},
				"west": {"uv": [3.68, 9.6, 4.32, 12.16], "rotation": 90, "texture": "#0"},
				"up": {"uv": [3.04, 9.6, 3.68, 12.16], "rotation": 180, "texture": "#0"},
				"down": {"uv": [4.32, 9.6, 4.96, 12.16], "rotation": 180, "texture": "#0"}
			}
		},
		{
			"from": [0, 14.25, 11],
			"to": [6, 14.25, 15],
			"rotation": {"angle": 0, "axis": "y", "origin": [4, 14, 12.5]},
			"faces": {
				"north": {"uv": [12, 13.75, 14.875, 10.25], "texture": "#0"},
				"east": {"uv": [12, 13.75, 14.875, 10.25], "texture": "#0"},
				"south": {"uv": [12, 13.75, 14.875, 10.25], "texture": "#0"},
				"west": {"uv": [12, 13.75, 14.875, 10.25], "texture": "#0"},
				"up": {"uv": [2.88, 8.48, 6.56, 6.24], "texture": "#0"},
				"down": {"uv": [12, 10.25, 14.875, 13.75], "texture": "#0"}
			}
		},
		{
			"from": [3, 19, -5],
			"to": [3, 20, 18],
			"rotation": {"angle": 45, "axis": "x", "origin": [3, 19.5, 6.5]},
			"faces": {
				"north": {"uv": [12.5, 10.5, 12.625, 12.75], "rotation": 180, "texture": "#0"},
				"east": {"uv": [10.56, 9.28, 10.72, 11.52], "rotation": 90, "texture": "#0"},
				"south": {"uv": [12.5, 10.5, 12.625, 12.75], "texture": "#0"},
				"west": {"uv": [12.5, 10.5, 12.625, 12.75], "rotation": 270, "texture": "#0"},
				"up": {"uv": [12.5, 10.5, 12.625, 12.75], "texture": "#0"},
				"down": {"uv": [12.5, 10.5, 12.625, 12.75], "rotation": 180, "texture": "#0"}
			}
		}
	],
	"display": {
		"thirdperson_righthand": {
			"rotation": [67, -180, 0],
			"translation": [-2.75, 0, -10],
			"scale": [0.5, 0.5, 0.5]
		},
		"firstperson_righthand": {
			"rotation": [0, 172, 0],
			"translation": [4.5, -19, -20]
		},
		"gui": {
			"rotation": [20, 27, 0],
			"translation": [2, -2.5, 0],
			"scale": [0.5, 0.5, 0.5]
		},
		"fixed": {
			"rotation": [0, -92, 0]
		}
	},
	"groups": [0,
		{
			"name": "feet",
			"origin": [8, 8, 8],
			"children": [1, 2, 3, 4]
		}, 5, 6, 7, 8, 9, 10, 11, 12]
}
