{
	"credit": "Made with Blockbench",
	"textures": {
		"0": "blocks/wool_colored_black",
		"1": "blocks/wool_colored_white",
		"2": "blocks/wool_colored_red",
		"3": "blocks/wool_colored_pink",
		"particle": "blocks/wool_colored_black"
	},
	"elements": [
		{
			"from": [7.25, 15.75, 20],
			"to": [8.75, 17.25, 25.25],
			"rotation": {"angle": 0, "axis": "y", "origin": [8, 20, 24]},
			"faces": {
				"north": {"uv": [0, 0, 1.5, 1.5], "texture": "#0"},
				"east": {"uv": [0, 0, 5.25, 1.5], "texture": "#0"},
				"south": {"uv": [0, 0, 1.5, 1.5], "texture": "#0"},
				"west": {"uv": [0, 0, 5.25, 1.5], "texture": "#0"},
				"up": {"uv": [0, 0, 1.5, 5.25], "texture": "#0"},
				"down": {"uv": [0, 0, 1.5, 5.25], "texture": "#0"}
			}
		},
		{
			"from": [6.5, 15, 19.75],
			"to": [9.5, 18, 20],
			"rotation": {"angle": 0, "axis": "y", "origin": [8, 20, 23.75]},
			"faces": {
				"north": {"uv": [0, 0, 3, 3], "texture": "#0"},
				"east": {"uv": [0, 0, 0.25, 3], "texture": "#0"},
				"south": {"uv": [0, 0, 3, 3], "texture": "#0"},
				"west": {"uv": [0, 0, 0.25, 3], "texture": "#0"},
				"up": {"uv": [0, 0, 3, 0.25], "texture": "#0"},
				"down": {"uv": [0, 0, 3, 0.25], "texture": "#0"}
			}
		},
		{
			"from": [7.5, 1.21583, 10.21583],
			"to": [8.5, 2.21583, 14.46583],
			"rotation": {"angle": 0, "axis": "y", "origin": [8, 1.71583, 13.21583]},
			"faces": {
				"north": {"uv": [0, 0, 1, 1], "texture": "#0"},
				"east": {"uv": [0, 0, 4.25, 1], "texture": "#0"},
				"south": {"uv": [0, 0, 1, 1], "texture": "#0"},
				"west": {"uv": [0, 0, 4.25, 1], "texture": "#0"},
				"up": {"uv": [0, 0, 1, 4.25], "texture": "#0"},
				"down": {"uv": [0, 0, 1, 4.25], "texture": "#0"}
			}
		},
		{
			"from": [7.5, 1.17777, 14.27448],
			"to": [8.5, 2.17777, 15.52448],
			"rotation": {"angle": -22.5, "axis": "x", "origin": [8, 1.67777, 14.27448]},
			"faces": {
				"north": {"uv": [0, 0, 1, 1], "texture": "#0"},
				"east": {"uv": [0, 0, 1.25, 1], "texture": "#0"},
				"south": {"uv": [0, 0, 1, 1], "texture": "#0"},
				"west": {"uv": [0, 0, 1.25, 1], "texture": "#0"},
				"up": {"uv": [0, 0, 1, 1.25], "texture": "#0"},
				"down": {"uv": [0, 0, 1, 1.25], "texture": "#0"}
			}
		},
		{
			"from": [7.5, 1.54773, 15.26712],
			"to": [8.5, 2.54773, 16.51712],
			"rotation": {"angle": -45, "axis": "x", "origin": [8, 2.04773, 15.26712]},
			"faces": {
				"north": {"uv": [0, 0, 1, 1], "texture": "#0"},
				"east": {"uv": [0, 0, 1.25, 1], "texture": "#0"},
				"south": {"uv": [0, 0, 1, 1], "texture": "#0"},
				"west": {"uv": [0, 0, 1.25, 1], "texture": "#0"},
				"up": {"uv": [0, 0, 1, 1.25], "texture": "#0"},
				"down": {"uv": [0, 0, 1, 1.25], "texture": "#0"}
			}
		},
		{
			"from": [7.5, 2.76941, 15.54262],
			"to": [8.5, 4.01941, 16.54262],
			"rotation": {"angle": 22.5, "axis": "x", "origin": [8, 2.76941, 16.04262]},
			"faces": {
				"north": {"uv": [0, 0, 1, 1.25], "rotation": 180, "texture": "#0"},
				"east": {"uv": [0, 0, 1.25, 1], "rotation": 90, "texture": "#0"},
				"south": {"uv": [0, 0, 1, 1.25], "texture": "#0"},
				"west": {"uv": [0, 0, 1.25, 1], "rotation": 270, "texture": "#0"},
				"up": {"uv": [0, 0, 1, 1], "texture": "#0"},
				"down": {"uv": [0, 0, 1, 1], "rotation": 180, "texture": "#0"}
			}
		},
		{
			"from": [7.5, 3.73291, 15.98291],
			"to": [8.5, 14.48291, 16.98291],
			"rotation": {"angle": 0, "axis": "y", "origin": [8, 16.73291, 16.48291]},
			"faces": {
				"north": {"uv": [0, 0, 1, 10.75], "rotation": 180, "texture": "#0"},
				"east": {"uv": [0, 0, 10.75, 1], "rotation": 90, "texture": "#0"},
				"south": {"uv": [0, 0, 1, 10.75], "texture": "#0"},
				"west": {"uv": [0, 0, 10.75, 1], "rotation": 270, "texture": "#0"},
				"up": {"uv": [0, 0, 1, 1], "texture": "#0"},
				"down": {"uv": [0, 0, 1, 1], "rotation": 180, "texture": "#0"}
			}
		},
		{
			"from": [7.5, 14.29157, 15.94485],
			"to": [8.5, 15.54157, 16.94485],
			"rotation": {"angle": 22.5, "axis": "x", "origin": [8, 14.29157, 16.44485]},
			"faces": {
				"north": {"uv": [0, 0, 1, 1.25], "rotation": 180, "texture": "#0"},
				"east": {"uv": [0, 0, 1.25, 1], "rotation": 90, "texture": "#0"},
				"south": {"uv": [0, 0, 1, 1.25], "texture": "#0"},
				"west": {"uv": [0, 0, 1.25, 1], "rotation": 270, "texture": "#0"},
				"up": {"uv": [0, 0, 1, 1], "texture": "#0"},
				"down": {"uv": [0, 0, 1, 1], "rotation": 180, "texture": "#0"}
			}
		},
		{
			"from": [7.5, 14.78421, 16.81482],
			"to": [8.5, 15.78421, 18.06482],
			"rotation": {"angle": -45, "axis": "x", "origin": [8, 15.28421, 16.81482]},
			"faces": {
				"north": {"uv": [0, 0, 1, 1], "texture": "#0"},
				"east": {"uv": [0, 0, 1.25, 1], "texture": "#0"},
				"south": {"uv": [0, 0, 1, 1], "texture": "#0"},
				"west": {"uv": [0, 0, 1.25, 1], "texture": "#0"},
				"up": {"uv": [0, 0, 1, 1.25], "texture": "#0"},
				"down": {"uv": [0, 0, 1, 1.25], "texture": "#0"}
			}
		},
		{
			"from": [7.5, 15.55971, 17.53649],
			"to": [8.5, 16.55971, 18.78649],
			"rotation": {"angle": -22.5, "axis": "x", "origin": [8, 16.05971, 17.53649]},
			"faces": {
				"north": {"uv": [0, 0, 1, 1], "texture": "#0"},
				"east": {"uv": [0, 0, 1.25, 1], "texture": "#0"},
				"south": {"uv": [0, 0, 1, 1], "texture": "#0"},
				"west": {"uv": [0, 0, 1.25, 1], "texture": "#0"},
				"up": {"uv": [0, 0, 1, 1.25], "texture": "#0"},
				"down": {"uv": [0, 0, 1, 1.25], "texture": "#0"}
			}
		},
		{
			"from": [7.5, 16, 18.5],
			"to": [8.5, 17, 19.75],
			"rotation": {"angle": 0, "axis": "y", "origin": [8, 16.5, 18.5]},
			"faces": {
				"north": {"uv": [0, 0, 1, 1], "texture": "#0"},
				"east": {"uv": [0, 0, 1.25, 1], "texture": "#0"},
				"south": {"uv": [0, 0, 1, 1], "texture": "#0"},
				"west": {"uv": [0, 0, 1.25, 1], "texture": "#0"},
				"up": {"uv": [0, 0, 1, 1.25], "texture": "#0"},
				"down": {"uv": [0, 0, 1, 1.25], "texture": "#0"}
			}
		},
		{
			"from": [7.5, 0.60374, 8.79299],
			"to": [8.5, 1.60374, 10.29299],
			"rotation": {"angle": 22.5, "axis": "x", "origin": [8, 1.10374, 11.79299]},
			"faces": {
				"north": {"uv": [0, 0, 1, 1], "texture": "#0"},
				"east": {"uv": [0, 0, 1.5, 1], "texture": "#0"},
				"south": {"uv": [0, 0, 1, 1], "texture": "#0"},
				"west": {"uv": [0, 0, 1.5, 1], "texture": "#0"},
				"up": {"uv": [0, 0, 1, 1.5], "texture": "#0"},
				"down": {"uv": [0, 0, 1, 1.5], "texture": "#0"}
			}
		},
		{
			"from": [7.5, 0.58274, 6.49422],
			"to": [8.5, 1.58274, 8.74422],
			"rotation": {"angle": 45, "axis": "x", "origin": [8, 1.08274, 10.24422]},
			"faces": {
				"north": {"uv": [0, 0, 1, 1], "texture": "#0"},
				"east": {"uv": [0, 0, 2.25, 1], "texture": "#0"},
				"south": {"uv": [0, 0, 1, 1], "texture": "#0"},
				"west": {"uv": [0, 0, 2.25, 1], "texture": "#0"},
				"up": {"uv": [0, 0, 1, 2.25], "texture": "#0"},
				"down": {"uv": [0, 0, 1, 2.25], "texture": "#0"}
			}
		},
		{
			"from": [7.5, 2.55198, 6.1406],
			"to": [8.5, 3.55198, 7.6406],
			"rotation": {"angle": 22.5, "axis": "x", "origin": [8, 3.05198, 9.1406]},
			"faces": {
				"north": {"uv": [0, 0, 1, 1], "texture": "#0"},
				"east": {"uv": [0, 0, 1.5, 1], "texture": "#0"},
				"south": {"uv": [0, 0, 1, 1], "texture": "#0"},
				"west": {"uv": [0, 0, 1.5, 1], "texture": "#0"},
				"up": {"uv": [0, 0, 1, 1.5], "texture": "#0"},
				"down": {"uv": [0, 0, 1, 1.5], "texture": "#0"}
			}
		},
		{
			"from": [7.5, 3.66197, 4.0603],
			"to": [8.5, 4.66197, 6.5603],
			"rotation": {"angle": 0, "axis": "y", "origin": [8, 4.16197, 8.0603]},
			"faces": {
				"north": {"uv": [0, 0, 1, 1], "texture": "#0"},
				"east": {"uv": [0, 0, 2.5, 1], "texture": "#0"},
				"south": {"uv": [0, 0, 1, 1], "texture": "#0"},
				"west": {"uv": [0, 0, 2.5, 1], "texture": "#0"},
				"up": {"uv": [0, 0, 1, 2.5], "texture": "#0"},
				"down": {"uv": [0, 0, 1, 2.5], "texture": "#0"}
			}
		},
		{
			"from": [9.15, 1.11197, 9.0603],
			"to": [10.25, 2.31197, 11.5603],
			"rotation": {"angle": -22.5, "axis": "z", "origin": [10.3, 2.61197, 14.3103]},
			"faces": {
				"north": {"uv": [0, 0, 1.1, 1.2], "texture": "#1"},
				"east": {"uv": [0, 0, 2.5, 1.2], "texture": "#1"},
				"south": {"uv": [0, 0, 1.1, 1.2], "texture": "#1"},
				"west": {"uv": [0, 0, 2.5, 1.2], "texture": "#1"},
				"up": {"uv": [0, 0, 1.1, 2.5], "texture": "#1"},
				"down": {"uv": [0, 0, 1.1, 2.5], "texture": "#1"}
			}
		},
		{
			"from": [10.42685, 1.95644, 1.51963],
			"to": [11.37685, 3.15644, 4.01963],
			"rotation": {"angle": -45, "axis": "z", "origin": [10.57685, 3.45644, 5.51963]},
			"faces": {
				"north": {"uv": [0, 0, 0.95, 1.2], "texture": "#1"},
				"east": {"uv": [0, 0, 2.5, 1.2], "texture": "#1"},
				"south": {"uv": [0, 0, 0.95, 1.2], "texture": "#1"},
				"west": {"uv": [0, 0, 2.5, 1.2], "texture": "#1"},
				"up": {"uv": [0, 0, 0.95, 2.5], "texture": "#1"},
				"down": {"uv": [0, 0, 0.95, 2.5], "texture": "#1"}
			}
		},
		{
			"from": [9.76497, 1.70485, 1.51963],
			"to": [10.96497, 2.80485, 4.01963],
			"rotation": {"angle": 22.5, "axis": "z", "origin": [11.26497, 2.65485, 5.51963]},
			"faces": {
				"north": {"uv": [0, 0, 1.1, 1.2], "rotation": 270, "texture": "#1"},
				"east": {"uv": [0, 0, 1.1, 2.5], "rotation": 90, "texture": "#1"},
				"south": {"uv": [0, 0, 1.1, 1.2], "rotation": 90, "texture": "#1"},
				"west": {"uv": [0, 0, 1.1, 2.5], "rotation": 90, "texture": "#1"},
				"up": {"uv": [0, 0, 2.5, 1.2], "rotation": 90, "texture": "#1"},
				"down": {"uv": [0, 0, 2.5, 1.2], "rotation": 90, "texture": "#1"}
			}
		},
		{
			"from": [9.17727, 2.14667, 1.51963],
			"to": [10.37727, 3.34667, 4.01963],
			"rotation": {"angle": -22.5, "axis": "z", "origin": [10.32727, 3.64667, 6.76963]},
			"faces": {
				"north": {"uv": [0, 0, 1.2, 1.2], "texture": "#1"},
				"east": {"uv": [0, 0, 2.5, 1.2], "texture": "#1"},
				"south": {"uv": [0, 0, 1.2, 1.2], "texture": "#1"},
				"west": {"uv": [0, 0, 2.5, 1.2], "texture": "#1"},
				"up": {"uv": [0, 0, 1.2, 2.5], "texture": "#1"},
				"down": {"uv": [0, 0, 1.2, 2.5], "texture": "#1"}
			}
		},
		{
			"from": [9.15, 2.66197, 2.8103],
			"to": [10.45, 3.86197, 5.3103],
			"rotation": {"angle": -22.5, "axis": "z", "origin": [10.3, 4.16197, 8.0603]},
			"faces": {
				"north": {"uv": [0, 0, 1.3, 1.2], "texture": "#1"},
				"east": {"uv": [0, 0, 2.5, 1.2], "texture": "#1"},
				"south": {"uv": [0, 0, 1.3, 1.2], "texture": "#1"},
				"west": {"uv": [0, 0, 2.5, 1.2], "texture": "#1"},
				"up": {"uv": [0, 0, 1.3, 2.5], "texture": "#1"},
				"down": {"uv": [0, 0, 1.3, 2.5], "texture": "#1"}
			}
		},
		{
			"from": [10.49197, 2.43347, 2.8103],
			"to": [11.54197, 3.63347, 5.3103],
			"rotation": {"angle": -45, "axis": "z", "origin": [10.64197, 3.93347, 6.8103]},
			"faces": {
				"north": {"uv": [0, 0, 1.05, 1.2], "texture": "#1"},
				"east": {"uv": [0, 0, 2.5, 1.2], "texture": "#1"},
				"south": {"uv": [0, 0, 1.05, 1.2], "texture": "#1"},
				"west": {"uv": [0, 0, 2.5, 1.2], "texture": "#1"},
				"up": {"uv": [0, 0, 1.05, 2.5], "texture": "#1"},
				"down": {"uv": [0, 0, 1.05, 2.5], "texture": "#1"}
			}
		},
		{
			"from": [9.90081, 1.51117, 2.8103],
			"to": [11.10081, 3.21117, 5.3103],
			"rotation": {"angle": 22.5, "axis": "z", "origin": [11.40081, 3.06117, 6.8103]},
			"faces": {
				"north": {"uv": [0, 0, 1.7, 1.2], "rotation": 270, "texture": "#1"},
				"east": {"uv": [0, 0, 1.7, 2.5], "rotation": 90, "texture": "#1"},
				"south": {"uv": [0, 0, 1.7, 1.2], "rotation": 90, "texture": "#1"},
				"west": {"uv": [0, 0, 1.7, 2.5], "rotation": 90, "texture": "#1"},
				"up": {"uv": [0, 0, 2.5, 1.2], "rotation": 90, "texture": "#1"},
				"down": {"uv": [0, 0, 2.5, 1.2], "rotation": 90, "texture": "#1"}
			}
		},
		{
			"from": [10.10485, 1.27147, 4.0603],
			"to": [11.30485, 3.57147, 6.5603],
			"rotation": {"angle": 22.5, "axis": "z", "origin": [11.60485, 3.42147, 8.0603]},
			"faces": {
				"north": {"uv": [0, 0, 2.3, 1.2], "rotation": 270, "texture": "#1"},
				"east": {"uv": [0, 0, 2.3, 2.5], "rotation": 90, "texture": "#1"},
				"south": {"uv": [0, 0, 2.3, 1.2], "rotation": 90, "texture": "#1"},
				"west": {"uv": [0, 0, 2.3, 2.5], "rotation": 90, "texture": "#1"},
				"up": {"uv": [0, 0, 2.5, 1.2], "rotation": 90, "texture": "#1"},
				"down": {"uv": [0, 0, 2.5, 1.2], "rotation": 90, "texture": "#1"}
			}
		},
		{
			"from": [10.51924, 2.97055, 4.0603],
			"to": [11.81924, 4.17055, 6.5603],
			"rotation": {"angle": -45, "axis": "z", "origin": [10.66924, 4.47055, 8.0603]},
			"faces": {
				"north": {"uv": [0, 0, 1.3, 1.2], "texture": "#1"},
				"east": {"uv": [0, 0, 2.5, 1.2], "texture": "#1"},
				"south": {"uv": [0, 0, 1.3, 1.2], "texture": "#1"},
				"west": {"uv": [0, 0, 2.5, 1.2], "texture": "#1"},
				"up": {"uv": [0, 0, 1.3, 2.5], "texture": "#1"},
				"down": {"uv": [0, 0, 1.3, 2.5], "texture": "#1"}
			}
		},
		{
			"from": [9.25339, 3.58173, 4.0603],
			"to": [10.55339, 4.78173, 6.5603],
			"rotation": {"angle": -22.5, "axis": "z", "origin": [9.40339, 5.08173, 8.0603]},
			"faces": {
				"north": {"uv": [0, 0, 1.3, 1.2], "texture": "#1"},
				"east": {"uv": [0, 0, 2.5, 1.2], "texture": "#1"},
				"south": {"uv": [0, 0, 1.3, 1.2], "texture": "#1"},
				"west": {"uv": [0, 0, 2.5, 1.2], "texture": "#1"},
				"up": {"uv": [0, 0, 1.3, 2.5], "texture": "#1"},
				"down": {"uv": [0, 0, 1.3, 2.5], "texture": "#1"}
			}
		},
		{
			"from": [9.15, 2.66197, 5.3103],
			"to": [10.45, 3.86197, 7.8103],
			"rotation": {"angle": -22.5, "axis": "z", "origin": [10.3, 4.16197, 10.5603]},
			"faces": {
				"north": {"uv": [0, 0, 1.3, 1.2], "texture": "#1"},
				"east": {"uv": [0, 0, 2.5, 1.2], "texture": "#1"},
				"south": {"uv": [0, 0, 1.3, 1.2], "texture": "#1"},
				"west": {"uv": [0, 0, 2.5, 1.2], "texture": "#1"},
				"up": {"uv": [0, 0, 1.3, 2.5], "texture": "#1"},
				"down": {"uv": [0, 0, 1.3, 2.5], "texture": "#1"}
			}
		},
		{
			"from": [10.49197, 2.43347, 5.3103],
			"to": [11.54197, 3.63347, 7.8103],
			"rotation": {"angle": -45, "axis": "z", "origin": [10.64197, 3.93347, 9.3103]},
			"faces": {
				"north": {"uv": [0, 0, 1.05, 1.2], "texture": "#1"},
				"east": {"uv": [0, 0, 2.5, 1.2], "texture": "#1"},
				"south": {"uv": [0, 0, 1.05, 1.2], "texture": "#1"},
				"west": {"uv": [0, 0, 2.5, 1.2], "texture": "#1"},
				"up": {"uv": [0, 0, 1.05, 2.5], "texture": "#1"},
				"down": {"uv": [0, 0, 1.05, 2.5], "texture": "#1"}
			}
		},
		{
			"from": [9.90081, 1.51117, 5.3103],
			"to": [11.10081, 3.21117, 7.8103],
			"rotation": {"angle": 22.5, "axis": "z", "origin": [11.40081, 3.06117, 9.3103]},
			"faces": {
				"north": {"uv": [0, 0, 1.7, 1.2], "rotation": 270, "texture": "#1"},
				"east": {"uv": [0, 0, 1.7, 2.5], "rotation": 90, "texture": "#1"},
				"south": {"uv": [0, 0, 1.7, 1.2], "rotation": 90, "texture": "#1"},
				"west": {"uv": [0, 0, 1.7, 2.5], "rotation": 90, "texture": "#1"},
				"up": {"uv": [0, 0, 2.5, 1.2], "rotation": 90, "texture": "#1"},
				"down": {"uv": [0, 0, 2.5, 1.2], "rotation": 90, "texture": "#1"}
			}
		},
		{
			"from": [9.73771, 1.72015, 6.5603],
			"to": [10.93771, 2.82015, 9.0603],
			"rotation": {"angle": 22.5, "axis": "z", "origin": [11.23771, 2.67015, 10.5603]},
			"faces": {
				"north": {"uv": [0, 0, 1.1, 1.2], "rotation": 270, "texture": "#1"},
				"east": {"uv": [0, 0, 1.1, 2.5], "rotation": 90, "texture": "#1"},
				"south": {"uv": [0, 0, 1.1, 1.2], "rotation": 90, "texture": "#1"},
				"west": {"uv": [0, 0, 1.1, 2.5], "rotation": 90, "texture": "#1"},
				"up": {"uv": [0, 0, 2.5, 1.2], "rotation": 90, "texture": "#1"},
				"down": {"uv": [0, 0, 2.5, 1.2], "rotation": 90, "texture": "#1"}
			}
		},
		{
			"from": [10.39959, 1.97174, 6.5603],
			"to": [11.34959, 3.17174, 9.0603],
			"rotation": {"angle": -45, "axis": "z", "origin": [10.54959, 3.47174, 10.5603]},
			"faces": {
				"north": {"uv": [0, 0, 0.95, 1.2], "texture": "#1"},
				"east": {"uv": [0, 0, 2.5, 1.2], "texture": "#1"},
				"south": {"uv": [0, 0, 0.95, 1.2], "texture": "#1"},
				"west": {"uv": [0, 0, 2.5, 1.2], "texture": "#1"},
				"up": {"uv": [0, 0, 0.95, 2.5], "texture": "#1"},
				"down": {"uv": [0, 0, 0.95, 2.5], "texture": "#1"}
			}
		},
		{
			"from": [9.15, 2.16197, 6.5603],
			"to": [10.35, 3.36197, 9.0603],
			"rotation": {"angle": -22.5, "axis": "z", "origin": [10.3, 3.66197, 11.8103]},
			"faces": {
				"north": {"uv": [0, 0, 1.2, 1.2], "texture": "#1"},
				"east": {"uv": [0, 0, 2.5, 1.2], "texture": "#1"},
				"south": {"uv": [0, 0, 1.2, 1.2], "texture": "#1"},
				"west": {"uv": [0, 0, 2.5, 1.2], "texture": "#1"},
				"up": {"uv": [0, 0, 1.2, 2.5], "texture": "#1"},
				"down": {"uv": [0, 0, 1.2, 2.5], "texture": "#1"}
			}
		},
		{
			"from": [9.15, 1.66197, 7.8103],
			"to": [10.25, 2.86197, 10.3103],
			"rotation": {"angle": -22.5, "axis": "z", "origin": [10.3, 3.16197, 13.0603]},
			"faces": {
				"north": {"uv": [0, 0, 1.1, 1.2], "texture": "#1"},
				"east": {"uv": [0, 0, 2.5, 1.2], "texture": "#1"},
				"south": {"uv": [0, 0, 1.1, 1.2], "texture": "#1"},
				"west": {"uv": [0, 0, 2.5, 1.2], "texture": "#1"},
				"up": {"uv": [0, 0, 1.1, 2.5], "texture": "#1"},
				"down": {"uv": [0, 0, 1.1, 2.5], "texture": "#1"}
			}
		},
		{
			"from": [10.3072, 1.51001, 7.8103],
			"to": [11.4072, 2.71001, 10.3103],
			"rotation": {"angle": -45, "axis": "z", "origin": [10.4572, 3.01001, 11.8103]},
			"faces": {
				"north": {"uv": [0, 0, 1.1, 1.2], "texture": "#1"},
				"east": {"uv": [0, 0, 2.5, 1.2], "texture": "#1"},
				"south": {"uv": [0, 0, 1.1, 1.2], "texture": "#1"},
				"west": {"uv": [0, 0, 2.5, 1.2], "texture": "#1"},
				"up": {"uv": [0, 0, 1.1, 2.5], "texture": "#1"},
				"down": {"uv": [0, 0, 1.1, 2.5], "texture": "#1"}
			}
		},
		{
			"from": [4.12113, 1.38565, 4.0603],
			"to": [5.32113, 3.68565, 6.5603],
			"rotation": {"angle": -22.5, "axis": "z", "origin": [3.82113, 2.03565, 8.0603]},
			"faces": {
				"north": {"uv": [0, 0, 2.3, 1.2], "rotation": 90, "texture": "#1"},
				"east": {"uv": [0, 0, 2.3, 2.5], "rotation": 270, "texture": "#1"},
				"south": {"uv": [0, 0, 2.3, 1.2], "rotation": 270, "texture": "#1"},
				"west": {"uv": [0, 0, 2.3, 2.5], "rotation": 270, "texture": "#1"},
				"up": {"uv": [0, 0, 2.5, 1.2], "rotation": 270, "texture": "#1"},
				"down": {"uv": [0, 0, 2.5, 1.2], "rotation": 270, "texture": "#1"}
			}
		},
		{
			"from": [5.39644, 2.05249, 1.51963],
			"to": [6.59644, 3.00249, 4.01963],
			"rotation": {"angle": -45, "axis": "z", "origin": [5.89644, 2.85249, 5.51963]},
			"faces": {
				"north": {"uv": [0, 0, 0.95, 1.2], "rotation": 270, "texture": "#1"},
				"east": {"uv": [0, 0, 0.95, 2.5], "rotation": 90, "texture": "#1"},
				"south": {"uv": [0, 0, 0.95, 1.2], "rotation": 90, "texture": "#1"},
				"west": {"uv": [0, 0, 0.95, 2.5], "rotation": 90, "texture": "#1"},
				"up": {"uv": [0, 0, 2.5, 1.2], "rotation": 90, "texture": "#1"},
				"down": {"uv": [0, 0, 2.5, 1.2], "rotation": 90, "texture": "#1"}
			}
		},
		{
			"from": [4.88174, 1.36043, 1.51963],
			"to": [6.08174, 2.46043, 4.01963],
			"rotation": {"angle": -22.5, "axis": "z", "origin": [5.38174, 2.31043, 5.51963]},
			"faces": {
				"north": {"uv": [0, 0, 1.1, 1.2], "rotation": 270, "texture": "#1"},
				"east": {"uv": [0, 0, 1.1, 2.5], "rotation": 90, "texture": "#1"},
				"south": {"uv": [0, 0, 1.1, 1.2], "rotation": 90, "texture": "#1"},
				"west": {"uv": [0, 0, 1.1, 2.5], "rotation": 90, "texture": "#1"},
				"up": {"uv": [0, 0, 2.5, 1.2], "rotation": 90, "texture": "#1"},
				"down": {"uv": [0, 0, 2.5, 1.2], "rotation": 90, "texture": "#1"}
			}
		},
		{
			"from": [4.81103, 1.1921, 2.8103],
			"to": [6.01103, 2.8921, 5.3103],
			"rotation": {"angle": -22.5, "axis": "z", "origin": [5.31103, 2.7421, 6.8103]},
			"faces": {
				"north": {"uv": [0, 0, 1.7, 1.2], "rotation": 270, "texture": "#1"},
				"east": {"uv": [0, 0, 1.7, 2.5], "rotation": 90, "texture": "#1"},
				"south": {"uv": [0, 0, 1.7, 1.2], "rotation": 90, "texture": "#1"},
				"west": {"uv": [0, 0, 1.7, 2.5], "rotation": 90, "texture": "#1"},
				"up": {"uv": [0, 0, 2.5, 1.2], "rotation": 90, "texture": "#1"},
				"down": {"uv": [0, 0, 2.5, 1.2], "rotation": 90, "texture": "#1"}
			}
		},
		{
			"from": [5.39644, 2.45487, 2.8103],
			"to": [6.59644, 3.50487, 5.3103],
			"rotation": {"angle": -45, "axis": "z", "origin": [5.89644, 3.35487, 6.8103]},
			"faces": {
				"north": {"uv": [0, 0, 1.05, 1.2], "rotation": 270, "texture": "#1"},
				"east": {"uv": [0, 0, 1.05, 2.5], "rotation": 90, "texture": "#1"},
				"south": {"uv": [0, 0, 1.05, 1.2], "rotation": 90, "texture": "#1"},
				"west": {"uv": [0, 0, 1.05, 2.5], "rotation": 90, "texture": "#1"},
				"up": {"uv": [0, 0, 2.5, 1.2], "rotation": 90, "texture": "#1"},
				"down": {"uv": [0, 0, 2.5, 1.2], "rotation": 90, "texture": "#1"}
			}
		},
		{
			"from": [4.81353, 1.4992, 6.5603],
			"to": [5.76353, 2.6992, 9.0603],
			"rotation": {"angle": 45, "axis": "z", "origin": [4.96353, 2.9992, 10.5603]},
			"faces": {
				"north": {"uv": [0, 0, 0.95, 1.2], "texture": "#1"},
				"east": {"uv": [0, 0, 2.5, 1.2], "texture": "#1"},
				"south": {"uv": [0, 0, 0.95, 1.2], "texture": "#1"},
				"west": {"uv": [0, 0, 2.5, 1.2], "texture": "#1"},
				"up": {"uv": [0, 0, 0.95, 2.5], "texture": "#1"},
				"down": {"uv": [0, 0, 0.95, 2.5], "texture": "#1"}
			}
		},
		{
			"from": [4.97413, 1.40108, 6.5603],
			"to": [6.17413, 2.50108, 9.0603],
			"rotation": {"angle": -22.5, "axis": "z", "origin": [5.47413, 2.35108, 10.5603]},
			"faces": {
				"north": {"uv": [0, 0, 1.1, 1.2], "rotation": 270, "texture": "#1"},
				"east": {"uv": [0, 0, 1.1, 2.5], "rotation": 90, "texture": "#1"},
				"south": {"uv": [0, 0, 1.1, 1.2], "rotation": 90, "texture": "#1"},
				"west": {"uv": [0, 0, 1.1, 2.5], "rotation": 90, "texture": "#1"},
				"up": {"uv": [0, 0, 2.5, 1.2], "rotation": 90, "texture": "#1"},
				"down": {"uv": [0, 0, 2.5, 1.2], "rotation": 90, "texture": "#1"}
			}
		},
		{
			"from": [4.81103, 1.1921, 5.3103],
			"to": [6.01103, 2.8921, 7.8103],
			"rotation": {"angle": -22.5, "axis": "z", "origin": [5.31103, 2.7421, 9.3103]},
			"faces": {
				"north": {"uv": [0, 0, 1.7, 1.2], "rotation": 270, "texture": "#1"},
				"east": {"uv": [0, 0, 1.7, 2.5], "rotation": 90, "texture": "#1"},
				"south": {"uv": [0, 0, 1.7, 1.2], "rotation": 90, "texture": "#1"},
				"west": {"uv": [0, 0, 1.7, 2.5], "rotation": 90, "texture": "#1"},
				"up": {"uv": [0, 0, 2.5, 1.2], "rotation": 90, "texture": "#1"},
				"down": {"uv": [0, 0, 2.5, 1.2], "rotation": 90, "texture": "#1"}
			}
		},
		{
			"from": [4.65043, 1.89022, 5.3103],
			"to": [5.70043, 3.09022, 7.8103],
			"rotation": {"angle": 45, "axis": "z", "origin": [4.80043, 3.39022, 9.3103]},
			"faces": {
				"north": {"uv": [0, 0, 1.05, 1.2], "texture": "#1"},
				"east": {"uv": [0, 0, 2.5, 1.2], "texture": "#1"},
				"south": {"uv": [0, 0, 1.05, 1.2], "texture": "#1"},
				"west": {"uv": [0, 0, 2.5, 1.2], "texture": "#1"},
				"up": {"uv": [0, 0, 1.05, 2.5], "texture": "#1"},
				"down": {"uv": [0, 0, 1.05, 2.5], "texture": "#1"}
			}
		},
		{
			"from": [5.52273, 3.19905, 4.0603],
			"to": [6.82273, 4.39905, 6.5603],
			"rotation": {"angle": 22.5, "axis": "z", "origin": [5.67273, 4.69905, 8.0603]},
			"faces": {
				"north": {"uv": [0, 0, 1.3, 1.2], "texture": "#1"},
				"east": {"uv": [0, 0, 2.5, 1.2], "texture": "#1"},
				"south": {"uv": [0, 0, 1.3, 1.2], "texture": "#1"},
				"west": {"uv": [0, 0, 2.5, 1.2], "texture": "#1"},
				"up": {"uv": [0, 0, 1.3, 2.5], "texture": "#1"},
				"down": {"uv": [0, 0, 1.3, 2.5], "texture": "#1"}
			}
		},
		{
			"from": [5.52273, 2.64905, 2.8103],
			"to": [6.82273, 3.84905, 5.3103],
			"rotation": {"angle": 22.5, "axis": "z", "origin": [5.67273, 4.14905, 6.8103]},
			"faces": {
				"north": {"uv": [0, 0, 1.3, 1.2], "texture": "#1"},
				"east": {"uv": [0, 0, 2.5, 1.2], "texture": "#1"},
				"south": {"uv": [0, 0, 1.3, 1.2], "texture": "#1"},
				"west": {"uv": [0, 0, 2.5, 1.2], "texture": "#1"},
				"up": {"uv": [0, 0, 1.3, 2.5], "texture": "#1"},
				"down": {"uv": [0, 0, 1.3, 2.5], "texture": "#1"}
			}
		},
		{
			"from": [5.52273, 2.14667, 1.51963],
			"to": [6.82273, 3.34667, 4.01963],
			"rotation": {"angle": 22.5, "axis": "z", "origin": [5.67273, 3.64667, 5.51963]},
			"faces": {
				"north": {"uv": [0, 0, 1.3, 1.2], "texture": "#1"},
				"east": {"uv": [0, 0, 2.5, 1.2], "texture": "#1"},
				"south": {"uv": [0, 0, 1.3, 1.2], "texture": "#1"},
				"west": {"uv": [0, 0, 2.5, 1.2], "texture": "#1"},
				"up": {"uv": [0, 0, 1.3, 2.5], "texture": "#1"},
				"down": {"uv": [0, 0, 1.3, 2.5], "texture": "#1"}
			}
		},
		{
			"from": [5.52273, 2.64905, 5.3103],
			"to": [6.82273, 3.84905, 7.8103],
			"rotation": {"angle": 22.5, "axis": "z", "origin": [5.67273, 4.14905, 9.3103]},
			"faces": {
				"north": {"uv": [0, 0, 1.3, 1.2], "texture": "#1"},
				"east": {"uv": [0, 0, 2.5, 1.2], "texture": "#1"},
				"south": {"uv": [0, 0, 1.3, 1.2], "texture": "#1"},
				"west": {"uv": [0, 0, 2.5, 1.2], "texture": "#1"},
				"up": {"uv": [0, 0, 1.3, 2.5], "texture": "#1"},
				"down": {"uv": [0, 0, 1.3, 2.5], "texture": "#1"}
			}
		},
		{
			"from": [5.62273, 2.14905, 6.5603],
			"to": [6.82273, 3.34905, 9.0603],
			"rotation": {"angle": 22.5, "axis": "z", "origin": [5.67273, 3.64905, 10.5603]},
			"faces": {
				"north": {"uv": [0, 0, 1.2, 1.2], "texture": "#1"},
				"east": {"uv": [0, 0, 2.5, 1.2], "texture": "#1"},
				"south": {"uv": [0, 0, 1.2, 1.2], "texture": "#1"},
				"west": {"uv": [0, 0, 2.5, 1.2], "texture": "#1"},
				"up": {"uv": [0, 0, 1.2, 2.5], "texture": "#1"},
				"down": {"uv": [0, 0, 1.2, 2.5], "texture": "#1"}
			}
		},
		{
			"from": [5.72273, 1.64905, 7.8103],
			"to": [6.82273, 2.84905, 10.3103],
			"rotation": {"angle": 22.5, "axis": "z", "origin": [5.67273, 3.14905, 11.8103]},
			"faces": {
				"north": {"uv": [0, 0, 1.1, 1.2], "texture": "#1"},
				"east": {"uv": [0, 0, 2.5, 1.2], "texture": "#1"},
				"south": {"uv": [0, 0, 1.1, 1.2], "texture": "#1"},
				"west": {"uv": [0, 0, 2.5, 1.2], "texture": "#1"},
				"up": {"uv": [0, 0, 1.1, 2.5], "texture": "#1"},
				"down": {"uv": [0, 0, 1.1, 2.5], "texture": "#1"}
			}
		},
		{
			"from": [5.72273, 1.09905, 9.0603],
			"to": [6.82273, 2.29905, 11.5603],
			"rotation": {"angle": 22.5, "axis": "z", "origin": [5.67273, 2.59905, 13.0603]},
			"faces": {
				"north": {"uv": [0, 0, 1.1, 1.2], "texture": "#1"},
				"east": {"uv": [0, 0, 2.5, 1.2], "texture": "#1"},
				"south": {"uv": [0, 0, 1.1, 1.2], "texture": "#1"},
				"west": {"uv": [0, 0, 2.5, 1.2], "texture": "#1"},
				"up": {"uv": [0, 0, 1.1, 2.5], "texture": "#1"},
				"down": {"uv": [0, 0, 1.1, 2.5], "texture": "#1"}
			}
		},
		{
			"from": [4.47365, 2.26344, 4.0603],
			"to": [5.77365, 3.46344, 6.5603],
			"rotation": {"angle": 45, "axis": "z", "origin": [4.62365, 3.76344, 8.0603]},
			"faces": {
				"north": {"uv": [0, 0, 1.3, 1.2], "texture": "#1"},
				"east": {"uv": [0, 0, 2.5, 1.2], "texture": "#1"},
				"south": {"uv": [0, 0, 1.3, 1.2], "texture": "#1"},
				"west": {"uv": [0, 0, 2.5, 1.2], "texture": "#1"},
				"up": {"uv": [0, 0, 1.3, 2.5], "texture": "#1"},
				"down": {"uv": [0, 0, 1.3, 2.5], "texture": "#1"}
			}
		},
		{
			"from": [4.34586, 2.02742, 7.8103],
			"to": [5.44586, 3.22742, 10.3103],
			"rotation": {"angle": 45, "axis": "z", "origin": [6.04586, 3.52742, 11.8103]},
			"faces": {
				"north": {"uv": [0, 0, 1.1, 1.2], "texture": "#1"},
				"east": {"uv": [0, 0, 2.5, 1.2], "texture": "#1"},
				"south": {"uv": [0, 0, 1.1, 1.2], "texture": "#1"},
				"west": {"uv": [0, 0, 2.5, 1.2], "texture": "#1"},
				"up": {"uv": [0, 0, 1.1, 2.5], "texture": "#1"},
				"down": {"uv": [0, 0, 1.1, 2.5], "texture": "#1"}
			}
		},
		{
			"from": [6.85, 4.66197, 4.0603],
			"to": [9.15, 4.86197, 6.5603],
			"rotation": {"angle": 0, "axis": "y", "origin": [8, 5.16197, 8.0603]},
			"faces": {
				"north": {"uv": [0, 0, 2.3, 0.2], "texture": "#1"},
				"east": {"uv": [0, 0, 2.5, 0.2], "texture": "#1"},
				"south": {"uv": [0, 0, 2.3, 0.2], "texture": "#1"},
				"west": {"uv": [0, 0, 2.5, 0.2], "texture": "#1"},
				"up": {"uv": [0, 0, 2.3, 2.5], "texture": "#1"},
				"down": {"uv": [0, 0, 2.3, 2.5], "texture": "#1"}
			}
		},
		{
			"from": [6.85, 2.1084, 6.37063],
			"to": [9.15, 3.3084, 12.62063],
			"rotation": {"angle": 22.5, "axis": "x", "origin": [8, 3.6084, 10.37063]},
			"faces": {
				"north": {"uv": [0, 0, 2.3, 1.2], "texture": "#1"},
				"east": {"uv": [0, 0, 6.25, 1.2], "texture": "#1"},
				"south": {"uv": [0, 0, 2.3, 1.2], "texture": "#1"},
				"west": {"uv": [0, 0, 6.25, 1.2], "texture": "#1"},
				"up": {"uv": [0, 0, 2.3, 6.25], "texture": "#1"},
				"down": {"uv": [0, 0, 2.3, 6.25], "texture": "#1"}
			}
		},
		{
			"from": [6.85, 4.21316, 1.08132],
			"to": [9.15, 5.41316, 3.83132],
			"rotation": {"angle": -22.5, "axis": "x", "origin": [8, 5.71316, 5.33132]},
			"faces": {
				"north": {"uv": [0, 0, 2.3, 1.2], "texture": "#1"},
				"east": {"uv": [0, 0, 2.75, 1.2], "texture": "#1"},
				"south": {"uv": [0, 0, 2.3, 1.2], "texture": "#1"},
				"west": {"uv": [0, 0, 2.75, 1.2], "texture": "#1"},
				"up": {"uv": [0, 0, 2.3, 2.75], "texture": "#1"},
				"down": {"uv": [0, 0, 2.3, 2.75], "texture": "#1"}
			}
		},
		{
			"from": [6.85, 2.60959, 1.51963],
			"to": [9.15, 3.80959, 4.26963],
			"rotation": {"angle": 0, "axis": "y", "origin": [8, 4.10959, 5.76963]},
			"faces": {
				"north": {"uv": [0, 0, 2.3, 1.2], "texture": "#1"},
				"east": {"uv": [0, 0, 2.75, 1.2], "texture": "#1"},
				"south": {"uv": [0, 0, 2.3, 1.2], "texture": "#1"},
				"west": {"uv": [0, 0, 2.75, 1.2], "texture": "#1"},
				"up": {"uv": [0, 0, 2.3, 2.75], "texture": "#1"},
				"down": {"uv": [0, 0, 2.3, 2.75], "texture": "#1"}
			}
		},
		{
			"from": [7.35, 5.46316, 2.08132],
			"to": [8.65, 5.76316, 3.33132],
			"rotation": {"angle": -22.5, "axis": "x", "origin": [8, 6.71316, 5.33132]},
			"faces": {
				"north": {"uv": [0, 0, 1.3, 0.3], "texture": "#3"},
				"east": {"uv": [0, 0, 1.25, 0.3], "texture": "#3"},
				"south": {"uv": [0, 0, 1.3, 0.3], "texture": "#3"},
				"west": {"uv": [0, 0, 1.25, 0.3], "texture": "#3"},
				"up": {"uv": [0, 0, 1.3, 1.25], "texture": "#missing"},
				"down": {"uv": [0, 0, 1.3, 1.25], "texture": "#missing"}
			}
		},
		{
			"from": [6.35, 5.49033, 1.46651],
			"to": [9.65, 7.79033, 5.21651],
			"rotation": {"angle": -22.5, "axis": "x", "origin": [8, 6.74033, 4.71651]},
			"faces": {
				"north": {"uv": [0, 0, 3.3, 2.3], "texture": "#1"},
				"east": {"uv": [0, 0, 3.75, 2.3], "texture": "#1"},
				"south": {"uv": [0, 0, 3.3, 2.3], "texture": "#1"},
				"west": {"uv": [0, 0, 3.75, 2.3], "texture": "#1"},
				"up": {"uv": [0, 0, 3.3, 3.75], "texture": "#1"},
				"down": {"uv": [0, 0, 3.3, 3.75], "texture": "#1"}
			}
		},
		{
			"from": [6.35, 7.79413, 1.78565],
			"to": [9.65, 9.59413, 4.98565],
			"rotation": {"angle": -22.5, "axis": "x", "origin": [8, 6.69413, 4.73565]},
			"faces": {
				"north": {"uv": [0, 0, 3.3, 1.8], "texture": "#1"},
				"east": {"uv": [0, 0, 3.2, 1.8], "texture": "#1"},
				"south": {"uv": [0, 0, 3.3, 1.8], "texture": "#1"},
				"west": {"uv": [0, 0, 3.2, 1.8], "texture": "#1"},
				"up": {"uv": [0, 0, 3.3, 3.2], "texture": "#1"},
				"down": {"uv": [0, 0, 3.3, 3.2], "texture": "#1"}
			}
		},
		{
			"from": [6.6, 9.54413, 2.03565],
			"to": [9.4, 9.94413, 4.73565],
			"rotation": {"angle": -22.5, "axis": "x", "origin": [8, 6.69413, 4.73565]},
			"faces": {
				"north": {"uv": [0, 0, 2.8, 0.4], "texture": "#1"},
				"east": {"uv": [0, 0, 2.7, 0.4], "texture": "#1"},
				"south": {"uv": [0, 0, 2.8, 0.4], "texture": "#1"},
				"west": {"uv": [0, 0, 2.7, 0.4], "texture": "#1"},
				"up": {"uv": [0, 0, 2.8, 2.7], "texture": "#1"},
				"down": {"uv": [0, 0, 2.8, 2.7], "texture": "#1"}
			}
		},
		{
			"from": [8.6, 10.12658, 5.6749],
			"to": [9.4, 10.52658, 6.3749],
			"rotation": {"angle": -45, "axis": "x", "origin": [8, 7.27658, 5.6249]},
			"faces": {
				"north": {"uv": [0, 0, 0.8, 0.4], "texture": "#1"},
				"east": {"uv": [0, 0, 0.7, 0.4], "texture": "#1"},
				"south": {"uv": [0, 0, 0.8, 0.4], "texture": "#1"},
				"west": {"uv": [0, 0, 0.7, 0.4], "texture": "#1"},
				"up": {"uv": [0, 0, 0.8, 0.7], "texture": "#1"},
				"down": {"uv": [0, 0, 0.8, 0.7], "texture": "#1"}
			}
		},
		{
			"from": [8.35, 9.56538, 5.15794],
			"to": [9.65, 10.06538, 6.10794],
			"rotation": {"angle": -22.5, "axis": "x", "origin": [8, 6.81538, 4.40794]},
			"faces": {
				"north": {"uv": [0, 0, 1.3, 0.5], "texture": "#1"},
				"east": {"uv": [0, 0, 0.95, 0.5], "texture": "#1"},
				"south": {"uv": [0, 0, 1.3, 0.5], "texture": "#1"},
				"west": {"uv": [0, 0, 0.95, 0.5], "texture": "#1"},
				"up": {"uv": [0, 0, 1.3, 0.95], "texture": "#1"},
				"down": {"uv": [0, 0, 1.3, 0.95], "texture": "#1"}
			}
		},
		{
			"from": [8.35, 9.94849, 7.83255],
			"to": [9.65, 10.39849, 8.78255],
			"rotation": {"angle": -22.5, "axis": "x", "origin": [8, 7.14849, 7.08255]},
			"faces": {
				"north": {"uv": [0, 0, 1.3, 0.45], "texture": "#1"},
				"east": {"uv": [0, 0, 0.95, 0.45], "texture": "#1"},
				"south": {"uv": [0, 0, 1.3, 0.45], "texture": "#1"},
				"west": {"uv": [0, 0, 0.95, 0.45], "texture": "#1"},
				"up": {"uv": [0, 0, 1.3, 0.95], "texture": "#1"},
				"down": {"uv": [0, 0, 1.3, 0.95], "texture": "#1"}
			}
		},
		{
			"from": [8.6, 10.07935, 8.78636],
			"to": [9.4, 10.37935, 9.73636],
			"rotation": {"angle": -22.5, "axis": "x", "origin": [8, 7.12935, 7.03636]},
			"faces": {
				"north": {"uv": [0, 0, 0.8, 0.3], "texture": "#1"},
				"east": {"uv": [0, 0, 0.95, 0.3], "texture": "#1"},
				"south": {"uv": [0, 0, 0.8, 0.3], "texture": "#1"},
				"west": {"uv": [0, 0, 0.95, 0.3], "texture": "#1"},
				"up": {"uv": [0, 0, 0.8, 0.95], "texture": "#1"},
				"down": {"uv": [0, 0, 0.8, 0.95], "texture": "#1"}
			}
		},
		{
			"from": [6.6, 11.08564, 6.52431],
			"to": [7.4, 11.38564, 7.47431],
			"rotation": {"angle": 22.5, "axis": "x", "origin": [5.75, 8.13564, 4.77431]},
			"faces": {
				"north": {"uv": [0, 0, 0.8, 0.3], "texture": "#1"},
				"east": {"uv": [0, 0, 0.95, 0.3], "texture": "#1"},
				"south": {"uv": [0, 0, 0.8, 0.3], "texture": "#1"},
				"west": {"uv": [0, 0, 0.95, 0.3], "texture": "#1"},
				"up": {"uv": [0, 0, 0.8, 0.95], "texture": "#1"},
				"down": {"uv": [0, 0, 0.8, 0.95], "texture": "#1"}
			}
		},
		{
			"from": [8.1, 9.86856, 4.73482],
			"to": [9.9, 10.46856, 6.68482],
			"rotation": {"angle": 0, "axis": "y", "origin": [8, 7.21856, 3.03482]},
			"faces": {
				"north": {"uv": [0, 0, 1.8, 0.6], "texture": "#1"},
				"east": {"uv": [0, 0, 1.95, 0.6], "texture": "#1"},
				"south": {"uv": [0, 0, 1.8, 0.6], "texture": "#1"},
				"west": {"uv": [0, 0, 1.95, 0.6], "texture": "#1"},
				"up": {"uv": [0, 0, 1.8, 1.95], "texture": "#1"},
				"down": {"uv": [0, 0, 1.8, 1.95], "texture": "#1"}
			}
		},
		{
			"from": [6.6, 10.12658, 5.6749],
			"to": [7.4, 10.52658, 6.3749],
			"rotation": {"angle": -45, "axis": "x", "origin": [8, 7.27658, 5.6249]},
			"faces": {
				"north": {"uv": [0, 0, 0.8, 0.4], "texture": "#1"},
				"east": {"uv": [0, 0, 0.7, 0.4], "texture": "#1"},
				"south": {"uv": [0, 0, 0.8, 0.4], "texture": "#1"},
				"west": {"uv": [0, 0, 0.7, 0.4], "texture": "#1"},
				"up": {"uv": [0, 0, 0.8, 0.7], "texture": "#1"},
				"down": {"uv": [0, 0, 0.8, 0.7], "texture": "#1"}
			}
		},
		{
			"from": [6.35, 9.56538, 5.15794],
			"to": [7.65, 10.06538, 6.10794],
			"rotation": {"angle": -22.5, "axis": "x", "origin": [8, 6.81538, 4.40794]},
			"faces": {
				"north": {"uv": [0, 0, 1.3, 0.5], "texture": "#1"},
				"east": {"uv": [0, 0, 0.95, 0.5], "texture": "#1"},
				"south": {"uv": [0, 0, 1.3, 0.5], "texture": "#1"},
				"west": {"uv": [0, 0, 0.95, 0.5], "texture": "#1"},
				"up": {"uv": [0, 0, 1.3, 0.95], "texture": "#1"},
				"down": {"uv": [0, 0, 1.3, 0.95], "texture": "#1"}
			}
		},
		{
			"from": [6.35, 10.01856, 6.68482],
			"to": [7.65, 10.46856, 7.63482],
			"rotation": {"angle": 0, "axis": "y", "origin": [8, 7.21856, 5.93482]},
			"faces": {
				"north": {"uv": [0, 0, 1.3, 0.45], "texture": "#1"},
				"east": {"uv": [0, 0, 0.95, 0.45], "texture": "#1"},
				"south": {"uv": [0, 0, 1.3, 0.45], "texture": "#1"},
				"west": {"uv": [0, 0, 0.95, 0.45], "texture": "#1"},
				"up": {"uv": [0, 0, 1.3, 0.95], "texture": "#1"},
				"down": {"uv": [0, 0, 1.3, 0.95], "texture": "#1"}
			}
		},
		{
			"from": [6.1, 9.86856, 4.73482],
			"to": [7.9, 10.46856, 6.68482],
			"rotation": {"angle": 0, "axis": "y", "origin": [8, 7.21856, 3.03482]},
			"faces": {
				"north": {"uv": [0, 0, 1.8, 0.6], "texture": "#1"},
				"east": {"uv": [0, 0, 1.95, 0.6], "texture": "#1"},
				"south": {"uv": [0, 0, 1.8, 0.6], "texture": "#1"},
				"west": {"uv": [0, 0, 1.95, 0.6], "texture": "#1"},
				"up": {"uv": [0, 0, 1.8, 1.95], "texture": "#1"},
				"down": {"uv": [0, 0, 1.8, 1.95], "texture": "#1"}
			}
		},
		{
			"from": [6.6, 8.79413, 1.63565],
			"to": [9.4, 9.09413, 1.78565],
			"rotation": {"angle": -22.5, "axis": "x", "origin": [8, 6.69413, 4.73565]},
			"faces": {
				"north": {"uv": [0, 0, 2.8, 0.3], "texture": "#1"},
				"east": {"uv": [0, 0, 0.15, 0.3], "texture": "#1"},
				"south": {"uv": [0, 0, 2.8, 0.3], "texture": "#1"},
				"west": {"uv": [0, 0, 0.15, 0.3], "texture": "#1"},
				"up": {"uv": [0, 0, 2.8, 0.15], "texture": "#1"},
				"down": {"uv": [0, 0, 2.8, 0.15], "texture": "#1"}
			}
		},
		{
			"from": [9.1, 7.79413, 1.63565],
			"to": [9.4, 8.84413, 1.78565],
			"rotation": {"angle": -22.5, "axis": "x", "origin": [8, 6.69413, 4.73565]},
			"faces": {
				"north": {"uv": [0, 0, 0.3, 1.05], "texture": "#1"},
				"east": {"uv": [0, 0, 0.15, 1.05], "texture": "#1"},
				"south": {"uv": [0, 0, 0.3, 1.05], "texture": "#1"},
				"west": {"uv": [0, 0, 0.15, 1.05], "texture": "#1"},
				"up": {"uv": [0, 0, 0.3, 0.15], "texture": "#1"},
				"down": {"uv": [0, 0, 0.3, 0.15], "texture": "#1"}
			}
		},
		{
			"from": [6.6, 7.79413, 1.63565],
			"to": [6.9, 8.84413, 1.78565],
			"rotation": {"angle": -22.5, "axis": "x", "origin": [8, 6.69413, 4.73565]},
			"faces": {
				"north": {"uv": [0, 0, 0.3, 1.05], "texture": "#1"},
				"east": {"uv": [0, 0, 0.15, 1.05], "texture": "#1"},
				"south": {"uv": [0, 0, 0.3, 1.05], "texture": "#1"},
				"west": {"uv": [0, 0, 0.15, 1.05], "texture": "#1"},
				"up": {"uv": [0, 0, 0.3, 0.15], "texture": "#1"},
				"down": {"uv": [0, 0, 0.3, 0.15], "texture": "#1"}
			}
		},
		{
			"from": [7.85, 7.79413, 1.63565],
			"to": [8.15, 8.84413, 1.78565],
			"rotation": {"angle": -22.5, "axis": "x", "origin": [8, 6.69413, 4.73565]},
			"faces": {
				"north": {"uv": [0, 0, 0.3, 1.05], "texture": "#1"},
				"east": {"uv": [0, 0, 0.15, 1.05], "texture": "#1"},
				"south": {"uv": [0, 0, 0.3, 1.05], "texture": "#1"},
				"west": {"uv": [0, 0, 0.15, 1.05], "texture": "#1"},
				"up": {"uv": [0, 0, 0.3, 0.15], "texture": "#1"},
				"down": {"uv": [0, 0, 0.3, 0.15], "texture": "#1"}
			}
		},
		{
			"from": [6.85, 7.79413, 1.68565],
			"to": [9.15, 8.84413, 1.83565],
			"rotation": {"angle": -22.5, "axis": "x", "origin": [8, 6.69413, 4.73565]},
			"faces": {
				"north": {"uv": [0, 0, 2.3, 1.05], "texture": "#0"},
				"east": {"uv": [0, 0, 0.15, 1.05], "texture": "#missing"},
				"south": {"uv": [0, 0, 2.3, 1.05], "texture": "#missing"},
				"west": {"uv": [0, 0, 0.15, 1.05], "texture": "#missing"},
				"up": {"uv": [0, 0, 2.3, 0.15], "texture": "#missing"},
				"down": {"uv": [0, 0, 2.3, 0.15], "texture": "#missing"}
			}
		},
		{
			"from": [7.1, 5.56355, -1.96026],
			"to": [8.9, 6.31355, 0.53974],
			"rotation": {"angle": -22.5, "axis": "x", "origin": [8, 6.81355, 5.28974]},
			"faces": {
				"north": {"uv": [0, 0, 1.8, 0.75], "texture": "#1"},
				"east": {"uv": [0, 0, 2.5, 0.75], "texture": "#1"},
				"south": {"uv": [0, 0, 1.8, 0.75], "texture": "#missing"},
				"west": {"uv": [0, 0, 2.5, 0.75], "texture": "#1"},
				"up": {"uv": [0, 0, 1.8, 2.5], "texture": "#0"},
				"down": {"uv": [0, 0, 1.8, 2.5], "texture": "#1"}
			}
		},
		{
			"from": [6.85, 8.07103, -1.40803],
			"to": [9.15, 8.87103, 0.34197],
			"rotation": {"angle": -45, "axis": "x", "origin": [8, 9.32103, 5.09197]},
			"faces": {
				"north": {"uv": [0, 0, 2.3, 0.8], "texture": "#1"},
				"east": {"uv": [0, 0, 1.75, 0.8], "texture": "#1"},
				"south": {"uv": [0, 0, 2.3, 0.8], "texture": "#missing"},
				"west": {"uv": [0, 0, 1.75, 0.8], "texture": "#1"},
				"up": {"uv": [0, 0, 2.3, 1.75], "texture": "#0"},
				"down": {"uv": [0, 0, 2.3, 1.75], "texture": "#1"}
			}
		},
		{
			"from": [6.85, 6.99033, -0.78349],
			"to": [9.15, 7.79033, 1.71651],
			"rotation": {"angle": -22.5, "axis": "x", "origin": [8, 8.24033, 4.71651]},
			"faces": {
				"north": {"uv": [0, 0, 2.3, 0.8], "texture": "#1"},
				"east": {"uv": [0, 0, 2.5, 0.8], "texture": "#1"},
				"south": {"uv": [0, 0, 2.3, 0.8], "texture": "#missing"},
				"west": {"uv": [0, 0, 2.5, 0.8], "texture": "#1"},
				"up": {"uv": [0, 0, 2.3, 2.5], "texture": "#1"},
				"down": {"uv": [0, 0, 2.3, 2.5], "texture": "#0"}
			}
		},
		{
			"from": [7.35, 2.88424, -3.18004],
			"to": [8.65, 3.58424, -0.93004],
			"rotation": {"angle": 0, "axis": "y", "origin": [7.25, 4.48424, 5.76996]},
			"faces": {
				"north": {"uv": [0, 0, 1.3, 0.7], "texture": "#1"},
				"east": {"uv": [0, 0, 2.25, 0.7], "texture": "#1"},
				"south": {"uv": [0, 0, 1.3, 0.7], "texture": "#missing"},
				"west": {"uv": [0, 0, 2.25, 0.7], "texture": "#1"},
				"up": {"uv": [0, 0, 1.3, 2.25], "texture": "#0"},
				"down": {"uv": [0, 0, 1.3, 2.25], "texture": "#1"}
			}
		},
		{
			"from": [7.35, 4.98072, -2.38647],
			"to": [8.65, 5.78072, 0.11353],
			"rotation": {"angle": 0, "axis": "y", "origin": [8, 6.23072, 6.11353]},
			"faces": {
				"north": {"uv": [0, 0, 1.3, 0.8], "texture": "#1"},
				"east": {"uv": [0, 0, 2.5, 0.8], "texture": "#1"},
				"south": {"uv": [0, 0, 1.3, 0.8], "texture": "#missing"},
				"west": {"uv": [0, 0, 2.5, 0.8], "texture": "#1"},
				"up": {"uv": [0, 0, 1.3, 2.5], "texture": "#1"},
				"down": {"uv": [0, 0, 1.3, 2.5], "texture": "#0"}
			}
		},
		{
			"from": [7.6, 1.44142, -4.5932],
			"to": [8.4, 2.24142, -2.5932],
			"rotation": {"angle": 22.5, "axis": "x", "origin": [8, 2.69142, 6.4068]},
			"faces": {
				"north": {"uv": [0, 0, 0.8, 0.8], "texture": "#1"},
				"east": {"uv": [0, 0, 2, 0.8], "texture": "#1"},
				"south": {"uv": [0, 0, 0.8, 0.8], "texture": "#missing"},
				"west": {"uv": [0, 0, 2, 0.8], "texture": "#1"},
				"up": {"uv": [0, 0, 0.8, 2], "texture": "#1"},
				"down": {"uv": [0, 0, 0.8, 2], "texture": "#0"}
			}
		},
		{
			"from": [7.35, 1.59323, -5.81327],
			"to": [8.65, 2.89323, -4.51327],
			"rotation": {"angle": 22.5, "axis": "x", "origin": [8, 3.09323, 5.43673]},
			"faces": {
				"north": {"uv": [0, 0, 1.3, 1.3], "texture": "#2"},
				"east": {"uv": [0, 0, 1.3, 1.3], "texture": "#2"},
				"south": {"uv": [0, 0, 1.3, 1.3], "texture": "#2"},
				"west": {"uv": [0, 0, 1.3, 1.3], "texture": "#2"},
				"up": {"uv": [0, 0, 1.3, 1.3], "texture": "#2"},
				"down": {"uv": [0, 0, 1.3, 1.3], "texture": "#2"}
			}
		}
	],
	"display": {
		"thirdperson_righthand": {
			"rotation": [66.5, 0, 0],
			"translation": [0, 9.5, -11.25]
		},
		"thirdperson_lefthand": {
			"rotation": [66.5, 0, 0],
			"translation": [0, 9.5, -11.25]
		},
		"gui": {
			"rotation": [-8, 149, 0],
			"translation": [-1.25, 0.25, 0],
			"scale": [0.74, 0.74, 0.74]
		},
		"fixed": {
			"rotation": [9, -50, 0],
			"translation": [-2.25, 0, 0]
		}
	},
	"groups": [
		{
			"name": "Stick",
			"origin": [8, 8, 8],
			"children": [0, 1, 2, 3, 4, 5, 6, 7, 8, 9, 10, 11, 12, 13, 14]
		},
		{
			"name": "Right Cloak",
			"origin": [8, 8, 8],
			"children": [15, 16, 17, 18, 19, 20, 21, 22, 23, 24, 25, 26, 27, 28, 29, 30, 31, 32]
		},
		{
			"name": "Left Cloak",
			"origin": [8, 8, 8],
			"children": [33, 34, 35, 36, 37, 38, 39, 40, 41, 42, 43, 44, 45, 46, 47, 48, 49, 50]
		},
		{
			"name": "Head",
			"origin": [8, 8, 8],
			"children": [51, 52, 53, 54, 55, 56, 57, 58, 59, 60, 61, 62, 63, 64, 65, 66, 67, 68, 69, 70, 71, 72, 73, 74, 75, 76, 77, 78, 79, 80]
		}
	]
}
