{
	"credit": "Made with Blockbench",
	"textures": {
		"0": "blocks/gold_block",
		"3": "blocks/glowstone",
		"6": "blocks/wool_colored_black"
	},
	"elements": [
		{
			"name": "Rim 1",
			"from": [6, 0, 1.5],
			"to": [10, 1, 2],
			"faces": {
				"north": {"uv": [0, 5, 1, 6], "texture": "#0"},
				"east": {"uv": [0, 5, 1, 6], "texture": "#0"},
				"south": {"uv": [0, 5, 1, 6], "texture": "#0"},
				"west": {"uv": [0, 5, 1, 6], "texture": "#0"},
				"up": {"uv": [0, 5, 1, 6], "texture": "#0"},
				"down": {"uv": [0, 5, 1, 6], "texture": "#0"}
			}
		},
		{
			"name": "Rim 2",
			"from": [1.5, 0, 6],
			"to": [2, 1, 10],
			"faces": {
				"north": {"uv": [0, 5, 1, 6], "texture": "#0"},
				"east": {"uv": [0, 5, 1, 6], "texture": "#0"},
				"south": {"uv": [0, 5, 1, 6], "texture": "#0"},
				"west": {"uv": [0, 5, 1, 6], "texture": "#0"},
				"up": {"uv": [0, 5, 1, 6], "texture": "#0"},
				"down": {"uv": [0, 5, 1, 6], "texture": "#0"}
			}
		},
		{
			"name": "Rim 3",
			"from": [6, 0, 14],
			"to": [10, 1, 14.5],
			"faces": {
				"north": {"uv": [0, 5, 1, 6], "texture": "#0"},
				"east": {"uv": [0, 5, 1, 6], "texture": "#0"},
				"south": {"uv": [0, 5, 1, 6], "texture": "#0"},
				"west": {"uv": [0, 5, 1, 6], "texture": "#0"},
				"up": {"uv": [0, 5, 1, 6], "texture": "#0"},
				"down": {"uv": [0, 5, 1, 6], "texture": "#0"}
			}
		},
		{
			"name": "Rim 4",
			"from": [14, 0, 6],
			"to": [14.5, 1, 10],
			"faces": {
				"north": {"uv": [0, 5, 1, 6], "texture": "#0"},
				"east": {"uv": [0, 5, 1, 6], "texture": "#0"},
				"south": {"uv": [0, 5, 1, 6], "texture": "#0"},
				"west": {"uv": [0, 5, 1, 6], "texture": "#0"},
				"up": {"uv": [0, 5, 1, 6], "texture": "#0"},
				"down": {"uv": [0, 5, 1, 6], "texture": "#0"}
			}
		},
		{
			"name": "Rim 5",
			"from": [2, 0, 4],
			"to": [3, 1, 6],
			"faces": {
				"north": {"uv": [0, 5, 1, 6], "texture": "#0"},
				"east": {"uv": [0, 5, 1, 6], "texture": "#0"},
				"south": {"uv": [0, 5, 1, 6], "texture": "#0"},
				"west": {"uv": [0, 5, 1, 6], "texture": "#0"},
				"up": {"uv": [0, 5, 1, 6], "texture": "#0"},
				"down": {"uv": [0, 5, 1, 6], "texture": "#0"}
			}
		},
		{
			"name": "Rim 6",
			"from": [2, 0, 10],
			"to": [3, 1, 12],
			"faces": {
				"north": {"uv": [0, 5, 1, 6], "texture": "#0"},
				"east": {"uv": [0, 5, 1, 6], "texture": "#0"},
				"south": {"uv": [0, 5, 1, 6], "texture": "#0"},
				"west": {"uv": [0, 5, 1, 6], "texture": "#0"},
				"up": {"uv": [0, 5, 1, 6], "texture": "#0"},
				"down": {"uv": [0, 5, 1, 6], "texture": "#0"}
			}
		},
		{
			"name": "Rim 7",
			"from": [13, 0, 10],
			"to": [14, 1, 12],
			"faces": {
				"north": {"uv": [0, 5, 1, 6], "texture": "#0"},
				"east": {"uv": [0, 5, 1, 6], "texture": "#0"},
				"south": {"uv": [0, 5, 1, 6], "texture": "#0"},
				"west": {"uv": [0, 5, 1, 6], "texture": "#0"},
				"up": {"uv": [0, 5, 1, 6], "texture": "#0"},
				"down": {"uv": [0, 5, 1, 6], "texture": "#0"}
			}
		},
		{
			"name": "Rim 8",
			"from": [13, 0, 4],
			"to": [14, 1, 6],
			"faces": {
				"north": {"uv": [0, 5, 1, 6], "texture": "#0"},
				"east": {"uv": [0, 5, 1, 6], "texture": "#0"},
				"south": {"uv": [0, 5, 1, 6], "texture": "#0"},
				"west": {"uv": [0, 5, 1, 6], "texture": "#0"},
				"up": {"uv": [0, 5, 1, 6], "texture": "#0"},
				"down": {"uv": [0, 5, 1, 6], "texture": "#0"}
			}
		},
		{
			"name": "Rim 9",
			"from": [10, 0, 2],
			"to": [12, 1, 3],
			"faces": {
				"north": {"uv": [0, 5, 1, 6], "texture": "#0"},
				"east": {"uv": [0, 5, 1, 6], "texture": "#0"},
				"south": {"uv": [0, 5, 1, 6], "texture": "#0"},
				"west": {"uv": [0, 5, 1, 6], "texture": "#0"},
				"up": {"uv": [0, 5, 1, 6], "texture": "#0"},
				"down": {"uv": [0, 5, 1, 6], "texture": "#0"}
			}
		},
		{
			"name": "Rim 10",
			"from": [4, 0, 2],
			"to": [6, 1, 3],
			"faces": {
				"north": {"uv": [0, 5, 1, 6], "texture": "#0"},
				"east": {"uv": [0, 5, 1, 6], "texture": "#0"},
				"south": {"uv": [0, 5, 1, 6], "texture": "#0"},
				"west": {"uv": [0, 5, 1, 6], "texture": "#0"},
				"up": {"uv": [0, 5, 1, 6], "texture": "#0"},
				"down": {"uv": [0, 5, 1, 6], "texture": "#0"}
			}
		},
		{
			"name": "Rim 11",
			"from": [4, 0, 13],
			"to": [6, 1, 14],
			"faces": {
				"north": {"uv": [0, 5, 1, 6], "texture": "#0"},
				"east": {"uv": [0, 5, 1, 6], "texture": "#0"},
				"south": {"uv": [0, 5, 1, 6], "texture": "#0"},
				"west": {"uv": [0, 5, 1, 6], "texture": "#0"},
				"up": {"uv": [0, 5, 1, 6], "texture": "#0"},
				"down": {"uv": [0, 5, 1, 6], "texture": "#0"}
			}
		},
		{
			"name": "Rim 12",
			"from": [10, 0, 13],
			"to": [12, 1, 14],
			"faces": {
				"north": {"uv": [0, 5, 1, 6], "texture": "#0"},
				"east": {"uv": [0, 5, 1, 6], "texture": "#0"},
				"south": {"uv": [0, 5, 1, 6], "texture": "#0"},
				"west": {"uv": [0, 5, 1, 6], "texture": "#0"},
				"up": {"uv": [0, 5, 1, 6], "texture": "#0"},
				"down": {"uv": [0, 5, 1, 6], "texture": "#0"}
			}
		},
		{
			"name": "Rim 13",
			"from": [3, 0, 3],
			"to": [4, 1, 4],
			"faces": {
				"north": {"uv": [0, 5, 1, 6], "texture": "#0"},
				"east": {"uv": [0, 5, 1, 6], "texture": "#0"},
				"south": {"uv": [0, 5, 1, 6], "texture": "#0"},
				"west": {"uv": [0, 5, 1, 6], "texture": "#0"},
				"up": {"uv": [0, 5, 1, 6], "texture": "#0"},
				"down": {"uv": [0, 5, 1, 6], "texture": "#0"}
			}
		},
		{
			"name": "Rim 14",
			"from": [3, 0, 12],
			"to": [4, 1, 13],
			"faces": {
				"north": {"uv": [0, 5, 1, 6], "texture": "#0"},
				"east": {"uv": [0, 5, 1, 6], "texture": "#0"},
				"south": {"uv": [0, 5, 1, 6], "texture": "#0"},
				"west": {"uv": [0, 5, 1, 6], "texture": "#0"},
				"up": {"uv": [0, 5, 1, 6], "texture": "#0"},
				"down": {"uv": [0, 5, 1, 6], "texture": "#0"}
			}
		},
		{
			"name": "Rim 15",
			"from": [12, 0, 12],
			"to": [13, 1, 13],
			"faces": {
				"north": {"uv": [0, 5, 1, 6], "texture": "#0"},
				"east": {"uv": [0, 5, 1, 6], "texture": "#0"},
				"south": {"uv": [0, 5, 1, 6], "texture": "#0"},
				"west": {"uv": [0, 5, 1, 6], "texture": "#0"},
				"up": {"uv": [0, 5, 1, 6], "texture": "#0"},
				"down": {"uv": [0, 5, 1, 6], "texture": "#0"}
			}
		},
		{
			"name": "Rim 16",
			"from": [12, 0, 3],
			"to": [13, 1, 4],
			"faces": {
				"north": {"uv": [0, 5, 1, 6], "texture": "#0"},
				"east": {"uv": [0, 5, 1, 6], "texture": "#0"},
				"south": {"uv": [0, 5, 1, 6], "texture": "#0"},
				"west": {"uv": [0, 5, 1, 6], "texture": "#0"},
				"up": {"uv": [0, 5, 1, 6], "texture": "#0"},
				"down": {"uv": [0, 5, 1, 6], "texture": "#0"}
			}
		},
		{
			"name": "Top 1",
			"from": [2, 1, 5],
			"to": [3, 2, 11],
			"faces": {
				"north": {"uv": [0, 0, 0, 1], "texture": "#0"},
				"east": {"uv": [0, 0, 0, 1], "texture": "#0"},
				"south": {"uv": [0, 0, 0, 1], "texture": "#0"},
				"west": {"uv": [0, 0, 0, 1], "texture": "#0"},
				"up": {"uv": [0, 0, 0, 1], "texture": "#0"},
				"down": {"uv": [0, 0, 0, 1], "texture": "#0"}
			}
		},
		{
			"name": "Top 2",
			"from": [13, 1, 5],
			"to": [14, 2, 11],
			"faces": {
				"north": {"uv": [0, 0, 6, 1], "texture": "#0"},
				"east": {"uv": [0, 0, 6, 1], "texture": "#0"},
				"south": {"uv": [0, 0, 6, 1], "texture": "#0"},
				"west": {"uv": [0, 0, 6, 1], "texture": "#0"},
				"up": {"uv": [0, 0, 6, 1], "texture": "#0"},
				"down": {"uv": [0, 0, 6, 1], "texture": "#0"}
			}
		},
		{
			"name": "Top 3",
			"from": [5, 1, 13],
			"to": [11, 2, 14],
			"faces": {
				"north": {"uv": [0, 0, 1, 1], "texture": "#0"},
				"east": {"uv": [0, 0, 1, 1], "texture": "#0"},
				"south": {"uv": [0, 0, 1, 1], "texture": "#0"},
				"west": {"uv": [0, 0, 1, 1], "texture": "#0"},
				"up": {"uv": [0, 0, 1, 1], "texture": "#0"},
				"down": {"uv": [0, 0, 1, 1], "texture": "#0"}
			}
		},
		{
			"name": "Top 4",
			"from": [5, 1, 2],
			"to": [11, 2, 3],
			"faces": {
				"north": {"uv": [0, 0, 1, 1], "texture": "#0"},
				"east": {"uv": [0, 0, 1, 1], "texture": "#0"},
				"south": {"uv": [0, 0, 1, 1], "texture": "#0"},
				"west": {"uv": [0, 0, 1, 1], "texture": "#0"},
				"up": {"uv": [0, 0, 1, 1], "texture": "#0"},
				"down": {"uv": [0, 0, 1, 1], "texture": "#0"}
			}
		},
		{
			"name": "Cube",
			"from": [7, 2, 2.4],
			"to": [9, 3, 3.4],
			"faces": {
				"north": {"uv": [0, 0, 1, 1], "texture": "#6"},
				"east": {"uv": [0, 0, 1, 1], "texture": "#6"},
				"south": {"uv": [0, 0, 1, 1], "texture": "#6"},
				"west": {"uv": [0, 0, 1, 1], "texture": "#6"},
				"up": {"uv": [0, 0, 1, 1], "texture": "#6"},
				"down": {"uv": [0, 0, 1, 1], "texture": "#6"}
			}
		},
		{
			"name": "Cube",
			"from": [7, 2, 12],
			"to": [9, 3, 13.6],
			"faces": {
				"north": {"uv": [0, 0, 1, 1], "texture": "#6"},
				"east": {"uv": [0, 0, 1, 1], "texture": "#6"},
				"south": {"uv": [0, 0, 1, 1], "texture": "#6"},
				"west": {"uv": [0, 0, 1, 1], "texture": "#6"},
				"up": {"uv": [0, 0, 1, 1], "texture": "#6"},
				"down": {"uv": [0, 0, 1, 1], "texture": "#6"}
			}
		},
		{
			"name": "Cube",
			"from": [2.4, 2, 7],
			"to": [3.4, 3, 9],
			"faces": {
				"north": {"uv": [0, 0, 2, 1], "texture": "#0"},
				"east": {"uv": [0, 0, 2, 1], "texture": "#0"},
				"south": {"uv": [0, 0, 2, 1], "texture": "#0"},
				"west": {"uv": [0, 0, 2, 1], "texture": "#6"},
				"up": {"uv": [0, 0, 2, 1], "texture": "#0"},
				"down": {"uv": [0, 0, 2, 1], "texture": "#0"}
			}
		},
		{
			"name": "Cube",
			"from": [13, 2, 7],
			"to": [13.6, 3, 9],
			"faces": {
				"north": {"uv": [0, 0, 2, 1], "texture": "#0"},
				"east": {"uv": [0, 0, 2, 1], "texture": "#0"},
				"south": {"uv": [0, 0, 2, 1], "texture": "#0"},
				"west": {"uv": [0, 0, 2, 1], "texture": "#0"},
				"up": {"uv": [0, 0, 2, 1], "texture": "#0"},
				"down": {"uv": [0, 0, 2, 1], "texture": "#0"}
			}
		},
		{
			"name": "Cube",
			"from": [4, 1, 3],
			"to": [6, 2, 4],
			"faces": {
				"north": {"uv": [0, 0, 1, 1], "texture": "#0"},
				"east": {"uv": [0, 0, 1, 1], "texture": "#0"},
				"south": {"uv": [0, 0, 1, 1], "texture": "#0"},
				"west": {"uv": [0, 0, 1, 1], "texture": "#0"},
				"up": {"uv": [0, 0, 1, 1], "texture": "#0"},
				"down": {"uv": [0, 0, 1, 1], "texture": "#0"}
			}
		},
		{
			"name": "Cube",
			"from": [4, 1, 12],
			"to": [6, 2, 13],
			"faces": {
				"north": {"uv": [0, 0, 1, 1], "texture": "#0"},
				"east": {"uv": [0, 0, 1, 1], "texture": "#0"},
				"south": {"uv": [0, 0, 1, 1], "texture": "#0"},
				"west": {"uv": [0, 0, 1, 1], "texture": "#0"},
				"up": {"uv": [0, 0, 1, 1], "texture": "#0"},
				"down": {"uv": [0, 0, 1, 1], "texture": "#0"}
			}
		},
		{
			"name": "Cube",
			"from": [10, 1, 12],
			"to": [12, 2, 13],
			"faces": {
				"north": {"uv": [0, 0, 1, 1], "texture": "#0"},
				"east": {"uv": [0, 0, 1, 1], "texture": "#0"},
				"south": {"uv": [0, 0, 1, 1], "texture": "#0"},
				"west": {"uv": [0, 0, 1, 1], "texture": "#0"},
				"up": {"uv": [0, 0, 1, 1], "texture": "#0"},
				"down": {"uv": [0, 0, 1, 1], "texture": "#0"}
			}
		},
		{
			"name": "Cube",
			"from": [10, 1, 3],
			"to": [12, 2, 4],
			"faces": {
				"north": {"uv": [0, 0, 1, 1], "texture": "#0"},
				"east": {"uv": [0, 0, 1, 1], "texture": "#0"},
				"south": {"uv": [0, 0, 1, 1], "texture": "#0"},
				"west": {"uv": [0, 0, 1, 1], "texture": "#0"},
				"up": {"uv": [0, 0, 1, 1], "texture": "#0"},
				"down": {"uv": [0, 0, 1, 1], "texture": "#0"}
			}
		},
		{
			"name": "Cube",
			"from": [12, 1, 4],
			"to": [13, 2, 6],
			"faces": {
				"north": {"uv": [0, 0, 2, 1], "texture": "#0"},
				"east": {"uv": [0, 0, 2, 1], "texture": "#0"},
				"south": {"uv": [0, 0, 2, 1], "texture": "#0"},
				"west": {"uv": [0, 0, 2, 1], "texture": "#0"},
				"up": {"uv": [0, 0, 2, 1], "texture": "#0"},
				"down": {"uv": [0, 0, 2, 1], "texture": "#0"}
			}
		},
		{
			"name": "Cube",
			"from": [12, 1, 10],
			"to": [13, 2, 12],
			"faces": {
				"north": {"uv": [0, 0, 2, 1], "texture": "#0"},
				"east": {"uv": [0, 0, 2, 1], "texture": "#0"},
				"south": {"uv": [0, 0, 2, 1], "texture": "#0"},
				"west": {"uv": [0, 0, 2, 1], "texture": "#0"},
				"up": {"uv": [0, 0, 2, 1], "texture": "#0"},
				"down": {"uv": [0, 0, 2, 1], "texture": "#0"}
			}
		},
		{
			"name": "Cube",
			"from": [3, 1, 4],
			"to": [4, 2, 6],
			"faces": {
				"north": {"uv": [0, 0, 2, 1], "texture": "#0"},
				"east": {"uv": [0, 0, 2, 1], "texture": "#0"},
				"south": {"uv": [0, 0, 2, 1], "texture": "#0"},
				"west": {"uv": [0, 0, 2, 1], "texture": "#0"},
				"up": {"uv": [0, 0, 2, 1], "texture": "#0"},
				"down": {"uv": [0, 0, 2, 1], "texture": "#0"}
			}
		},
		{
			"name": "Cube",
			"from": [3, 2, 6],
			"to": [4, 3, 7],
			"faces": {
				"north": {"uv": [0, 0, 1, 1], "texture": "#6"},
				"east": {"uv": [0, 0, 1, 1], "texture": "#6"},
				"south": {"uv": [0, 0, 1, 1], "texture": "#6"},
				"west": {"uv": [0, 0, 1, 1], "texture": "#6"},
				"up": {"uv": [0, 0, 1, 1], "texture": "#6"},
				"down": {"uv": [0, 0, 1, 1], "texture": "#6"}
			}
		},
		{
			"name": "Cube",
			"from": [12, 2, 6],
			"to": [13, 3, 7],
			"faces": {
				"north": {"uv": [0, 0, 1, 1], "texture": "#6"},
				"east": {"uv": [0, 0, 1, 1], "texture": "#6"},
				"south": {"uv": [0, 0, 1, 1], "texture": "#6"},
				"west": {"uv": [0, 0, 1, 1], "texture": "#6"},
				"up": {"uv": [0, 0, 1, 1], "texture": "#6"},
				"down": {"uv": [0, 0, 1, 1], "texture": "#6"}
			}
		},
		{
			"name": "Cube",
			"from": [12, 2, 9],
			"to": [13, 3, 10],
			"faces": {
				"north": {"uv": [0, 0, 1, 1], "texture": "#6"},
				"east": {"uv": [0, 0, 1, 1], "texture": "#6"},
				"south": {"uv": [0, 0, 1, 1], "texture": "#6"},
				"west": {"uv": [0, 0, 1, 1], "texture": "#6"},
				"up": {"uv": [0, 0, 1, 1], "texture": "#6"},
				"down": {"uv": [0, 0, 1, 1], "texture": "#6"}
			}
		},
		{
			"name": "Cube",
			"from": [3, 2, 9],
			"to": [4, 3, 10],
			"faces": {
				"north": {"uv": [0, 0, 1, 1], "rotation": 90, "texture": "#6"},
				"east": {"uv": [0, 0, 1, 1], "rotation": 90, "texture": "#6"},
				"south": {"uv": [0, 0, 1, 1], "rotation": 90, "texture": "#6"},
				"west": {"uv": [0, 0, 1, 1], "rotation": 90, "texture": "#6"},
				"up": {"uv": [0, 0, 1, 1], "rotation": 90, "texture": "#6"},
				"down": {"uv": [0, 0, 1, 1], "rotation": 90, "texture": "#6"}
			}
		},
		{
			"name": "Cube",
			"from": [6, 2, 12],
			"to": [7, 3, 13],
			"faces": {
				"north": {"uv": [0, 0, 1, 1], "texture": "#6"},
				"east": {"uv": [0, 0, 1, 1], "texture": "#6"},
				"south": {"uv": [0, 0, 1, 1], "texture": "#6"},
				"west": {"uv": [0, 0, 1, 1], "texture": "#6"},
				"up": {"uv": [0, 0, 1, 1], "texture": "#6"},
				"down": {"uv": [0, 0, 1, 1], "texture": "#6"}
			}
		},
		{
			"name": "Cube",
			"from": [9, 2, 12],
			"to": [10, 3, 13],
			"faces": {
				"north": {"uv": [0, 0, 1, 1], "texture": "#0"},
				"east": {"uv": [0, 0, 1, 1], "texture": "#6"},
				"south": {"uv": [0, 0, 1, 1], "texture": "#6"},
				"west": {"uv": [0, 0, 1, 1], "texture": "#0"},
				"up": {"uv": [0, 0, 1, 1], "texture": "#0"},
				"down": {"uv": [0, 0, 1, 1], "texture": "#0"}
			}
		},
		{
			"name": "Cube",
			"from": [9, 2, 3],
			"to": [10, 3, 4],
			"faces": {
				"north": {"uv": [0, 0, 1, 1], "texture": "#6"},
				"east": {"uv": [0, 0, 1, 1], "texture": "#6"},
				"south": {"uv": [0, 0, 1, 1], "texture": "#6"},
				"west": {"uv": [0, 0, 1, 1], "texture": "#6"},
				"up": {"uv": [0, 0, 1, 1], "texture": "#6"},
				"down": {"uv": [0, 0, 1, 1], "texture": "#6"}
			}
		},
		{
			"name": "Cube",
			"from": [6, 2, 3],
			"to": [7, 3, 4],
			"faces": {
				"north": {"uv": [0, 0, 1, 1], "texture": "#6"},
				"east": {"uv": [0, 0, 1, 1], "texture": "#6"},
				"south": {"uv": [0, 0, 1, 1], "texture": "#6"},
				"west": {"uv": [0, 0, 1, 1], "texture": "#6"},
				"up": {"uv": [0, 0, 1, 1], "texture": "#6"},
				"down": {"uv": [0, 0, 1, 1], "texture": "#6"}
			}
		},
		{
			"name": "Cube",
			"from": [4, 2, 4],
			"to": [5, 3, 6],
			"faces": {
				"north": {"uv": [0, 0, 2, 1], "texture": "#6"},
				"east": {"uv": [0, 0, 2, 1], "texture": "#6"},
				"south": {"uv": [0, 0, 2, 1], "texture": "#6"},
				"west": {"uv": [0, 0, 2, 1], "texture": "#6"},
				"up": {"uv": [0, 0, 2, 1], "texture": "#6"},
				"down": {"uv": [0, 0, 2, 1], "texture": "#6"}
			}
		},
		{
			"name": "Cube",
			"from": [4, 2, 10],
			"to": [5, 3, 12],
			"faces": {
				"north": {"uv": [0, 0, 2, 1], "texture": "#6"},
				"east": {"uv": [0, 0, 2, 1], "texture": "#6"},
				"south": {"uv": [0, 0, 2, 1], "texture": "#6"},
				"west": {"uv": [0, 0, 2, 1], "texture": "#6"},
				"up": {"uv": [0, 0, 2, 1], "texture": "#6"},
				"down": {"uv": [0, 0, 2, 1], "texture": "#6"}
			}
		},
		{
			"name": "Cube",
			"from": [11, 2, 10],
			"to": [12, 3, 12],
			"faces": {
				"north": {"uv": [0, 0, 2, 1], "texture": "#6"},
				"east": {"uv": [0, 0, 2, 1], "texture": "#6"},
				"south": {"uv": [0, 0, 2, 1], "texture": "#6"},
				"west": {"uv": [0, 0, 2, 1], "texture": "#6"},
				"up": {"uv": [0, 0, 2, 1], "texture": "#6"},
				"down": {"uv": [0, 0, 2, 1], "texture": "#6"}
			}
		},
		{
			"name": "Cube",
			"from": [11, 2, 4],
			"to": [12, 3, 6],
			"faces": {
				"north": {"uv": [0, 0, 2, 1], "rotation": 90, "texture": "#6"},
				"east": {"uv": [0, 0, 2, 1], "rotation": 90, "texture": "#6"},
				"south": {"uv": [0, 0, 2, 1], "rotation": 90, "texture": "#6"},
				"west": {"uv": [0, 0, 2, 1], "rotation": 90, "texture": "#6"},
				"up": {"uv": [0, 0, 2, 1], "rotation": 90, "texture": "#6"},
				"down": {"uv": [0, 0, 2, 1], "rotation": 90, "texture": "#6"}
			}
		},
		{
			"name": "Cube",
			"from": [10, 2, 4],
			"to": [11, 3, 5],
			"faces": {
				"north": {"uv": [0, 0, 1, 1], "texture": "#6"},
				"east": {"uv": [0, 0, 1, 1], "texture": "#6"},
				"south": {"uv": [0, 0, 1, 1], "texture": "#6"},
				"west": {"uv": [0, 0, 1, 1], "texture": "#6"},
				"up": {"uv": [0, 0, 1, 1], "texture": "#6"},
				"down": {"uv": [0, 0, 1, 1], "texture": "#6"}
			}
		},
		{
			"name": "Cube",
			"from": [5, 2, 4],
			"to": [6, 3, 5],
			"faces": {
				"north": {"uv": [0, 0, 1, 1], "texture": "#6"},
				"east": {"uv": [0, 0, 1, 1], "texture": "#6"},
				"south": {"uv": [0, 0, 1, 1], "texture": "#6"},
				"west": {"uv": [0, 0, 1, 1], "texture": "#6"},
				"up": {"uv": [0, 0, 1, 1], "texture": "#6"},
				"down": {"uv": [0, 0, 1, 1], "texture": "#6"}
			}
		},
		{
			"name": "Cube",
			"from": [5, 2, 11],
			"to": [6, 3, 12],
			"faces": {
				"north": {"uv": [0, 0, 1, 1], "texture": "#0"},
				"east": {"uv": [0, 0, 1, 1], "texture": "#0"},
				"south": {"uv": [0, 0, 1, 1], "texture": "#6"},
				"west": {"uv": [0, 0, 1, 1], "texture": "#0"},
				"up": {"uv": [0, 0, 1, 1], "texture": "#0"},
				"down": {"uv": [0, 0, 1, 1], "texture": "#0"}
			}
		},
		{
			"name": "Cube",
			"from": [10, 2, 11],
			"to": [11, 3, 12],
			"faces": {
				"north": {"uv": [0, 0, 1, 1], "texture": "#0"},
				"east": {"uv": [0, 0, 1, 1], "texture": "#0"},
				"south": {"uv": [0, 0, 1, 1], "texture": "#6"},
				"west": {"uv": [0, 0, 1, 1], "texture": "#0"},
				"up": {"uv": [0, 0, 1, 1], "texture": "#0"},
				"down": {"uv": [0, 0, 1, 1], "texture": "#0"}
			}
		},
		{
			"name": "Cube",
			"from": [3, 3, 7],
			"to": [4, 4.7, 9],
			"faces": {
				"north": {"uv": [0, 0, 2, 1.7], "texture": "#0"},
				"east": {"uv": [0, 0, 2, 1.7], "texture": "#0"},
				"south": {"uv": [0, 0, 2, 1.7], "texture": "#0"},
				"west": {"uv": [0, 0, 2, 1.7], "texture": "#0"},
				"up": {"uv": [0, 0, 2, 1.7], "texture": "#0"},
				"down": {"uv": [0, 0, 2, 1.7], "texture": "#0"}
			}
		},
		{
			"name": "Cube",
			"from": [12, 3, 7],
			"to": [13, 4.7, 9],
			"faces": {
				"north": {"uv": [0, 0, 2, 1.7], "texture": "#0"},
				"east": {"uv": [0, 0, 2, 1.7], "texture": "#0"},
				"south": {"uv": [0, 0, 2, 1.7], "texture": "#0"},
				"west": {"uv": [0, 0, 2, 1.7], "texture": "#0"},
				"up": {"uv": [0, 0, 2, 1.7], "texture": "#0"},
				"down": {"uv": [0, 0, 2, 1.7], "texture": "#0"}
			}
		},
		{
			"name": "Cube",
			"from": [7, 3, 12],
			"to": [9, 4.7, 13],
			"faces": {
				"north": {"uv": [0, 0, 1, 1.7], "texture": "#0"},
				"east": {"uv": [0, 0, 1, 1.7], "texture": "#0"},
				"south": {"uv": [0, 0, 1, 1.7], "texture": "#0"},
				"west": {"uv": [0, 0, 1, 1.7], "texture": "#0"},
				"up": {"uv": [0, 0, 1, 1.7], "texture": "#0"},
				"down": {"uv": [0, 0, 1, 1.7], "texture": "#0"}
			}
		},
		{
			"name": "Cube",
			"from": [7, 3, 3],
			"to": [9, 4.7, 4],
			"faces": {
				"north": {"uv": [0, 0, 1, 1.7], "texture": "#0"},
				"east": {"uv": [0, 0, 1, 1.7], "texture": "#0"},
				"south": {"uv": [0, 0, 1, 1.7], "texture": "#0"},
				"west": {"uv": [0, 0, 1, 1.7], "texture": "#0"},
				"up": {"uv": [0, 0, 1, 1.7], "texture": "#0"},
				"down": {"uv": [0, 0, 1, 1.7], "texture": "#0"}
			}
		},
		{
			"name": "Cube",
			"from": [6, 3, 4],
			"to": [7, 5, 5],
			"faces": {
				"north": {"uv": [0, 0, 1, 2], "texture": "#0"},
				"east": {"uv": [0, 0, 1, 2], "texture": "#0"},
				"south": {"uv": [0, 0, 1, 2], "texture": "#0"},
				"west": {"uv": [0, 0, 1, 2], "texture": "#0"},
				"up": {"uv": [0, 0, 1, 2], "texture": "#0"},
				"down": {"uv": [0, 0, 1, 2], "texture": "#0"}
			}
		},
		{
			"name": "Cube",
			"from": [5, 3, 4],
			"to": [6, 4, 5],
			"faces": {
				"north": {"uv": [0, 0, 1, 1], "texture": "#0"},
				"east": {"uv": [0, 0, 1, 1], "texture": "#0"},
				"south": {"uv": [0, 0, 1, 1], "texture": "#0"},
				"west": {"uv": [0, 0, 1, 1], "texture": "#0"},
				"up": {"uv": [0, 0, 1, 1], "texture": "#0"},
				"down": {"uv": [0, 0, 1, 1], "texture": "#0"}
			}
		},
		{
			"name": "Cube",
			"from": [4, 3, 5],
			"to": [5, 4, 6],
			"faces": {
				"north": {"uv": [0, 0, 1, 1], "texture": "#0"},
				"east": {"uv": [0, 0, 1, 1], "texture": "#0"},
				"south": {"uv": [0, 0, 1, 1], "texture": "#0"},
				"west": {"uv": [0, 0, 1, 1], "texture": "#0"},
				"up": {"uv": [0, 0, 1, 1], "texture": "#0"},
				"down": {"uv": [0, 0, 1, 1], "texture": "#0"}
			}
		},
		{
			"name": "Cube",
			"from": [4, 3, 6],
			"to": [5, 5, 7],
			"faces": {
				"north": {"uv": [0, 0, 1, 2], "texture": "#0"},
				"east": {"uv": [0, 0, 1, 2], "texture": "#0"},
				"south": {"uv": [0, 0, 1, 2], "texture": "#0"},
				"west": {"uv": [0, 0, 1, 2], "texture": "#0"},
				"up": {"uv": [0, 0, 1, 2], "texture": "#0"},
				"down": {"uv": [0, 0, 1, 2], "texture": "#0"}
			}
		},
		{
			"name": "Cube",
			"from": [4, 3, 9],
			"to": [5, 5, 10],
			"faces": {
				"north": {"uv": [0, 0, 1, 2], "texture": "#0"},
				"east": {"uv": [0, 0, 1, 2], "texture": "#0"},
				"south": {"uv": [0, 0, 1, 2], "texture": "#0"},
				"west": {"uv": [0, 0, 1, 2], "texture": "#0"},
				"up": {"uv": [0, 0, 1, 2], "texture": "#0"},
				"down": {"uv": [0, 0, 1, 2], "texture": "#0"}
			}
		},
		{
			"name": "Cube",
			"from": [4, 3, 10],
			"to": [5, 4, 11],
			"faces": {
				"north": {"uv": [0, 0, 1, 1], "texture": "#0"},
				"east": {"uv": [0, 0, 1, 1], "texture": "#0"},
				"south": {"uv": [0, 0, 1, 1], "texture": "#0"},
				"west": {"uv": [0, 0, 1, 1], "texture": "#0"},
				"up": {"uv": [0, 0, 1, 1], "texture": "#0"},
				"down": {"uv": [0, 0, 1, 1], "texture": "#0"}
			}
		},
		{
			"name": "Cube",
			"from": [6, 3, 11],
			"to": [7, 5, 12],
			"faces": {
				"north": {"uv": [0, 0, 1, 2], "texture": "#0"},
				"east": {"uv": [0, 0, 1, 2], "texture": "#0"},
				"south": {"uv": [0, 0, 1, 2], "texture": "#0"},
				"west": {"uv": [0, 0, 1, 2], "texture": "#0"},
				"up": {"uv": [0, 0, 1, 2], "texture": "#0"},
				"down": {"uv": [0, 0, 1, 2], "texture": "#0"}
			}
		},
		{
			"name": "Cube",
			"from": [5, 3, 11],
			"to": [6, 4, 12],
			"faces": {
				"north": {"uv": [0, 0, 1, 1], "texture": "#0"},
				"east": {"uv": [0, 0, 1, 1], "texture": "#0"},
				"south": {"uv": [0, 0, 1, 1], "texture": "#0"},
				"west": {"uv": [0, 0, 1, 1], "texture": "#0"},
				"up": {"uv": [0, 0, 1, 1], "texture": "#0"},
				"down": {"uv": [0, 0, 1, 1], "texture": "#0"}
			}
		},
		{
			"name": "Cube",
			"from": [9, 3, 11],
			"to": [10, 5, 12],
			"faces": {
				"north": {"uv": [0, 0, 1, 2], "texture": "#0"},
				"east": {"uv": [0, 0, 1, 2], "texture": "#0"},
				"south": {"uv": [0, 0, 1, 2], "texture": "#0"},
				"west": {"uv": [0, 0, 1, 2], "texture": "#0"},
				"up": {"uv": [0, 0, 1, 2], "texture": "#0"},
				"down": {"uv": [0, 0, 1, 2], "texture": "#0"}
			}
		},
		{
			"name": "Cube",
			"from": [10, 3, 11],
			"to": [11, 4, 12],
			"faces": {
				"north": {"uv": [0, 0, 1, 1], "texture": "#0"},
				"east": {"uv": [0, 0, 1, 1], "texture": "#0"},
				"south": {"uv": [0, 0, 1, 1], "texture": "#0"},
				"west": {"uv": [0, 0, 1, 1], "texture": "#0"},
				"up": {"uv": [0, 0, 1, 1], "texture": "#0"},
				"down": {"uv": [0, 0, 1, 1], "texture": "#0"}
			}
		},
		{
			"name": "Cube",
			"from": [11, 3, 10],
			"to": [12, 4, 11],
			"faces": {
				"north": {"uv": [0, 0, 1, 1], "texture": "#0"},
				"east": {"uv": [0, 0, 1, 1], "texture": "#0"},
				"south": {"uv": [0, 0, 1, 1], "texture": "#0"},
				"west": {"uv": [0, 0, 1, 1], "texture": "#0"},
				"up": {"uv": [0, 0, 1, 1], "texture": "#0"},
				"down": {"uv": [0, 0, 1, 1], "texture": "#0"}
			}
		},
		{
			"name": "Cube",
			"from": [11, 3, 9],
			"to": [12, 5, 10],
			"faces": {
				"north": {"uv": [0, 0, 1, 2], "texture": "#0"},
				"east": {"uv": [0, 0, 1, 2], "texture": "#0"},
				"south": {"uv": [0, 0, 1, 2], "texture": "#0"},
				"west": {"uv": [0, 0, 1, 2], "texture": "#0"},
				"up": {"uv": [0, 0, 1, 2], "texture": "#0"},
				"down": {"uv": [0, 0, 1, 2], "texture": "#0"}
			}
		},
		{
			"name": "Cube",
			"from": [11, 3, 6],
			"to": [12, 5, 7],
			"faces": {
				"north": {"uv": [0, 0, 1, 2], "texture": "#0"},
				"east": {"uv": [0, 0, 1, 2], "texture": "#0"},
				"south": {"uv": [0, 0, 1, 2], "texture": "#0"},
				"west": {"uv": [0, 0, 1, 2], "texture": "#0"},
				"up": {"uv": [0, 0, 1, 2], "texture": "#0"},
				"down": {"uv": [0, 0, 1, 2], "texture": "#0"}
			}
		},
		{
			"name": "Cube",
			"from": [11, 3, 5],
			"to": [12, 4, 6],
			"faces": {
				"north": {"uv": [0, 0, 1, 1], "texture": "#0"},
				"east": {"uv": [0, 0, 1, 1], "texture": "#0"},
				"south": {"uv": [0, 0, 1, 1], "texture": "#0"},
				"west": {"uv": [0, 0, 1, 1], "texture": "#0"},
				"up": {"uv": [0, 0, 1, 1], "texture": "#0"},
				"down": {"uv": [0, 0, 1, 1], "texture": "#0"}
			}
		},
		{
			"name": "Cube",
			"from": [10, 3, 4],
			"to": [11, 4, 5],
			"faces": {
				"north": {"uv": [0, 0, 1, 1], "texture": "#0"},
				"east": {"uv": [0, 0, 1, 1], "texture": "#0"},
				"south": {"uv": [0, 0, 1, 1], "texture": "#0"},
				"west": {"uv": [0, 0, 1, 1], "texture": "#0"},
				"up": {"uv": [0, 0, 1, 1], "texture": "#0"},
				"down": {"uv": [0, 0, 1, 1], "texture": "#0"}
			}
		},
		{
			"name": "Cube",
			"from": [9, 3, 4],
			"to": [10, 5, 5],
			"faces": {
				"north": {"uv": [0, 0, 1, 2], "texture": "#0"},
				"east": {"uv": [0, 0, 1, 2], "texture": "#0"},
				"south": {"uv": [0, 0, 1, 2], "texture": "#0"},
				"west": {"uv": [0, 0, 1, 2], "texture": "#0"},
				"up": {"uv": [0, 0, 1, 2], "texture": "#0"},
				"down": {"uv": [0, 0, 1, 2], "texture": "#0"}
			}
		},
		{
			"name": "Cube",
			"from": [3, 3, 6],
			"to": [4, 4, 7],
			"faces": {
				"north": {"uv": [0, 0, 1, 1], "texture": "#0"},
				"east": {"uv": [0, 0, 1, 1], "texture": "#0"},
				"south": {"uv": [0, 0, 1, 1], "texture": "#0"},
				"west": {"uv": [0, 0, 1, 1], "texture": "#0"},
				"up": {"uv": [0, 0, 1, 1], "texture": "#0"},
				"down": {"uv": [0, 0, 1, 1], "texture": "#0"}
			}
		},
		{
			"name": "Cube",
			"from": [3, 3, 9],
			"to": [4, 4, 10],
			"faces": {
				"north": {"uv": [0, 0, 1, 1], "texture": "#0"},
				"east": {"uv": [0, 0, 1, 1], "texture": "#0"},
				"south": {"uv": [0, 0, 1, 1], "texture": "#0"},
				"west": {"uv": [0, 0, 1, 1], "texture": "#0"},
				"up": {"uv": [0, 0, 1, 1], "texture": "#0"},
				"down": {"uv": [0, 0, 1, 1], "texture": "#0"}
			}
		},
		{
			"name": "Cube",
			"from": [6, 3, 12],
			"to": [7, 4, 13],
			"faces": {
				"north": {"uv": [0, 0, 1, 1], "texture": "#0"},
				"east": {"uv": [0, 0, 1, 1], "texture": "#0"},
				"south": {"uv": [0, 0, 1, 1], "texture": "#0"},
				"west": {"uv": [0, 0, 1, 1], "texture": "#0"},
				"up": {"uv": [0, 0, 1, 1], "texture": "#0"},
				"down": {"uv": [0, 0, 1, 1], "texture": "#0"}
			}
		},
		{
			"name": "Cube",
			"from": [9, 3, 12],
			"to": [10, 4, 13],
			"faces": {
				"north": {"uv": [0, 0, 1, 1], "texture": "#0"},
				"east": {"uv": [0, 0, 1, 1], "texture": "#0"},
				"south": {"uv": [0, 0, 1, 1], "texture": "#0"},
				"west": {"uv": [0, 0, 1, 1], "texture": "#0"},
				"up": {"uv": [0, 0, 1, 1], "texture": "#0"},
				"down": {"uv": [0, 0, 1, 1], "texture": "#0"}
			}
		},
		{
			"name": "Cube",
			"from": [12, 3, 9],
			"to": [13, 4, 10],
			"faces": {
				"north": {"uv": [0, 0, 1, 1], "texture": "#0"},
				"east": {"uv": [0, 0, 1, 1], "texture": "#0"},
				"south": {"uv": [0, 0, 1, 1], "texture": "#0"},
				"west": {"uv": [0, 0, 1, 1], "texture": "#0"},
				"up": {"uv": [0, 0, 1, 1], "texture": "#0"},
				"down": {"uv": [0, 0, 1, 1], "texture": "#0"}
			}
		},
		{
			"name": "Cube",
			"from": [12, 3, 6],
			"to": [13, 4, 7],
			"faces": {
				"north": {"uv": [0, 0, 1, 1], "texture": "#0"},
				"east": {"uv": [0, 0, 1, 1], "texture": "#0"},
				"south": {"uv": [0, 0, 1, 1], "texture": "#0"},
				"west": {"uv": [0, 0, 1, 1], "texture": "#0"},
				"up": {"uv": [0, 0, 1, 1], "texture": "#0"},
				"down": {"uv": [0, 0, 1, 1], "texture": "#0"}
			}
		},
		{
			"name": "Cube",
			"from": [9, 3, 3],
			"to": [10, 4, 4],
			"faces": {
				"north": {"uv": [0, 0, 1, 1], "texture": "#0"},
				"east": {"uv": [0, 0, 1, 1], "texture": "#0"},
				"south": {"uv": [0, 0, 1, 1], "texture": "#0"},
				"west": {"uv": [0, 0, 1, 1], "texture": "#0"},
				"up": {"uv": [0, 0, 1, 1], "texture": "#0"},
				"down": {"uv": [0, 0, 1, 1], "texture": "#0"}
			}
		},
		{
			"name": "Cube",
			"from": [6, 3, 3],
			"to": [7, 4, 4],
			"faces": {
				"north": {"uv": [0, 0, 1, 1], "texture": "#0"},
				"east": {"uv": [0, 0, 1, 1], "texture": "#0"},
				"south": {"uv": [0, 0, 1, 1], "texture": "#0"},
				"west": {"uv": [0, 0, 1, 1], "texture": "#0"},
				"up": {"uv": [0, 0, 1, 1], "texture": "#0"},
				"down": {"uv": [0, 0, 1, 1], "texture": "#0"}
			}
		},
		{
			"name": "Cube",
			"from": [6, 4, 5],
			"to": [7, 5, 6],
			"faces": {
				"north": {"uv": [0, 0, 1, 1], "texture": "#0"},
				"east": {"uv": [0, 0, 1, 1], "texture": "#0"},
				"south": {"uv": [0, 0, 1, 1], "texture": "#0"},
				"west": {"uv": [0, 0, 1, 1], "texture": "#0"},
				"up": {"uv": [0, 0, 1, 1], "texture": "#0"},
				"down": {"uv": [0, 0, 1, 1], "texture": "#0"}
			}
		},
		{
			"name": "Cube",
			"from": [5, 4, 6],
			"to": [6, 5, 7],
			"faces": {
				"north": {"uv": [0, 0, 1, 1], "texture": "#0"},
				"east": {"uv": [0, 0, 1, 1], "texture": "#0"},
				"south": {"uv": [0, 0, 1, 1], "texture": "#0"},
				"west": {"uv": [0, 0, 1, 1], "texture": "#0"},
				"up": {"uv": [0, 0, 1, 1], "texture": "#0"},
				"down": {"uv": [0, 0, 1, 1], "texture": "#0"}
			}
		},
		{
			"name": "Cube",
			"from": [10, 4, 6],
			"to": [11, 5, 7],
			"faces": {
				"north": {"uv": [0, 0, 1, 1], "texture": "#0"},
				"east": {"uv": [0, 0, 1, 1], "texture": "#0"},
				"south": {"uv": [0, 0, 1, 1], "texture": "#0"},
				"west": {"uv": [0, 0, 1, 1], "texture": "#0"},
				"up": {"uv": [0, 0, 1, 1], "texture": "#0"},
				"down": {"uv": [0, 0, 1, 1], "texture": "#0"}
			}
		},
		{
			"name": "Cube",
			"from": [10, 4, 9],
			"to": [11, 5, 10],
			"faces": {
				"north": {"uv": [0, 0, 1, 1], "texture": "#0"},
				"east": {"uv": [0, 0, 1, 1], "texture": "#0"},
				"south": {"uv": [0, 0, 1, 1], "texture": "#0"},
				"west": {"uv": [0, 0, 1, 1], "texture": "#0"},
				"up": {"uv": [0, 0, 1, 1], "texture": "#0"},
				"down": {"uv": [0, 0, 1, 1], "texture": "#0"}
			}
		},
		{
			"name": "Cube",
			"from": [9, 4, 5],
			"to": [10, 5, 6],
			"faces": {
				"north": {"uv": [0, 0, 1, 1], "texture": "#0"},
				"east": {"uv": [0, 0, 1, 1], "texture": "#0"},
				"south": {"uv": [0, 0, 1, 1], "texture": "#0"},
				"west": {"uv": [0, 0, 1, 1], "texture": "#0"},
				"up": {"uv": [0, 0, 1, 1], "texture": "#0"},
				"down": {"uv": [0, 0, 1, 1], "texture": "#0"}
			}
		},
		{
			"name": "Cube",
			"from": [9, 4, 10],
			"to": [10, 5, 11],
			"faces": {
				"north": {"uv": [0, 0, 1, 1], "texture": "#0"},
				"east": {"uv": [0, 0, 1, 1], "texture": "#0"},
				"south": {"uv": [0, 0, 1, 1], "texture": "#0"},
				"west": {"uv": [0, 0, 1, 1], "texture": "#0"},
				"up": {"uv": [0, 0, 1, 1], "texture": "#0"},
				"down": {"uv": [0, 0, 1, 1], "texture": "#0"}
			}
		},
		{
			"name": "Cube",
			"from": [6, 4, 10],
			"to": [7, 5, 11],
			"faces": {
				"north": {"uv": [0, 0, 1, 1], "texture": "#0"},
				"east": {"uv": [0, 0, 1, 1], "texture": "#0"},
				"south": {"uv": [0, 0, 1, 1], "texture": "#0"},
				"west": {"uv": [0, 0, 1, 1], "texture": "#0"},
				"up": {"uv": [0, 0, 1, 1], "texture": "#0"},
				"down": {"uv": [0, 0, 1, 1], "texture": "#0"}
			}
		},
		{
			"name": "Cube",
			"from": [5, 4, 9],
			"to": [6, 5, 10],
			"faces": {
				"north": {"uv": [0, 0, 1, 1], "texture": "#0"},
				"east": {"uv": [0, 0, 1, 1], "texture": "#0"},
				"south": {"uv": [0, 0, 1, 1], "texture": "#0"},
				"west": {"uv": [0, 0, 1, 1], "texture": "#0"},
				"up": {"uv": [0, 0, 1, 1], "texture": "#0"},
				"down": {"uv": [0, 0, 1, 1], "texture": "#0"}
			}
		},
		{
			"name": "Cube",
			"from": [5, 3, 5],
			"to": [6, 4, 6],
			"faces": {
				"north": {"uv": [0, 0, 1, 1], "texture": "#0"},
				"east": {"uv": [0, 0, 1, 1], "texture": "#0"},
				"south": {"uv": [0, 0, 1, 1], "texture": "#0"},
				"west": {"uv": [0, 0, 1, 1], "texture": "#0"},
				"up": {"uv": [0, 0, 1, 1], "texture": "#0"},
				"down": {"uv": [0, 0, 1, 1], "texture": "#0"}
			}
		},
		{
			"name": "Cube",
			"from": [5, 3, 10],
			"to": [6, 5, 11],
			"faces": {
				"north": {"uv": [0, 0, 1, 2], "texture": "#0"},
				"east": {"uv": [0, 0, 1, 2], "texture": "#0"},
				"south": {"uv": [0, 0, 1, 2], "texture": "#0"},
				"west": {"uv": [0, 0, 1, 2], "texture": "#0"},
				"up": {"uv": [0, 0, 1, 2], "texture": "#0"},
				"down": {"uv": [0, 0, 1, 2], "texture": "#0"}
			}
		},
		{
			"name": "Cube",
			"from": [10, 3, 10],
			"to": [11, 4, 11],
			"faces": {
				"north": {"uv": [0, 0, 1, 1], "texture": "#0"},
				"east": {"uv": [0, 0, 1, 1], "texture": "#0"},
				"south": {"uv": [0, 0, 1, 1], "texture": "#0"},
				"west": {"uv": [0, 0, 1, 1], "texture": "#0"},
				"up": {"uv": [0, 0, 1, 1], "texture": "#0"},
				"down": {"uv": [0, 0, 1, 1], "texture": "#0"}
			}
		},
		{
			"name": "Cube",
			"from": [10, 3, 5],
			"to": [11, 4, 6],
			"faces": {
				"north": {"uv": [0, 0, 1, 1], "texture": "#0"},
				"east": {"uv": [0, 0, 1, 1], "texture": "#0"},
				"south": {"uv": [0, 0, 1, 1], "texture": "#0"},
				"west": {"uv": [0, 0, 1, 1], "texture": "#0"},
				"up": {"uv": [0, 0, 1, 1], "texture": "#0"},
				"down": {"uv": [0, 0, 1, 1], "texture": "#0"}
			}
		},
		{
			"name": "Cube",
			"from": [10, 4, 5],
			"to": [11, 4.7, 6],
			"faces": {
				"north": {"uv": [0, 0, 1, 0.7], "texture": "#0"},
				"east": {"uv": [0, 0, 1, 0.7], "texture": "#0"},
				"south": {"uv": [0, 0, 1, 0.7], "texture": "#0"},
				"west": {"uv": [0, 0, 1, 0.7], "texture": "#0"},
				"up": {"uv": [0, 0, 1, 0.7], "texture": "#0"},
				"down": {"uv": [0, 0, 1, 0.7], "texture": "#0"}
			}
		},
		{
			"name": "Cube",
			"from": [5, 4, 5],
			"to": [6, 4.7, 6],
			"faces": {
				"north": {"uv": [0, 0, 1, 0.7], "texture": "#0"},
				"east": {"uv": [0, 0, 1, 0.7], "texture": "#0"},
				"south": {"uv": [0, 0, 1, 0.7], "texture": "#0"},
				"west": {"uv": [0, 0, 1, 0.7], "texture": "#0"},
				"up": {"uv": [0, 0, 1, 0.7], "texture": "#0"},
				"down": {"uv": [0, 0, 1, 0.7], "texture": "#0"}
			}
		},
		{
			"name": "Cube",
			"from": [5, 4, 10],
			"to": [6, 4.7, 11],
			"faces": {
				"north": {"uv": [0, 0, 1, 0.7], "texture": "#0"},
				"east": {"uv": [0, 0, 1, 0.7], "texture": "#0"},
				"south": {"uv": [0, 0, 1, 0.7], "texture": "#0"},
				"west": {"uv": [0, 0, 1, 0.7], "texture": "#0"},
				"up": {"uv": [0, 0, 1, 0.7], "texture": "#0"},
				"down": {"uv": [0, 0, 1, 0.7], "texture": "#0"}
			}
		},
		{
			"name": "Cube",
			"from": [10, 4, 10],
			"to": [11, 4.7, 11],
			"faces": {
				"north": {"uv": [0, 0, 1, 0.7], "texture": "#0"},
				"east": {"uv": [0, 0, 1, 0.7], "texture": "#0"},
				"south": {"uv": [0, 0, 1, 0.7], "texture": "#0"},
				"west": {"uv": [0, 0, 1, 0.7], "texture": "#0"},
				"up": {"uv": [0, 0, 1, 0.7], "texture": "#0"},
				"down": {"uv": [0, 0, 1, 0.7], "texture": "#0"}
			}
		},
		{
			"name": "Cube",
			"from": [3, 1, 10],
			"to": [4, 2, 12],
			"faces": {
				"north": {"uv": [0, 0, 2, 1], "texture": "#0"},
				"east": {"uv": [0, 0, 2, 1], "texture": "#0"},
				"south": {"uv": [0, 0, 2, 1], "texture": "#0"},
				"west": {"uv": [0, 0, 2, 1], "texture": "#0"},
				"up": {"uv": [0, 0, 2, 1], "texture": "#0"},
				"down": {"uv": [0, 0, 2, 1], "texture": "#0"}
			}
		},
		{
			"name": "Cube",
			"from": [4, 4, 7],
			"to": [5, 5, 9],
			"faces": {
				"north": {"uv": [0, 0, 2, 1], "texture": "#0"},
				"east": {"uv": [0, 0, 2, 1], "texture": "#0"},
				"south": {"uv": [0, 0, 2, 1], "texture": "#0"},
				"west": {"uv": [0, 0, 2, 1], "texture": "#0"},
				"up": {"uv": [0, 0, 2, 1], "texture": "#0"},
				"down": {"uv": [0, 0, 2, 1], "texture": "#0"}
			}
		},
		{
			"name": "Cube",
			"from": [11, 4, 7],
			"to": [12, 5, 9],
			"faces": {
				"north": {"uv": [0, 0, 2, 1], "texture": "#0"},
				"east": {"uv": [0, 0, 2, 1], "texture": "#0"},
				"south": {"uv": [0, 0, 2, 1], "texture": "#0"},
				"west": {"uv": [0, 0, 2, 1], "texture": "#0"},
				"up": {"uv": [0, 0, 2, 1], "texture": "#0"},
				"down": {"uv": [0, 0, 2, 1], "texture": "#0"}
			}
		},
		{
			"name": "Cube",
			"from": [7, 4, 11],
			"to": [9, 5, 12],
			"faces": {
				"north": {"uv": [0, 0, 1, 1], "texture": "#0"},
				"east": {"uv": [0, 0, 1, 1], "texture": "#0"},
				"south": {"uv": [0, 0, 1, 1], "texture": "#0"},
				"west": {"uv": [0, 0, 1, 1], "texture": "#0"},
				"up": {"uv": [0, 0, 1, 1], "texture": "#0"},
				"down": {"uv": [0, 0, 1, 1], "texture": "#0"}
			}
		},
		{
			"name": "Cube",
			"from": [7, 4, 4],
			"to": [9, 5, 5],
			"faces": {
				"north": {"uv": [0, 0, 1, 1], "texture": "#0"},
				"east": {"uv": [0, 0, 1, 1], "texture": "#0"},
				"south": {"uv": [0, 0, 1, 1], "texture": "#0"},
				"west": {"uv": [0, 0, 1, 1], "texture": "#0"},
				"up": {"uv": [0, 0, 1, 1], "texture": "#0"},
				"down": {"uv": [0, 0, 1, 1], "texture": "#0"}
			}
		},
		{
			"name": "Cube",
			"from": [5, 5, 7],
			"to": [6, 6, 9],
			"faces": {
				"north": {"uv": [0, 0, 2, 1], "texture": "#0"},
				"east": {"uv": [0, 0, 2, 1], "texture": "#0"},
				"south": {"uv": [0, 0, 2, 1], "texture": "#0"},
				"west": {"uv": [0, 0, 2, 1], "texture": "#0"},
				"up": {"uv": [0, 0, 2, 1], "texture": "#0"},
				"down": {"uv": [0, 0, 2, 1], "texture": "#0"}
			}
		},
		{
			"name": "Cube",
			"from": [10, 5, 7],
			"to": [11, 6, 9],
			"faces": {
				"north": {"uv": [0, 0, 2, 1], "texture": "#0"},
				"east": {"uv": [0, 0, 2, 1], "texture": "#0"},
				"south": {"uv": [0, 0, 2, 1], "texture": "#0"},
				"west": {"uv": [0, 0, 2, 1], "texture": "#0"},
				"up": {"uv": [0, 0, 2, 1], "texture": "#0"},
				"down": {"uv": [0, 0, 2, 1], "texture": "#0"}
			}
		},
		{
			"name": "Cube",
			"from": [7, 5, 10],
			"to": [9, 6, 11],
			"faces": {
				"north": {"uv": [0, 0, 1, 1], "texture": "#0"},
				"east": {"uv": [0, 0, 1, 1], "texture": "#0"},
				"south": {"uv": [0, 0, 1, 1], "texture": "#0"},
				"west": {"uv": [0, 0, 1, 1], "texture": "#0"},
				"up": {"uv": [0, 0, 1, 1], "texture": "#0"},
				"down": {"uv": [0, 0, 1, 1], "texture": "#0"}
			}
		},
		{
			"name": "Cube",
			"from": [7, 5, 5],
			"to": [9, 6, 6],
			"faces": {
				"north": {"uv": [0, 0, 1, 1], "texture": "#0"},
				"east": {"uv": [0, 0, 1, 1], "texture": "#0"},
				"south": {"uv": [0, 0, 1, 1], "texture": "#0"},
				"west": {"uv": [0, 0, 1, 1], "texture": "#0"},
				"up": {"uv": [0, 0, 1, 1], "texture": "#0"},
				"down": {"uv": [0, 0, 1, 1], "texture": "#0"}
			}
		},
		{
			"name": "Cube",
			"from": [6, 5, 6],
			"to": [10, 6, 10],
			"faces": {
				"north": {"uv": [0, 0, 4, 1], "texture": "#0"},
				"east": {"uv": [0, 0, 4, 1], "texture": "#0"},
				"south": {"uv": [0, 0, 4, 1], "texture": "#0"},
				"west": {"uv": [0, 0, 4, 1], "texture": "#0"},
				"up": {"uv": [0, 0, 4, 1], "texture": "#0"},
				"down": {"uv": [0, 0, 4, 1], "texture": "#0"}
			}
		},
		{
			"name": "Cube",
			"from": [6, 4.7, 5],
			"to": [7, 5.7, 6],
			"faces": {
				"north": {"uv": [0, 0, 1, 1], "texture": "#0"},
				"east": {"uv": [0, 0, 1, 1], "texture": "#0"},
				"south": {"uv": [0, 0, 1, 1], "texture": "#0"},
				"west": {"uv": [0, 0, 1, 1], "texture": "#0"},
				"up": {"uv": [0, 0, 1, 1], "texture": "#0"},
				"down": {"uv": [0, 0, 1, 1], "texture": "#0"}
			}
		},
		{
			"name": "Cube",
			"from": [6, 4.7, 10],
			"to": [7, 5.7, 11],
			"faces": {
				"north": {"uv": [0, 0, 1, 1], "texture": "#0"},
				"east": {"uv": [0, 0, 1, 1], "texture": "#0"},
				"south": {"uv": [0, 0, 1, 1], "texture": "#0"},
				"west": {"uv": [0, 0, 1, 1], "texture": "#0"},
				"up": {"uv": [0, 0, 1, 1], "texture": "#0"},
				"down": {"uv": [0, 0, 1, 1], "texture": "#0"}
			}
		},
		{
			"name": "Cube",
			"from": [5, 4.7, 9],
			"to": [6, 5.7, 10],
			"faces": {
				"north": {"uv": [0, 0, 1, 1], "texture": "#0"},
				"east": {"uv": [0, 0, 1, 1], "texture": "#0"},
				"south": {"uv": [0, 0, 1, 1], "texture": "#0"},
				"west": {"uv": [0, 0, 1, 1], "texture": "#0"},
				"up": {"uv": [0, 0, 1, 1], "texture": "#0"},
				"down": {"uv": [0, 0, 1, 1], "texture": "#0"}
			}
		},
		{
			"name": "Cube",
			"from": [10, 4.7, 9],
			"to": [11, 5.7, 10],
			"faces": {
				"north": {"uv": [0, 0, 1, 1], "texture": "#0"},
				"east": {"uv": [0, 0, 1, 1], "texture": "#0"},
				"south": {"uv": [0, 0, 1, 1], "texture": "#0"},
				"west": {"uv": [0, 0, 1, 1], "texture": "#0"},
				"up": {"uv": [0, 0, 1, 1], "texture": "#0"},
				"down": {"uv": [0, 0, 1, 1], "texture": "#0"}
			}
		},
		{
			"name": "Cube",
			"from": [9, 4.7, 10],
			"to": [10, 5.7, 11],
			"faces": {
				"north": {"uv": [0, 0, 1, 1], "texture": "#0"},
				"east": {"uv": [0, 0, 1, 1], "texture": "#0"},
				"south": {"uv": [0, 0, 1, 1], "texture": "#0"},
				"west": {"uv": [0, 0, 1, 1], "texture": "#0"},
				"up": {"uv": [0, 0, 1, 1], "texture": "#0"},
				"down": {"uv": [0, 0, 1, 1], "texture": "#0"}
			}
		},
		{
			"name": "Cube",
			"from": [9, 4.7, 5],
			"to": [10, 5.7, 6],
			"faces": {
				"north": {"uv": [0, 0, 1, 1], "texture": "#0"},
				"east": {"uv": [0, 0, 1, 1], "texture": "#0"},
				"south": {"uv": [0, 0, 1, 1], "texture": "#0"},
				"west": {"uv": [0, 0, 1, 1], "texture": "#0"},
				"up": {"uv": [0, 0, 1, 1], "texture": "#0"},
				"down": {"uv": [0, 0, 1, 1], "texture": "#0"}
			}
		},
		{
			"name": "Cube",
			"from": [10, 4.7, 6],
			"to": [11, 5.7, 7],
			"faces": {
				"north": {"uv": [0, 0, 1, 1], "texture": "#0"},
				"east": {"uv": [0, 0, 1, 1], "texture": "#0"},
				"south": {"uv": [0, 0, 1, 1], "texture": "#0"},
				"west": {"uv": [0, 0, 1, 1], "texture": "#0"},
				"up": {"uv": [0, 0, 1, 1], "texture": "#0"},
				"down": {"uv": [0, 0, 1, 1], "texture": "#0"}
			}
		},
		{
			"name": "Cube",
			"from": [5, 4.7, 6],
			"to": [6, 5.7, 7],
			"faces": {
				"north": {"uv": [0, 0, 1, 1], "texture": "#0"},
				"east": {"uv": [0, 0, 1, 1], "texture": "#0"},
				"south": {"uv": [0, 0, 1, 1], "texture": "#0"},
				"west": {"uv": [0, 0, 1, 1], "texture": "#0"},
				"up": {"uv": [0, 0, 1, 1], "texture": "#0"},
				"down": {"uv": [0, 0, 1, 1], "texture": "#0"}
			}
		},
		{
			"name": "Cube",
			"from": [4, 5, 7],
			"to": [5, 5.5, 9],
			"faces": {
				"north": {"uv": [0, 0, 2, 0.5], "texture": "#0"},
				"east": {"uv": [0, 0, 2, 0.5], "texture": "#0"},
				"south": {"uv": [0, 0, 2, 0.5], "texture": "#0"},
				"west": {"uv": [0, 0, 2, 0.5], "texture": "#0"},
				"up": {"uv": [0, 0, 2, 0.5], "texture": "#0"},
				"down": {"uv": [0, 0, 2, 0.5], "texture": "#0"}
			}
		},
		{
			"name": "Cube",
			"from": [11, 5, 7],
			"to": [12, 5.5, 9],
			"faces": {
				"north": {"uv": [0, 0, 2, 0.5], "texture": "#0"},
				"east": {"uv": [0, 0, 2, 0.5], "texture": "#0"},
				"south": {"uv": [0, 0, 2, 0.5], "texture": "#0"},
				"west": {"uv": [0, 0, 2, 0.5], "texture": "#0"},
				"up": {"uv": [0, 0, 2, 0.5], "texture": "#0"},
				"down": {"uv": [0, 0, 2, 0.5], "texture": "#0"}
			}
		},
		{
			"name": "Cube",
			"from": [7, 5, 4],
			"to": [9, 5.5, 5],
			"faces": {
				"north": {"uv": [0, 0, 1, 0.5], "texture": "#0"},
				"east": {"uv": [0, 0, 1, 0.5], "texture": "#0"},
				"south": {"uv": [0, 0, 1, 0.5], "texture": "#0"},
				"west": {"uv": [0, 0, 1, 0.5], "texture": "#0"},
				"up": {"uv": [0, 0, 1, 0.5], "texture": "#0"},
				"down": {"uv": [0, 0, 1, 0.5], "texture": "#0"}
			}
		},
		{
			"name": "Cube",
			"from": [7, 5, 11],
			"to": [9, 5.5, 12],
			"faces": {
				"north": {"uv": [0, 0, 1, 0.5], "texture": "#0"},
				"east": {"uv": [0, 0, 1, 0.5], "texture": "#0"},
				"south": {"uv": [0, 0, 1, 0.5], "texture": "#0"},
				"west": {"uv": [0, 0, 1, 0.5], "texture": "#0"},
				"up": {"uv": [0, 0, 1, 0.5], "texture": "#0"},
				"down": {"uv": [0, 0, 1, 0.5], "texture": "#0"}
			}
		},
		{
			"name": "Cube",
			"from": [12, 2, 5],
			"to": [13, 2.5, 6],
			"faces": {
				"north": {"uv": [0, 0, 1, 0.5], "texture": "#6"},
				"east": {"uv": [0, 0, 1, 0.5], "texture": "#6"},
				"south": {"uv": [0, 0, 1, 0.5], "texture": "#6"},
				"west": {"uv": [0, 0, 1, 0.5], "texture": "#6"},
				"up": {"uv": [0, 0, 1, 0.5], "texture": "#6"},
				"down": {"uv": [0, 0, 1, 0.5], "texture": "#6"}
			}
		},
		{
			"name": "Cube",
			"from": [12, 2, 10],
			"to": [13, 2.5, 11],
			"faces": {
				"north": {"uv": [0, 0, 1, 0.5], "texture": "#6"},
				"east": {"uv": [0, 0, 1, 0.5], "texture": "#6"},
				"south": {"uv": [0, 0, 1, 0.5], "texture": "#6"},
				"west": {"uv": [0, 0, 1, 0.5], "texture": "#6"},
				"up": {"uv": [0, 0, 1, 0.5], "texture": "#6"},
				"down": {"uv": [0, 0, 1, 0.5], "texture": "#6"}
			}
		},
		{
			"name": "Cube",
			"from": [3, 2, 10],
			"to": [4, 2.5, 11],
			"faces": {
				"north": {"uv": [0, 0, 1, 0.5], "texture": "#6"},
				"east": {"uv": [0, 0, 1, 0.5], "texture": "#6"},
				"south": {"uv": [0, 0, 1, 0.5], "texture": "#6"},
				"west": {"uv": [0, 0, 1, 0.5], "texture": "#6"},
				"up": {"uv": [0, 0, 1, 0.5], "texture": "#6"},
				"down": {"uv": [0, 0, 1, 0.5], "texture": "#6"}
			}
		},
		{
			"name": "Cube",
			"from": [5, 2, 12],
			"to": [6, 2.5, 13],
			"faces": {
				"north": {"uv": [0, 0, 1, 0.5], "texture": "#6"},
				"east": {"uv": [0, 0, 1, 0.5], "texture": "#6"},
				"south": {"uv": [0, 0, 1, 0.5], "texture": "#6"},
				"west": {"uv": [0, 0, 1, 0.5], "texture": "#6"},
				"up": {"uv": [0, 0, 1, 0.5], "texture": "#6"},
				"down": {"uv": [0, 0, 1, 0.5], "texture": "#6"}
			}
		},
		{
			"name": "Cube",
			"from": [10, 2, 12],
			"to": [11, 2.5, 13],
			"faces": {
				"north": {"uv": [0, 0, 1, 0.5], "texture": "#6"},
				"east": {"uv": [0, 0, 1, 0.5], "texture": "#6"},
				"south": {"uv": [0, 0, 1, 0.5], "texture": "#6"},
				"west": {"uv": [0, 0, 1, 0.5], "texture": "#6"},
				"up": {"uv": [0, 0, 1, 0.5], "texture": "#6"},
				"down": {"uv": [0, 0, 1, 0.5], "texture": "#6"}
			}
		},
		{
			"name": "Cube",
			"from": [10, 2, 3],
			"to": [11, 2.5, 4],
			"faces": {
				"north": {"uv": [0, 0, 1, 0.5], "texture": "#6"},
				"east": {"uv": [0, 0, 1, 0.5], "texture": "#6"},
				"south": {"uv": [0, 0, 1, 0.5], "texture": "#6"},
				"west": {"uv": [0, 0, 1, 0.5], "texture": "#6"},
				"up": {"uv": [0, 0, 1, 0.5], "texture": "#6"},
				"down": {"uv": [0, 0, 1, 0.5], "texture": "#6"}
			}
		},
		{
			"name": "Cube",
			"from": [5, 2, 3],
			"to": [6, 2.5, 4],
			"faces": {
				"north": {"uv": [0, 0, 1, 0.5], "texture": "#6"},
				"east": {"uv": [0, 0, 1, 0.5], "texture": "#6"},
				"south": {"uv": [0, 0, 1, 0.5], "texture": "#6"},
				"west": {"uv": [0, 0, 1, 0.5], "texture": "#6"},
				"up": {"uv": [0, 0, 1, 0.5], "texture": "#6"},
				"down": {"uv": [0, 0, 1, 0.5], "texture": "#6"}
			}
		},
		{
			"name": "Cube",
			"from": [3, 2, 5],
			"to": [4, 2.5, 6],
			"faces": {
				"north": {"uv": [0, 0, 1, 0.5], "texture": "#6"},
				"east": {"uv": [0, 0, 1, 0.5], "texture": "#6"},
				"south": {"uv": [0, 0, 1, 0.5], "texture": "#6"},
				"west": {"uv": [0, 0, 1, 0.5], "texture": "#6"},
				"up": {"uv": [0, 0, 1, 0.5], "texture": "#6"},
				"down": {"uv": [0, 0, 1, 0.5], "texture": "#6"}
			}
		},
		{
			"name": "Cube",
			"from": [9, 2, 2.6],
			"to": [10, 2.7, 3.6],
			"faces": {
				"north": {"uv": [0, 0, 1, 0.7], "texture": "#6"},
				"east": {"uv": [0, 0, 1, 0.7], "texture": "#6"},
				"south": {"uv": [0, 0, 1, 0.7], "texture": "#6"},
				"west": {"uv": [0, 0, 1, 0.7], "texture": "#6"},
				"up": {"uv": [0, 0, 1, 0.7], "texture": "#6"},
				"down": {"uv": [0, 0, 1, 0.7], "texture": "#6"}
			}
		},
		{
			"name": "Cube",
			"from": [6, 2, 2.6],
			"to": [7, 2.7, 3.6],
			"faces": {
				"north": {"uv": [0, 0, 1, 0.7], "texture": "#6"},
				"east": {"uv": [0, 0, 1, 0.7], "texture": "#6"},
				"south": {"uv": [0, 0, 1, 0.7], "texture": "#6"},
				"west": {"uv": [0, 0, 1, 0.7], "texture": "#6"},
				"up": {"uv": [0, 0, 1, 0.7], "texture": "#6"},
				"down": {"uv": [0, 0, 1, 0.7], "texture": "#6"}
			}
		},
		{
			"name": "Cube",
			"from": [9, 2, 12.6],
			"to": [10, 2.7, 13.4],
			"faces": {
				"north": {"uv": [0, 0, 0.8, 0.7], "texture": "#6"},
				"east": {"uv": [0, 0, 0.8, 0.7], "texture": "#6"},
				"south": {"uv": [0, 0, 0.8, 0.7], "texture": "#6"},
				"west": {"uv": [0, 0, 0.8, 0.7], "texture": "#6"},
				"up": {"uv": [0, 0, 0.8, 0.7], "texture": "#6"},
				"down": {"uv": [0, 0, 0.8, 0.7], "texture": "#6"}
			}
		},
		{
			"name": "Cube",
			"from": [2.6, 2, 9],
			"to": [3.6, 2.7, 10],
			"faces": {
				"north": {"uv": [0, 0, 1, 0.7], "texture": "#6"},
				"east": {"uv": [0, 0, 1, 0.7], "texture": "#6"},
				"south": {"uv": [0, 0, 1, 0.7], "texture": "#6"},
				"west": {"uv": [0, 0, 1, 0.7], "texture": "#6"},
				"up": {"uv": [0, 0, 1, 0.7], "texture": "#6"},
				"down": {"uv": [0, 0, 1, 0.7], "texture": "#6"}
			}
		},
		{
			"name": "Cube",
			"from": [6, 2, 12.6],
			"to": [7, 2.7, 13.4],
			"faces": {
				"north": {"uv": [0, 0, 0.8, 0.7], "texture": "#6"},
				"east": {"uv": [0, 0, 0.8, 0.7], "texture": "#6"},
				"south": {"uv": [0, 0, 0.8, 0.7], "texture": "#6"},
				"west": {"uv": [0, 0, 0.8, 0.7], "texture": "#6"},
				"up": {"uv": [0, 0, 0.8, 0.7], "texture": "#6"},
				"down": {"uv": [0, 0, 0.8, 0.7], "texture": "#6"}
			}
		},
		{
			"name": "Cube",
			"from": [2.6, 2, 6],
			"to": [3.6, 2.7, 7],
			"faces": {
				"north": {"uv": [0, 0, 1, 0.7], "texture": "#6"},
				"east": {"uv": [0, 0, 1, 0.7], "texture": "#6"},
				"south": {"uv": [0, 0, 1, 0.7], "texture": "#6"},
				"west": {"uv": [0, 0, 1, 0.7], "texture": "#6"},
				"up": {"uv": [0, 0, 1, 0.7], "texture": "#6"},
				"down": {"uv": [0, 0, 1, 0.7], "texture": "#6"}
			}
		},
		{
			"name": "Cube",
			"from": [7.2, 3, 2.7],
			"to": [8.8, 3.8, 3.7],
			"faces": {
				"north": {"uv": [0, 0, 1, 0.8], "texture": "#0"},
				"east": {"uv": [0, 0, 1, 0.8], "texture": "#0"},
				"south": {"uv": [0, 0, 1, 0.8], "texture": "#0"},
				"west": {"uv": [0, 0, 1, 0.8], "texture": "#0"},
				"up": {"uv": [0, 0, 1, 0.8], "texture": "#0"},
				"down": {"uv": [0, 0, 1, 0.8], "texture": "#0"}
			}
		},
		{
			"name": "Cube",
			"from": [7.2, 3, 12.3],
			"to": [8.8, 3.8, 13.3],
			"faces": {
				"north": {"uv": [0, 0, 1, 0.8], "texture": "#0"},
				"east": {"uv": [0, 0, 1, 0.8], "texture": "#0"},
				"south": {"uv": [0, 0, 1, 0.8], "texture": "#0"},
				"west": {"uv": [0, 0, 1, 0.8], "texture": "#0"},
				"up": {"uv": [0, 0, 1, 0.8], "texture": "#0"},
				"down": {"uv": [0, 0, 1, 0.8], "texture": "#0"}
			}
		},
		{
			"name": "Cube",
			"from": [12.2, 3, 7.2],
			"to": [13.3, 3.8, 8.8],
			"faces": {
				"north": {"uv": [0, 0, 1.6, 0.8], "texture": "#0"},
				"east": {"uv": [0, 0, 1.6, 0.8], "texture": "#0"},
				"south": {"uv": [0, 0, 1.6, 0.8], "texture": "#0"},
				"west": {"uv": [0, 0, 1.6, 0.8], "texture": "#0"},
				"up": {"uv": [0, 0, 1.6, 0.8], "texture": "#0"},
				"down": {"uv": [0, 0, 1.6, 0.8], "texture": "#0"}
			}
		},
		{
			"name": "Cube",
			"from": [2.7, 3, 7.2],
			"to": [3.8, 3.8, 8.8],
			"faces": {
				"north": {"uv": [0, 0, 1.6, 0.8], "texture": "#0"},
				"east": {"uv": [0, 0, 1.6, 0.8], "texture": "#0"},
				"south": {"uv": [0, 0, 1.6, 0.8], "texture": "#0"},
				"west": {"uv": [0, 0, 1.6, 0.8], "texture": "#0"},
				"up": {"uv": [0, 0, 1.6, 0.8], "texture": "#0"},
				"down": {"uv": [0, 0, 1.6, 0.8], "texture": "#0"}
			}
		},
		{
			"name": "Cube",
			"from": [6.5, 1, 1.7],
			"to": [9.5, 1.7, 2.2],
			"faces": {
				"north": {"uv": [0, 0, 0.5, 0.7], "texture": "#0"},
				"east": {"uv": [0, 0, 0.5, 0.7], "texture": "#0"},
				"south": {"uv": [0, 0, 0.5, 0.7], "texture": "#0"},
				"west": {"uv": [0, 0, 0.5, 0.7], "texture": "#0"},
				"up": {"uv": [0, 0, 0.5, 0.7], "texture": "#0"},
				"down": {"uv": [0, 0, 0.5, 0.7], "texture": "#0"}
			}
		},
		{
			"name": "Cube",
			"from": [6.5, 1, 13.8],
			"to": [9.5, 1.7, 14.3],
			"faces": {
				"north": {"uv": [0, 0, 0.5, 0.7], "texture": "#0"},
				"east": {"uv": [0, 0, 0.5, 0.7], "texture": "#0"},
				"south": {"uv": [0, 0, 0.5, 0.7], "texture": "#0"},
				"west": {"uv": [0, 0, 0.5, 0.7], "texture": "#0"},
				"up": {"uv": [0, 0, 0.5, 0.7], "texture": "#0"},
				"down": {"uv": [0, 0, 0.5, 0.7], "texture": "#0"}
			}
		},
		{
			"name": "Cube",
			"from": [1.8, 1.00052, 6.00035],
			"to": [2.3, 2.00052, 10.00035],
			"faces": {
				"north": {"uv": [0, 0, 3, 0.7], "texture": "#0"},
				"east": {"uv": [0, 0, 3, 0.7], "texture": "#0"},
				"south": {"uv": [0, 0, 3, 0.7], "texture": "#0"},
				"west": {"uv": [0, 0, 3, 0.7], "texture": "#0"},
				"up": {"uv": [0, 0, 3, 0.7], "texture": "#0"},
				"down": {"uv": [0, 0, 3, 0.7], "texture": "#0"}
			}
		},
		{
			"name": "Cube",
			"from": [13.8, 1, 6.5],
			"to": [14.3, 1.7, 9.5],
			"faces": {
				"north": {"uv": [0, 0, 3, 0.7], "texture": "#0"},
				"east": {"uv": [0, 0, 3, 0.7], "texture": "#0"},
				"south": {"uv": [0, 0, 3, 0.7], "texture": "#0"},
				"west": {"uv": [0, 0, 3, 0.7], "texture": "#0"},
				"up": {"uv": [0, 0, 3, 0.7], "texture": "#0"},
				"down": {"uv": [0, 0, 3, 0.7], "texture": "#0"}
			}
		},
		{
			"name": "Cube",
			"from": [2.1, 2, 7.2],
			"to": [3.1, 2.8, 8.8],
			"faces": {
				"north": {"uv": [14, 14.999, 15.599, 15.799], "texture": "#3"},
				"east": {"uv": [14, 14.999, 15.599, 15.799], "texture": "#3"},
				"south": {"uv": [14, 14.999, 15.599, 15.799], "texture": "#3"},
				"west": {"uv": [14, 14.999, 15.599, 15.799], "texture": "#3"},
				"up": {"uv": [14, 14.999, 15.599, 15.799], "texture": "#3"},
				"down": {"uv": [14, 14.999, 15.599, 15.799], "texture": "#3"}
			}
		},
		{
			"name": "Cube",
			"from": [13, 2, 7.2],
			"to": [14, 2.8, 8.8],
			"faces": {
				"north": {"uv": [0, 0, 1.6, 0.8], "texture": "#0"},
				"east": {"uv": [0, 0, 1.6, 0.8], "texture": "#0"},
				"south": {"uv": [0, 0, 1.6, 0.8], "texture": "#0"},
				"west": {"uv": [0, 0, 1.6, 0.8], "texture": "#0"},
				"up": {"uv": [0, 0, 1.6, 0.8], "texture": "#0"},
				"down": {"uv": [0, 0, 1.6, 0.8], "texture": "#0"}
			}
		},
		{
			"name": "Cube",
			"from": [2.4, 2, 6.5],
			"to": [3.9, 3.2, 9.5],
			"faces": {
				"north": {"uv": [0, 0, 3, 1.8], "texture": "#6"},
				"east": {"uv": [0, 0, 3, 1.8], "texture": "#6"},
				"south": {"uv": [0, 0, 3, 1.8], "texture": "#6"},
				"west": {"uv": [0, 0, 3, 1.8], "texture": "#6"},
				"up": {"uv": [0, 0, 3, 1.8], "texture": "#6"},
				"down": {"uv": [0, 0, 3, 1.8], "texture": "#6"}
			}
		},
		{
			"name": "Cube",
			"from": [2.6, 2.7, 6.9],
			"to": [4.6, 4.4, 9.1],
			"faces": {
				"north": {"uv": [0, 0, 2.2, 0.7], "texture": "#0"},
				"east": {"uv": [0, 0, 2.2, 0.7], "texture": "#0"},
				"south": {"uv": [0, 0, 2.2, 0.7], "texture": "#0"},
				"west": {"uv": [0, 0, 2.2, 0.7], "texture": "#0"},
				"up": {"uv": [0, 0, 2.2, 0.7], "texture": "#0"},
				"down": {"uv": [0, 0, 2.2, 0.7], "texture": "#0"}
			}
		},
		{
			"name": "hexadecagon",
			"from": [7.7, 6.40326, 0],
			"to": [8.3, 7.59674, 6],
			"rotation": {"angle": -45, "axis": "x", "origin": [8, 7, 3]},
			"faces": {
				"north": {"uv": [0, 0, 1, 1], "texture": "#6"},
				"east": {"uv": [0, 0, 1, 1], "texture": "#6"},
				"south": {"uv": [0, 0, 1, 1], "texture": "#6"},
				"west": {"uv": [0, 0, 1, 1], "texture": "#6"},
				"up": {"uv": [0, 0, 1, 1], "texture": "#6"},
				"down": {"uv": [0, 0, 1, 1], "texture": "#6"}
			}
		},
		{
			"name": "hexadecagon",
			"from": [7.7, 6.40326, 0],
			"to": [8.3, 7.59674, 6],
			"rotation": {"angle": -22.5, "axis": "x", "origin": [8, 7, 3]},
			"faces": {
				"north": {"uv": [0, 0, 1, 1], "texture": "#6"},
				"east": {"uv": [0, 0, 1, 1], "texture": "#6"},
				"south": {"uv": [0, 0, 1, 1], "texture": "#6"},
				"west": {"uv": [0, 0, 1, 1], "texture": "#6"},
				"up": {"uv": [0, 0, 1, 1], "texture": "#6"},
				"down": {"uv": [0, 0, 1, 1], "texture": "#6"}
			}
		},
		{
			"name": "hexadecagon",
			"from": [7.7, 6.40326, 0],
			"to": [8.3, 7.59674, 6],
			"faces": {
				"north": {"uv": [0, 0, 1, 1], "texture": "#6"},
				"east": {"uv": [0, 0, 1, 1], "texture": "#6"},
				"south": {"uv": [0, 0, 1, 1], "texture": "#6"},
				"west": {"uv": [0, 0, 1, 1], "texture": "#6"},
				"up": {"uv": [0, 0, 1, 1], "texture": "#6"},
				"down": {"uv": [0, 0, 1, 1], "texture": "#6"}
			}
		},
		{
			"name": "hexadecagon",
			"from": [7.7, 6.40326, 0],
			"to": [8.3, 7.59674, 6],
			"rotation": {"angle": 22.5, "axis": "x", "origin": [8, 7, 3]},
			"faces": {
				"north": {"uv": [0, 0, 1, 1], "texture": "#6"},
				"east": {"uv": [0, 0, 1, 1], "texture": "#6"},
				"south": {"uv": [0, 0, 1, 1], "texture": "#6"},
				"west": {"uv": [0, 0, 1, 1], "texture": "#6"},
				"up": {"uv": [0, 0, 1, 1], "texture": "#6"},
				"down": {"uv": [0, 0, 1, 1], "texture": "#6"}
			}
		},
		{
			"name": "hexadecagon",
			"from": [7.7, 6.40326, 0],
			"to": [8.3, 7.59674, 6],
			"rotation": {"angle": 45, "axis": "x", "origin": [8, 7, 3]},
			"faces": {
				"north": {"uv": [0, 0, 1, 1], "texture": "#6"},
				"east": {"uv": [0, 0, 1, 1], "texture": "#6"},
				"south": {"uv": [0, 0, 1, 1], "texture": "#6"},
				"west": {"uv": [0, 0, 1, 1], "texture": "#6"},
				"up": {"uv": [0, 0, 1, 1], "texture": "#6"},
				"down": {"uv": [0, 0, 1, 1], "texture": "#6"}
			}
		},
		{
			"name": "hexadecagon",
			"from": [7.7, 4, 2.40326],
			"to": [8.3, 10, 3.59674],
			"rotation": {"angle": -22.5, "axis": "x", "origin": [8, 7, 3]},
			"faces": {
				"north": {"uv": [0, 0, 1, 1], "texture": "#6"},
				"east": {"uv": [0, 0, 1, 1], "texture": "#6"},
				"south": {"uv": [0, 0, 1, 1], "texture": "#6"},
				"west": {"uv": [0, 0, 1, 1], "texture": "#6"},
				"up": {"uv": [0, 0, 1, 1], "texture": "#6"},
				"down": {"uv": [0, 0, 1, 1], "texture": "#6"}
			}
		},
		{
			"name": "hexadecagon",
			"from": [7.7, 4, 2.40326],
			"to": [8.3, 10, 3.59674],
			"faces": {
				"north": {"uv": [0, 0, 1, 1], "texture": "#6"},
				"east": {"uv": [0, 0, 1, 1], "texture": "#6"},
				"south": {"uv": [0, 0, 1, 1], "texture": "#6"},
				"west": {"uv": [0, 0, 1, 1], "texture": "#6"},
				"up": {"uv": [0, 0, 1, 1], "texture": "#6"},
				"down": {"uv": [0, 0, 1, 1], "texture": "#6"}
			}
		},
		{
			"name": "hexadecagon",
			"from": [7.7, 4, 2.40326],
			"to": [8.3, 10, 3.59674],
			"rotation": {"angle": 22.5, "axis": "x", "origin": [8, 7, 3]},
			"faces": {
				"north": {"uv": [0, 0, 1, 1], "texture": "#6"},
				"east": {"uv": [0, 0, 1, 1], "texture": "#6"},
				"south": {"uv": [0, 0, 1, 1], "texture": "#6"},
				"west": {"uv": [0, 0, 1, 1], "texture": "#6"},
				"up": {"uv": [0, 0, 1, 1], "texture": "#6"},
				"down": {"uv": [0, 0, 1, 1], "texture": "#6"}
			}
		},
		{
			"name": "hexadecagon",
			"from": [7.7, 6.40326, 10],
			"to": [8.3, 7.59674, 16],
			"rotation": {"angle": -45, "axis": "x", "origin": [8, 7, 13]},
			"faces": {
				"north": {"uv": [0, 0, 1, 1], "texture": "#6"},
				"east": {"uv": [0, 0, 1, 1], "texture": "#6"},
				"south": {"uv": [0, 0, 1, 1], "texture": "#6"},
				"west": {"uv": [0, 0, 1, 1], "texture": "#6"},
				"up": {"uv": [0, 0, 1, 1], "texture": "#6"},
				"down": {"uv": [0, 0, 1, 1], "texture": "#6"}
			}
		},
		{
			"name": "hexadecagon",
			"from": [7.7, 6.40326, 10],
			"to": [8.3, 7.59674, 16],
			"rotation": {"angle": -22.5, "axis": "x", "origin": [8, 7, 13]},
			"faces": {
				"north": {"uv": [0, 0, 1, 1], "texture": "#6"},
				"east": {"uv": [0, 0, 1, 1], "texture": "#6"},
				"south": {"uv": [0, 0, 1, 1], "texture": "#6"},
				"west": {"uv": [0, 0, 1, 1], "texture": "#6"},
				"up": {"uv": [0, 0, 1, 1], "texture": "#6"},
				"down": {"uv": [0, 0, 1, 1], "texture": "#6"}
			}
		},
		{
			"name": "hexadecagon",
			"from": [7.7, 6.40326, 10],
			"to": [8.3, 7.59674, 16],
			"faces": {
				"north": {"uv": [0, 0, 1, 1], "texture": "#6"},
				"east": {"uv": [0, 0, 1, 1], "texture": "#6"},
				"south": {"uv": [0, 0, 1, 1], "texture": "#6"},
				"west": {"uv": [0, 0, 1, 1], "texture": "#6"},
				"up": {"uv": [0, 0, 1, 1], "texture": "#6"},
				"down": {"uv": [0, 0, 1, 1], "texture": "#6"}
			}
		},
		{
			"name": "hexadecagon",
			"from": [7.7, 6.40326, 10],
			"to": [8.3, 7.59674, 16],
			"rotation": {"angle": 22.5, "axis": "x", "origin": [8, 7, 13]},
			"faces": {
				"north": {"uv": [0, 0, 1, 1], "texture": "#6"},
				"east": {"uv": [0, 0, 1, 1], "texture": "#6"},
				"south": {"uv": [0, 0, 1, 1], "texture": "#6"},
				"west": {"uv": [0, 0, 1, 1], "texture": "#6"},
				"up": {"uv": [0, 0, 1, 1], "texture": "#6"},
				"down": {"uv": [0, 0, 1, 1], "texture": "#6"}
			}
		},
		{
			"name": "hexadecagon",
			"from": [7.7, 6.40326, 10],
			"to": [8.3, 7.59674, 16],
			"rotation": {"angle": 45, "axis": "x", "origin": [8, 7, 13]},
			"faces": {
				"north": {"uv": [0, 0, 1, 1], "texture": "#6"},
				"east": {"uv": [0, 0, 1, 1], "texture": "#6"},
				"south": {"uv": [0, 0, 1, 1], "texture": "#6"},
				"west": {"uv": [0, 0, 1, 1], "texture": "#6"},
				"up": {"uv": [0, 0, 1, 1], "texture": "#6"},
				"down": {"uv": [0, 0, 1, 1], "texture": "#6"}
			}
		},
		{
			"name": "hexadecagon",
			"from": [7.7, 4, 12.40326],
			"to": [8.3, 10, 13.59674],
			"rotation": {"angle": -22.5, "axis": "x", "origin": [8, 7, 13]},
			"faces": {
				"north": {"uv": [0, 0, 1, 1], "texture": "#6"},
				"east": {"uv": [0, 0, 1, 1], "texture": "#6"},
				"south": {"uv": [0, 0, 1, 1], "texture": "#6"},
				"west": {"uv": [0, 0, 1, 1], "texture": "#6"},
				"up": {"uv": [0, 0, 1, 1], "texture": "#6"},
				"down": {"uv": [0, 0, 1, 1], "texture": "#6"}
			}
		},
		{
			"name": "hexadecagon",
			"from": [7.7, 4, 12.40326],
			"to": [8.3, 10, 13.59674],
			"faces": {
				"north": {"uv": [0, 0, 1, 1], "texture": "#6"},
				"east": {"uv": [0, 0, 1, 1], "texture": "#6"},
				"south": {"uv": [0, 0, 1, 1], "texture": "#6"},
				"west": {"uv": [0, 0, 1, 1], "texture": "#6"},
				"up": {"uv": [0, 0, 1, 1], "texture": "#6"},
				"down": {"uv": [0, 0, 1, 1], "texture": "#6"}
			}
		},
		{
			"name": "hexadecagon",
			"from": [7.7, 4, 12.40326],
			"to": [8.3, 10, 13.59674],
			"rotation": {"angle": 22.5, "axis": "x", "origin": [8, 7, 13]},
			"faces": {
				"north": {"uv": [0, 0, 1, 1], "texture": "#6"},
				"east": {"uv": [0, 0, 1, 1], "texture": "#6"},
				"south": {"uv": [0, 0, 1, 1], "texture": "#6"},
				"west": {"uv": [0, 0, 1, 1], "texture": "#6"},
				"up": {"uv": [0, 0, 1, 1], "texture": "#6"},
				"down": {"uv": [0, 0, 1, 1], "texture": "#6"}
			}
		},
		{
			"name": "hexadecagon",
			"from": [6.50816, -0.2, 0.5],
			"to": [9.49184, 0.2, 15.5],
			"rotation": {"angle": -45, "axis": "y", "origin": [8, 0, 8]},
			"faces": {
				"north": {"uv": [0, 0, 1, 1], "texture": "#0"},
				"east": {"uv": [0, 0, 1, 1], "texture": "#0"},
				"south": {"uv": [0, 0, 1, 1], "texture": "#0"},
				"west": {"uv": [0, 0, 1, 1], "texture": "#0"},
				"up": {"uv": [0, 0, 1, 1], "texture": "#0"},
				"down": {"uv": [0, 0, 1, 1], "texture": "#0"}
			}
		},
		{
			"name": "hexadecagon",
			"from": [6.50816, -0.2, 0.5],
			"to": [9.49184, 0.2, 15.5],
			"rotation": {"angle": -22.5, "axis": "y", "origin": [8, 0, 8]},
			"faces": {
				"north": {"uv": [0, 0, 1, 1], "texture": "#0"},
				"east": {"uv": [0, 0, 1, 1], "texture": "#0"},
				"south": {"uv": [0, 0, 1, 1], "texture": "#0"},
				"west": {"uv": [0, 0, 1, 1], "texture": "#0"},
				"up": {"uv": [0, 0, 1, 1], "texture": "#0"},
				"down": {"uv": [0, 0, 1, 1], "texture": "#0"}
			}
		},
		{
			"name": "hexadecagon",
			"from": [6.50816, -0.2, 0.5],
			"to": [9.49184, 0.2, 15.5],
			"faces": {
				"north": {"uv": [0, 0, 1, 1], "texture": "#0"},
				"east": {"uv": [0, 0, 1, 1], "texture": "#0"},
				"south": {"uv": [0, 0, 1, 1], "texture": "#0"},
				"west": {"uv": [0, 0, 1, 1], "texture": "#0"},
				"up": {"uv": [0, 0, 1, 1], "texture": "#0"},
				"down": {"uv": [0, 0, 1, 1], "texture": "#0"}
			}
		},
		{
			"name": "hexadecagon",
			"from": [6.50816, -0.2, 0.5],
			"to": [9.49184, 0.2, 15.5],
			"rotation": {"angle": 22.5, "axis": "y", "origin": [8, 0, 8]},
			"faces": {
				"north": {"uv": [0, 0, 1, 1], "texture": "#0"},
				"east": {"uv": [0, 0, 1, 1], "texture": "#0"},
				"south": {"uv": [0, 0, 1, 1], "texture": "#0"},
				"west": {"uv": [0, 0, 1, 1], "texture": "#0"},
				"up": {"uv": [0, 0, 1, 1], "texture": "#0"},
				"down": {"uv": [0, 0, 1, 1], "texture": "#0"}
			}
		},
		{
			"name": "hexadecagon",
			"from": [8.88296, -0.19943, 0.57713],
			"to": [18.88296, 0.20057, 3.56082],
			"rotation": {"angle": -22.5, "axis": "y", "origin": [9.38296, 0.00057, 2.06898]},
			"faces": {
				"north": {"uv": [0, 0, 1, 1], "rotation": 270, "texture": "#0"},
				"east": {"uv": [0, 0, 1, 1], "rotation": 270, "texture": "#0"},
				"south": {"uv": [0, 0, 1, 1], "rotation": 270, "texture": "#0"},
				"west": {"uv": [0, 0, 1, 1], "rotation": 270, "texture": "#0"},
				"up": {"uv": [0, 0, 1, 1], "rotation": 270, "texture": "#0"},
				"down": {"uv": [0, 0, 1, 1], "rotation": 270, "texture": "#0"}
			}
		},
		{
			"name": "hexadecagon",
			"from": [11.10628, -0.19767, 8.61594],
			"to": [18.10628, 0.20233, 11.59963],
			"rotation": {"angle": 22.5, "axis": "y", "origin": [18.60628, 0.02185, 10.10779]},
			"faces": {
				"north": {"uv": [0, 0, 1, 1], "rotation": 90, "texture": "#0"},
				"east": {"uv": [0, 0, 1, 1], "rotation": 90, "texture": "#0"},
				"south": {"uv": [0, 0, 1, 1], "rotation": 90, "texture": "#0"},
				"west": {"uv": [0, 0, 1, 1], "rotation": 90, "texture": "#0"},
				"up": {"uv": [0, 0, 1, 1], "rotation": 90, "texture": "#0"},
				"down": {"uv": [0, 0, 1, 1], "rotation": 90, "texture": "#0"}
			}
		},
		{
			"name": "hexadecagon",
			"from": [6.50816, -0.2, 0.5],
			"to": [9.49184, 0.2, 15.5],
			"rotation": {"angle": 45, "axis": "y", "origin": [8, 0, 8]},
			"faces": {
				"north": {"uv": [0, 0, 1, 1], "texture": "#0"},
				"east": {"uv": [0, 0, 1, 1], "texture": "#0"},
				"south": {"uv": [0, 0, 1, 1], "texture": "#0"},
				"west": {"uv": [0, 0, 1, 1], "texture": "#0"},
				"up": {"uv": [0, 0, 1, 1], "texture": "#0"},
				"down": {"uv": [0, 0, 1, 1], "texture": "#0"}
			}
		},
		{
			"name": "hexadecagon",
			"from": [0.5, -0.2, 6.50816],
			"to": [15.5, 0.2, 9.49184],
			"rotation": {"angle": -22.5, "axis": "y", "origin": [8, 0, 8]},
			"faces": {
				"north": {"uv": [0, 0, 1, 1], "texture": "#0"},
				"east": {"uv": [0, 0, 1, 1], "texture": "#0"},
				"south": {"uv": [0, 0, 1, 1], "texture": "#0"},
				"west": {"uv": [0, 0, 1, 1], "texture": "#0"},
				"up": {"uv": [0, 0, 1, 1], "texture": "#0"},
				"down": {"uv": [0, 0, 1, 1], "texture": "#0"}
			}
		},
		{
			"name": "hexadecagon",
			"from": [0.5, -0.2, 6.50816],
			"to": [15.5, 0.2, 9.49184],
			"faces": {
				"north": {"uv": [0, 0, 1, 1], "texture": "#0"},
				"east": {"uv": [0, 0, 1, 1], "texture": "#0"},
				"south": {"uv": [0, 0, 1, 1], "texture": "#0"},
				"west": {"uv": [0, 0, 1, 1], "texture": "#0"},
				"up": {"uv": [0, 0, 1, 1], "texture": "#0"},
				"down": {"uv": [0, 0, 1, 1], "texture": "#0"}
			}
		},
		{
			"name": "hexadecagon",
			"from": [4.73046, -0.19914, 4.32616],
			"to": [18.73046, 0.20086, 11.72616],
			"faces": {
				"north": {"uv": [0, 0, 1, 1], "texture": "#0"},
				"east": {"uv": [0, 0, 1, 1], "texture": "#0"},
				"south": {"uv": [0, 0, 1, 1], "texture": "#0"},
				"west": {"uv": [0, 0, 1, 1], "texture": "#0"},
				"up": {"uv": [0, 0, 1, 1], "texture": "#0"},
				"down": {"uv": [0, 0, 1, 1], "texture": "#0"}
			}
		},
		{
			"name": "hexadecagon",
			"from": [0.5, -0.2, 6.50816],
			"to": [15.5, 0.2, 9.49184],
			"rotation": {"angle": 22.5, "axis": "y", "origin": [8, 0, 8]},
			"faces": {
				"north": {"uv": [0, 0, 1, 1], "texture": "#0"},
				"east": {"uv": [0, 0, 1, 1], "texture": "#0"},
				"south": {"uv": [0, 0, 1, 1], "texture": "#0"},
				"west": {"uv": [0, 0, 1, 1], "texture": "#0"},
				"up": {"uv": [0, 0, 1, 1], "texture": "#0"},
				"down": {"uv": [0, 0, 1, 1], "texture": "#0"}
			}
		},
		{
			"name": "hexadecagon",
			"from": [12.75, 1.60218, 6],
			"to": [15.25, 2.39782, 6.99],
			"rotation": {"angle": -45, "axis": "x", "origin": [15, 2, 8]},
			"faces": {
				"north": {"uv": [0, 0, 1, 1], "texture": "#6"},
				"east": {"uv": [0, 0, 1, 1], "texture": "#6"},
				"south": {"uv": [0, 0, 1, 1], "texture": "#6"},
				"west": {"uv": [0, 0, 1, 1], "texture": "#6"},
				"up": {"uv": [0, 0, 1, 1], "texture": "#6"},
				"down": {"uv": [0, 0, 1, 1], "texture": "#6"}
			}
		},
		{
			"name": "hexadecagon",
			"from": [12.75, 1.60218, 6],
			"to": [15.25, 2.39782, 6.99],
			"rotation": {"angle": -22.5, "axis": "x", "origin": [15, 2, 8]},
			"faces": {
				"north": {"uv": [0, 0, 1, 1], "texture": "#6"},
				"east": {"uv": [0, 0, 1, 1], "texture": "#6"},
				"south": {"uv": [0, 0, 1, 1], "texture": "#6"},
				"west": {"uv": [0, 0, 1, 1], "texture": "#6"},
				"up": {"uv": [0, 0, 1, 1], "texture": "#6"},
				"down": {"uv": [0, 0, 1, 1], "texture": "#6"}
			}
		},
		{
			"name": "hexadecagon",
			"from": [12.75, 1.60218, 6],
			"to": [15.25, 2.39782, 6.99],
			"faces": {
				"north": {"uv": [0, 0, 1, 1], "texture": "#6"},
				"east": {"uv": [0, 0, 1, 1], "texture": "#6"},
				"south": {"uv": [0, 0, 1, 1], "texture": "#6"},
				"west": {"uv": [0, 0, 1, 1], "texture": "#6"},
				"up": {"uv": [0, 0, 1, 1], "texture": "#6"},
				"down": {"uv": [0, 0, 1, 1], "texture": "#6"}
			}
		},
		{
			"name": "hexadecagon",
			"from": [12.75, 1.60218, 6],
			"to": [15.25, 2.39782, 6.99],
			"rotation": {"angle": 22.5, "axis": "x", "origin": [15, 2, 8]},
			"faces": {
				"north": {"uv": [0, 0, 1, 1], "texture": "#6"},
				"east": {"uv": [0, 0, 1, 1], "texture": "#6"},
				"south": {"uv": [0, 0, 1, 1], "texture": "#6"},
				"west": {"uv": [0, 0, 1, 1], "texture": "#6"},
				"up": {"uv": [0, 0, 1, 1], "texture": "#6"},
				"down": {"uv": [0, 0, 1, 1], "texture": "#6"}
			}
		},
		{
			"name": "hexadecagon",
			"from": [12.75, 1.60218, 6],
			"to": [15.25, 2.39782, 6.99],
			"rotation": {"angle": 45, "axis": "x", "origin": [15, 2, 8]},
			"faces": {
				"north": {"uv": [0, 0, 1, 1], "texture": "#6"},
				"east": {"uv": [0, 0, 1, 1], "texture": "#6"},
				"south": {"uv": [0, 0, 1, 1], "texture": "#6"},
				"west": {"uv": [0, 0, 1, 1], "texture": "#6"},
				"up": {"uv": [0, 0, 1, 1], "texture": "#6"},
				"down": {"uv": [0, 0, 1, 1], "texture": "#6"}
			}
		},
		{
			"name": "hexadecagon",
			"from": [12.75, 1.60218, 9.01],
			"to": [15.25, 2.39782, 10],
			"rotation": {"angle": -45, "axis": "x", "origin": [15, 2, 8]},
			"faces": {
				"north": {"uv": [0, 0, 1, 1], "texture": "#6"},
				"east": {"uv": [0, 0, 1, 1], "texture": "#6"},
				"south": {"uv": [0, 0, 1, 1], "texture": "#6"},
				"west": {"uv": [0, 0, 1, 1], "texture": "#6"},
				"up": {"uv": [0, 0, 1, 1], "texture": "#6"},
				"down": {"uv": [0, 0, 1, 1], "texture": "#6"}
			}
		},
		{
			"name": "hexadecagon",
			"from": [12.75, 1.60218, 9.01],
			"to": [15.25, 2.39782, 10],
			"rotation": {"angle": -22.5, "axis": "x", "origin": [15, 2, 8]},
			"faces": {
				"north": {"uv": [0, 0, 1, 1], "texture": "#6"},
				"east": {"uv": [0, 0, 1, 1], "texture": "#6"},
				"south": {"uv": [0, 0, 1, 1], "texture": "#6"},
				"west": {"uv": [0, 0, 1, 1], "texture": "#6"},
				"up": {"uv": [0, 0, 1, 1], "texture": "#6"},
				"down": {"uv": [0, 0, 1, 1], "texture": "#6"}
			}
		},
		{
			"name": "hexadecagon",
			"from": [12.75, 1.60218, 9.01],
			"to": [15.25, 2.39782, 10],
			"faces": {
				"north": {"uv": [0, 0, 1, 1], "texture": "#6"},
				"east": {"uv": [0, 0, 1, 1], "texture": "#6"},
				"south": {"uv": [0, 0, 1, 1], "texture": "#6"},
				"west": {"uv": [0, 0, 1, 1], "texture": "#6"},
				"up": {"uv": [0, 0, 1, 1], "texture": "#6"},
				"down": {"uv": [0, 0, 1, 1], "texture": "#6"}
			}
		},
		{
			"name": "hexadecagon",
			"from": [12.75, 1.60218, 9.01],
			"to": [15.25, 2.39782, 10],
			"rotation": {"angle": 22.5, "axis": "x", "origin": [15, 2, 8]},
			"faces": {
				"north": {"uv": [0, 0, 1, 1], "texture": "#6"},
				"east": {"uv": [0, 0, 1, 1], "texture": "#6"},
				"south": {"uv": [0, 0, 1, 1], "texture": "#6"},
				"west": {"uv": [0, 0, 1, 1], "texture": "#6"},
				"up": {"uv": [0, 0, 1, 1], "texture": "#6"},
				"down": {"uv": [0, 0, 1, 1], "texture": "#6"}
			}
		},
		{
			"name": "hexadecagon",
			"from": [12.75, 1.60218, 9.01],
			"to": [15.25, 2.39782, 10],
			"rotation": {"angle": 45, "axis": "x", "origin": [15, 2, 8]},
			"faces": {
				"north": {"uv": [0, 0, 1, 1], "texture": "#6"},
				"east": {"uv": [0, 0, 1, 1], "texture": "#6"},
				"south": {"uv": [0, 0, 1, 1], "texture": "#6"},
				"west": {"uv": [0, 0, 1, 1], "texture": "#6"},
				"up": {"uv": [0, 0, 1, 1], "texture": "#6"},
				"down": {"uv": [0, 0, 1, 1], "texture": "#6"}
			}
		},
		{
			"name": "hexadecagon",
			"from": [12.75, 0, 7.60218],
			"to": [15.25, 0.99, 8.39782],
			"rotation": {"angle": -22.5, "axis": "x", "origin": [15, 2, 8]},
			"faces": {
				"north": {"uv": [0, 0, 1, 1], "texture": "#6"},
				"east": {"uv": [0, 0, 1, 1], "texture": "#6"},
				"south": {"uv": [0, 0, 1, 1], "texture": "#6"},
				"west": {"uv": [0, 0, 1, 1], "texture": "#6"},
				"up": {"uv": [0, 0, 1, 1], "texture": "#6"},
				"down": {"uv": [0, 0, 1, 1], "texture": "#6"}
			}
		},
		{
			"name": "hexadecagon",
			"from": [12.75, 0, 7.60218],
			"to": [15.25, 0.99, 8.39782],
			"faces": {
				"north": {"uv": [0, 0, 1, 1], "texture": "#6"},
				"east": {"uv": [0, 0, 1, 1], "texture": "#6"},
				"south": {"uv": [0, 0, 1, 1], "texture": "#6"},
				"west": {"uv": [0, 0, 1, 1], "texture": "#6"},
				"up": {"uv": [0, 0, 1, 1], "texture": "#6"},
				"down": {"uv": [0, 0, 1, 1], "texture": "#6"}
			}
		},
		{
			"name": "hexadecagon",
			"from": [12.75, 0, 7.60218],
			"to": [15.25, 0.99, 8.39782],
			"rotation": {"angle": 22.5, "axis": "x", "origin": [15, 2, 8]},
			"faces": {
				"north": {"uv": [0, 0, 1, 1], "texture": "#6"},
				"east": {"uv": [0, 0, 1, 1], "texture": "#6"},
				"south": {"uv": [0, 0, 1, 1], "texture": "#6"},
				"west": {"uv": [0, 0, 1, 1], "texture": "#6"},
				"up": {"uv": [0, 0, 1, 1], "texture": "#6"},
				"down": {"uv": [0, 0, 1, 1], "texture": "#6"}
			}
		},
		{
			"name": "hexadecagon",
			"from": [12.75, 3.01, 7.60218],
			"to": [15.25, 4, 8.39782],
			"rotation": {"angle": -22.5, "axis": "x", "origin": [15, 2, 8]},
			"faces": {
				"north": {"uv": [0, 0, 1, 1], "texture": "#6"},
				"east": {"uv": [0, 0, 1, 1], "texture": "#6"},
				"south": {"uv": [0, 0, 1, 1], "texture": "#6"},
				"west": {"uv": [0, 0, 1, 1], "texture": "#6"},
				"up": {"uv": [0, 0, 1, 1], "texture": "#6"},
				"down": {"uv": [0, 0, 1, 1], "texture": "#6"}
			}
		},
		{
			"name": "hexadecagon",
			"from": [12.75, 3.01, 7.60218],
			"to": [15.25, 4, 8.39782],
			"faces": {
				"north": {"uv": [0, 0, 1, 1], "texture": "#6"},
				"east": {"uv": [0, 0, 1, 1], "texture": "#6"},
				"south": {"uv": [0, 0, 1, 1], "texture": "#6"},
				"west": {"uv": [0, 0, 1, 1], "texture": "#6"},
				"up": {"uv": [0, 0, 1, 1], "texture": "#6"},
				"down": {"uv": [0, 0, 1, 1], "texture": "#6"}
			}
		},
		{
			"name": "hexadecagon",
			"from": [12.75, 3.01, 7.60218],
			"to": [15.25, 4, 8.39782],
			"rotation": {"angle": 22.5, "axis": "x", "origin": [15, 2, 8]},
			"faces": {
				"north": {"uv": [0, 0, 1, 1], "texture": "#6"},
				"east": {"uv": [0, 0, 1, 1], "texture": "#6"},
				"south": {"uv": [0, 0, 1, 1], "texture": "#6"},
				"west": {"uv": [0, 0, 1, 1], "texture": "#6"},
				"up": {"uv": [0, 0, 1, 1], "texture": "#6"},
				"down": {"uv": [0, 0, 1, 1], "texture": "#6"}
			}
		},
		{
			"name": "hexadecagon",
			"from": [14.1, 1.80109, 7],
			"to": [15.1, 2.19891, 9],
			"rotation": {"angle": -45, "axis": "x", "origin": [14, 2, 8]},
			"faces": {
				"north": {"uv": [0, 0, 1, 1], "texture": "#3"},
				"east": {"uv": [0, 0, 1, 1], "texture": "#3"},
				"south": {"uv": [0, 0, 1, 1], "texture": "#3"},
				"west": {"uv": [0, 0, 1, 1], "texture": "#3"},
				"up": {"uv": [0, 0, 1, 1], "texture": "#3"},
				"down": {"uv": [0, 0, 1, 1], "texture": "#3"}
			}
		},
		{
			"name": "hexadecagon",
			"from": [14.1, 1.80109, 7],
			"to": [15.1, 2.19891, 9],
			"rotation": {"angle": -22.5, "axis": "x", "origin": [14, 2, 8]},
			"faces": {
				"north": {"uv": [0, 0, 1, 1], "texture": "#3"},
				"east": {"uv": [0, 0, 1, 1], "texture": "#3"},
				"south": {"uv": [0, 0, 1, 1], "texture": "#3"},
				"west": {"uv": [0, 0, 1, 1], "texture": "#3"},
				"up": {"uv": [0, 0, 1, 1], "texture": "#3"},
				"down": {"uv": [0, 0, 1, 1], "texture": "#3"}
			}
		},
		{
			"name": "hexadecagon",
			"from": [14.1, 1.80109, 7],
			"to": [15.1, 2.19891, 9],
			"faces": {
				"north": {"uv": [0, 0, 1, 1], "texture": "#3"},
				"east": {"uv": [0, 0, 1, 1], "texture": "#3"},
				"south": {"uv": [0, 0, 1, 1], "texture": "#3"},
				"west": {"uv": [0, 0, 1, 1], "texture": "#3"},
				"up": {"uv": [0, 0, 1, 1], "texture": "#3"},
				"down": {"uv": [0, 0, 1, 1], "texture": "#3"}
			}
		},
		{
			"name": "hexadecagon",
			"from": [14.1, 1.80109, 7],
			"to": [15.1, 2.19891, 9],
			"rotation": {"angle": 22.5, "axis": "x", "origin": [14, 2, 8]},
			"faces": {
				"north": {"uv": [0, 0, 1, 1], "texture": "#3"},
				"east": {"uv": [0, 0, 1, 1], "texture": "#3"},
				"south": {"uv": [0, 0, 1, 1], "texture": "#3"},
				"west": {"uv": [0, 0, 1, 1], "texture": "#3"},
				"up": {"uv": [0, 0, 1, 1], "texture": "#3"},
				"down": {"uv": [0, 0, 1, 1], "texture": "#3"}
			}
		},
		{
			"name": "hexadecagon",
			"from": [14.1, 1.80109, 7],
			"to": [15.1, 2.19891, 9],
			"rotation": {"angle": 45, "axis": "x", "origin": [14, 2, 8]},
			"faces": {
				"north": {"uv": [0, 0, 1, 1], "texture": "#3"},
				"east": {"uv": [0, 0, 1, 1], "texture": "#3"},
				"south": {"uv": [0, 0, 1, 1], "texture": "#3"},
				"west": {"uv": [0, 0, 1, 1], "texture": "#3"},
				"up": {"uv": [0, 0, 1, 1], "texture": "#3"},
				"down": {"uv": [0, 0, 1, 1], "texture": "#3"}
			}
		},
		{
			"name": "hexadecagon",
			"from": [14.1, 1, 7.80109],
			"to": [15.1, 3, 8.19891],
			"rotation": {"angle": -22.5, "axis": "x", "origin": [14, 2, 8]},
			"faces": {
				"north": {"uv": [0, 0, 1, 1], "texture": "#3"},
				"east": {"uv": [0, 0, 1, 1], "texture": "#3"},
				"south": {"uv": [0, 0, 1, 1], "texture": "#3"},
				"west": {"uv": [0, 0, 1, 1], "texture": "#3"},
				"up": {"uv": [0, 0, 1, 1], "texture": "#3"},
				"down": {"uv": [0, 0, 1, 1], "texture": "#3"}
			}
		},
		{
			"name": "hexadecagon",
			"from": [14.1, 1, 7.80109],
			"to": [15.1, 3, 8.19891],
			"faces": {
				"north": {"uv": [0, 0, 1, 1], "texture": "#3"},
				"east": {"uv": [0, 0, 1, 1], "texture": "#3"},
				"south": {"uv": [0, 0, 1, 1], "texture": "#3"},
				"west": {"uv": [0, 0, 1, 1], "texture": "#3"},
				"up": {"uv": [0, 0, 1, 1], "texture": "#3"},
				"down": {"uv": [0, 0, 1, 1], "texture": "#3"}
			}
		},
		{
			"name": "hexadecagon",
			"from": [14.1, 1, 7.80109],
			"to": [15.1, 3, 8.19891],
			"rotation": {"angle": 22.5, "axis": "x", "origin": [14, 2, 8]},
			"faces": {
				"north": {"uv": [0, 0, 1, 1], "texture": "#3"},
				"east": {"uv": [0, 0, 1, 1], "texture": "#3"},
				"south": {"uv": [0, 0, 1, 1], "texture": "#3"},
				"west": {"uv": [0, 0, 1, 1], "texture": "#3"},
				"up": {"uv": [0, 0, 1, 1], "texture": "#3"},
				"down": {"uv": [0, 0, 1, 1], "texture": "#3"}
			}
		}
	],
	"display": {
		"thirdperson_righthand": {
			"rotation": [61, 90.75, 6],
			"translation": [-5.78, 4.086, 24.25],
			"scale": [0.68763, 0.67545, 0.68925]
		},
		"thirdperson_lefthand": {
			"rotation": [61, 90.75, 6],
			"translation": [-5.78, 4.086, 24.25],
			"scale": [0.68763, 0.67545, 0.68925]
		},
		"firstperson_righthand": {
			"rotation": [-180, -180, 180],
			"translation": [-1.391, -4.336, 80]
		},
		"firstperson_lefthand": {
			"rotation": [-19, 108, -3],
			"translation": [0, -2.086, 80]
		},
		"ground": {
			"rotation": [0, 0, 2],
			"translation": [0, 3.4782, 0],
			"scale": [0.7565, 0.7565, 0.7217]
		},
		"gui": {
			"rotation": [0, -90, 0],
			"translation": [0.305, 2.6412, 0],
			"scale": [0, 0.99, 0.99]
		},
		"head": {
			"rotation": [0, 90.75, 0],
			"translation": [0, 15, 0],
			"scale": [1.45, 1.09999, 1.2434]
		},
		"fixed": {
			"rotation": [0, 86.75, 0],
			"translation": [-0.391, 1.3913, -1.1631],
			"scale": [0.8608, 1, 1]
		}
	},
	"groups": [0, 1, 2, 3, 4, 5, 6, 7, 8, 9, 10, 11, 12, 13, 14, 15, 16, 17, 18, 19, 20, 21, 22, 23, 24, 25, 26, 27, 28, 29, 30, 31, 32, 33, 34, 35, 36, 37, 38, 39, 40, 41, 42, 43, 44, 45, 46, 47, 48, 49, 50, 51, 52, 53, 54, 55, 56, 57, 58, 59, 60, 61, 62, 63, 64, 65, 66, 67, 68, 69, 70, 71, 72, 73, 74, 75, 76, 77, 78, 79, 80, 81, 82, 83, 84, 85, 86, 87, 88, 89, 90, 91, 92, 93, 94, 95, 96, 97, 98, 99, 100, 101, 102, 103, 104, 105, 106, 107, 108, 109, 110, 111, 112, 113, 114, 115, 116, 117, 118, 119, 120, 121, 122, 123, 124, 125, 126, 127, 128, 129, 130, 131, 132, 133, 134, 135, 136, 137, 138,
		{
			"name": "hexadecagon",
			"origin": [8, 8, 8],
			"children": [139, 140, 141, 142, 143, 144, 145, 146,
				{
					"name": "hexadecagon",
					"origin": [8, 8, 8],
					"children": [147, 148, 149, 150, 151, 152, 153, 154]
				}
			]
		},
		{
			"name": "hexadecagon",
			"origin": [8, 8, 8],
			"children": [155, 156, 157, 158, 159, 160, 161, 162, 163, 164, 165]
		},
		{
			"name": "hexadecagon",
			"origin": [8, 8, 8],
			"children": [166, 167, 168, 169, 170, 171, 172, 173, 174, 175, 176, 177, 178, 179, 180, 181]
		},
		{
			"name": "hexadecagon",
			"origin": [8, 8, 8],
			"children": [182, 183, 184, 185, 186, 187, 188, 189]
		}
	]
}
