{
	"credit": "Made with Blockbench",
	"textures": {
		"0": "custom/cinderellaearstexture",
		"4": "custom/epcotearstexture2",
		"5": "blocks/anvil_top_damaged_2",
		"particle": "custom/epcotearstexture2"
	},
	"elements": [
		{
			"name": "hexadecagon",
			"from": [15.20435, 4, 7.5],
			"to": [16.79565, 12, 8.5],
			"rotation": {"angle": -45, "axis": "z", "origin": [16, 8, 8]},
			"faces": {
				"north": {"uv": [0, 0, 3.563, 3.313], "texture": "#4"},
				"east": {"uv": [8, 7, 8.5, 7.5], "texture": "#5"},
				"south": {"uv": [0, 0, 3.563, 3.313], "texture": "#4"},
				"west": {"uv": [8, 7, 8.5, 7.5], "texture": "#5"},
				"up": {"uv": [12, 7.5, 8, 7], "texture": "#5"},
				"down": {"uv": [11, 7, 7, 7.5], "texture": "#5"}
			}
		},
		{
			"name": "hexadecagon",
			"from": [15.20435, 4, 7.5],
			"to": [16.79565, 12, 8.5],
			"rotation": {"angle": -22.5, "axis": "z", "origin": [16, 8, 8]},
			"faces": {
				"north": {"uv": [0, 0, 3.563, 3.313], "texture": "#4"},
				"east": {"uv": [8, 7, 8.5, 7.5], "texture": "#5"},
				"south": {"uv": [0, 0, 3.563, 3.313], "texture": "#4"},
				"west": {"uv": [8, 7, 8.5, 7.5], "texture": "#5"},
				"up": {"uv": [12, 7.5, 8, 7], "texture": "#5"},
				"down": {"uv": [11, 7, 7, 7.5], "texture": "#5"}
			}
		},
		{
			"name": "hexadecagon",
			"from": [15.20435, 4, 7.5],
			"to": [16.79565, 12, 8.5],
			"faces": {
				"north": {"uv": [0, 0, 3.563, 3.313], "texture": "#4"},
				"east": {"uv": [8, 7, 8.5, 7.5], "texture": "#5"},
				"south": {"uv": [0, 0, 3.563, 3.313], "texture": "#4"},
				"west": {"uv": [8, 7, 8.5, 7.5], "texture": "#5"},
				"up": {"uv": [12, 7.5, 8, 7], "texture": "#5"},
				"down": {"uv": [11, 7, 7, 7.5], "texture": "#5"}
			}
		},
		{
			"name": "hexadecagon",
			"from": [15.20435, 4, 7.5],
			"to": [16.79565, 12, 8.5],
			"rotation": {"angle": 22.5, "axis": "z", "origin": [16, 8, 8]},
			"faces": {
				"north": {"uv": [0, 0, 3.563, 3.313], "texture": "#4"},
				"east": {"uv": [8, 7, 8.5, 7.5], "texture": "#5"},
				"south": {"uv": [0, 0, 3.563, 3.313], "texture": "#4"},
				"west": {"uv": [8, 7, 8.5, 7.5], "texture": "#5"},
				"up": {"uv": [12, 7.5, 8, 7], "texture": "#5"},
				"down": {"uv": [11, 7, 7, 7.5], "texture": "#5"}
			}
		},
		{
			"name": "hexadecagon",
			"from": [15.20435, 4, 7.5],
			"to": [16.79565, 12, 8.5],
			"rotation": {"angle": 45, "axis": "z", "origin": [16, 8, 8]},
			"faces": {
				"north": {"uv": [0, 0, 3.563, 3.313], "texture": "#4"},
				"east": {"uv": [8, 7, 8.5, 7.5], "texture": "#5"},
				"south": {"uv": [0, 0, 3.563, 3.313], "texture": "#4"},
				"west": {"uv": [8, 7, 8.5, 7.5], "texture": "#5"},
				"up": {"uv": [12, 7.5, 8, 7], "texture": "#5"},
				"down": {"uv": [11, 7, 7, 7.5], "texture": "#5"}
			}
		},
		{
			"name": "hexadecagon",
			"from": [12, 7.20435, 7.5],
			"to": [20, 8.79565, 8.5],
			"rotation": {"angle": -22.5, "axis": "z", "origin": [16, 8, 8]},
			"faces": {
				"north": {"uv": [0, 0, 3.563, 3.313], "texture": "#4"},
				"east": {"uv": [8, 7, 8.5, 7.5], "texture": "#5"},
				"south": {"uv": [0, 0, 3.563, 3.313], "texture": "#4"},
				"west": {"uv": [8, 7, 8.5, 7.5], "texture": "#5"},
				"up": {"uv": [12, 7.5, 8, 7], "texture": "#5"},
				"down": {"uv": [11, 7, 7, 7.5], "texture": "#5"}
			}
		},
		{
			"name": "hexadecagon",
			"from": [12, 7.20435, 7.5],
			"to": [20, 8.79565, 8.5],
			"faces": {
				"north": {"uv": [0, 0, 3.563, 3.313], "texture": "#4"},
				"east": {"uv": [8, 7, 8.5, 7.5], "texture": "#5"},
				"south": {"uv": [0, 0, 3.563, 3.313], "texture": "#4"},
				"west": {"uv": [8, 7, 8.5, 7.5], "texture": "#5"},
				"up": {"uv": [12, 7.5, 8, 7], "texture": "#5"},
				"down": {"uv": [11, 7, 7, 7.5], "texture": "#5"}
			}
		},
		{
			"name": "hexadecagon",
			"from": [12, 7.20435, 7.5],
			"to": [20, 8.79565, 8.5],
			"rotation": {"angle": 22.5, "axis": "z", "origin": [16, 8, 8]},
			"faces": {
				"north": {"uv": [0, 0, 3.563, 3.313], "texture": "#4"},
				"east": {"uv": [8, 7, 8.5, 7.5], "texture": "#5"},
				"south": {"uv": [0, 0, 3.563, 3.313], "texture": "#4"},
				"west": {"uv": [8, 7, 8.5, 7.5], "texture": "#5"},
				"up": {"uv": [12, 7.5, 8, 7], "texture": "#5"},
				"down": {"uv": [11, 7, 7, 7.5], "texture": "#5"}
			}
		},
		{
			"from": [8.9392, 7.1892, 6.3936],
			"to": [11.0608, 8.8108, 7.7044],
			"faces": {
				"north": {"uv": [0, 0, 15.976, 15.989], "texture": "#0"},
				"east": {"uv": [0, 0, 4.584, 15.976], "texture": "#0"},
				"south": {"uv": [0, 0, 15.992, 15.99], "texture": "#0"},
				"west": {"uv": [0, 0, 5.787, 15.618], "texture": "#0"},
				"up": {"uv": [15.984, 15.99, 0, 0], "texture": "#0"},
				"down": {"uv": [15.986, 0, 0, 15.982], "texture": "#0"}
			}
		},
		{
			"from": [8.9392, 8.6892, 6.6436],
			"to": [11.0608, 9.0608, 7.7044],
			"faces": {
				"north": {"uv": [0, 0, 15.976, 15.989], "texture": "#0"},
				"east": {"uv": [0, 0, 4.584, 15.976], "texture": "#0"},
				"south": {"uv": [0, 0, 15.992, 15.99], "texture": "#0"},
				"west": {"uv": [0, 0, 5.787, 15.618], "texture": "#0"},
				"up": {"uv": [15.984, 15.99, 0, 0], "texture": "#0"},
				"down": {"uv": [15.986, 0, 0, 15.982], "texture": "#0"}
			}
		},
		{
			"from": [8.93997, 7.37616, 6.09947],
			"to": [11.06157, 7.74776, 6.41027],
			"rotation": {"angle": 45, "axis": "x", "origin": [10.00077, 7.74776, 7.95587]},
			"faces": {
				"north": {"uv": [0, 0, 15.976, 15.989], "texture": "#0"},
				"east": {"uv": [0, 0, 4.584, 15.976], "texture": "#0"},
				"south": {"uv": [0, 0, 15.992, 15.99], "texture": "#0"},
				"west": {"uv": [0, 0, 5.787, 15.618], "texture": "#0"},
				"up": {"uv": [15.984, 15.99, 0, 0], "texture": "#0"},
				"down": {"uv": [15.986, 0, 0, 15.982], "texture": "#0"}
			}
		},
		{
			"from": [8.93997, 8.00224, 6.34947],
			"to": [11.06157, 8.62384, 6.41027],
			"rotation": {"angle": -45, "axis": "x", "origin": [10.00077, 8.25224, 7.95587]},
			"faces": {
				"north": {"uv": [0, 0, 15.976, 15.989], "texture": "#0"},
				"east": {"uv": [0, 0, 4.584, 15.976], "texture": "#0"},
				"south": {"uv": [0, 0, 15.992, 15.99], "texture": "#0"},
				"west": {"uv": [0, 0, 5.787, 15.618], "texture": "#0"},
				"up": {"uv": [15.984, 15.99, 0, 0], "texture": "#0"},
				"down": {"uv": [15.986, 0, 0, 15.982], "texture": "#0"}
			}
		},
		{
			"from": [8.9392, 6.9392, 6.6436],
			"to": [11.0608, 7.3108, 7.7044],
			"faces": {
				"north": {"uv": [0, 0, 15.976, 15.989], "texture": "#0"},
				"east": {"uv": [0, 0, 4.584, 15.976], "texture": "#0"},
				"south": {"uv": [0, 0, 15.992, 15.99], "texture": "#0"},
				"west": {"uv": [0, 0, 5.787, 15.618], "texture": "#0"},
				"up": {"uv": [15.984, 15.99, 0, 0], "texture": "#0"},
				"down": {"uv": [15.986, 0, 0, 15.982], "texture": "#0"}
			}
		},
		{
			"from": [20.75958, 14.40262, 6.40591],
			"to": [22.35078, 18.64582, 7.46671],
			"rotation": {"angle": 45, "axis": "z", "origin": [23.14638, -4.16138, 14.89231]},
			"faces": {
				"north": {"uv": [0, 0, 15.976, 15.989], "texture": "#0"},
				"east": {"uv": [0, 0, 4.584, 15.976], "texture": "#0"},
				"south": {"uv": [0, 0, 15.992, 15.99], "texture": "#0"},
				"west": {"uv": [0, 0, 5.787, 15.618], "texture": "#0"},
				"up": {"uv": [15.984, 15.99, 0, 0], "texture": "#0"},
				"down": {"uv": [15.986, 0, 0, 15.982], "texture": "#0"}
			}
		},
		{
			"from": [-2.35078, 14.40262, 6.40591],
			"to": [-0.75958, 18.64582, 7.46671],
			"rotation": {"angle": -45, "axis": "z", "origin": [-3.14638, -4.16138, 14.89231]},
			"faces": {
				"north": {"uv": [0, 0, 15.976, 15.989], "texture": "#0"},
				"east": {"uv": [0, 0, 4.584, 15.976], "texture": "#0"},
				"south": {"uv": [0, 0, 15.992, 15.99], "texture": "#0"},
				"west": {"uv": [0, 0, 5.787, 15.618], "texture": "#0"},
				"up": {"uv": [15.984, 15.99, 0, 0], "texture": "#0"},
				"down": {"uv": [15.986, 0, 0, 15.982], "texture": "#0"}
			}
		},
		{
			"from": [9.08665, 1.05147, 6.40366],
			"to": [13.32985, 2.64267, 7.46446],
			"rotation": {"angle": 22.5, "axis": "z", "origin": [-5.23415, 9.80307, 14.89006]},
			"faces": {
				"north": {"uv": [0, 0, 15.976, 15.989], "texture": "#0"},
				"east": {"uv": [0, 0, 4.584, 15.976], "texture": "#0"},
				"south": {"uv": [0, 0, 15.992, 15.99], "texture": "#0"},
				"west": {"uv": [0, 0, 5.787, 15.618], "texture": "#0"},
				"up": {"uv": [15.984, 15.99, 0, 0], "texture": "#0"},
				"down": {"uv": [15.986, 0, 0, 15.982], "texture": "#0"}
			}
		},
		{
			"from": [6.67015, 1.05147, 6.40366],
			"to": [10.91335, 2.64267, 7.46446],
			"rotation": {"angle": -22.5, "axis": "z", "origin": [25.23415, 9.80307, 14.89006]},
			"faces": {
				"north": {"uv": [0, 0, 15.976, 15.989], "texture": "#0"},
				"east": {"uv": [0, 0, 4.584, 15.976], "texture": "#0"},
				"south": {"uv": [0, 0, 15.992, 15.99], "texture": "#0"},
				"west": {"uv": [0, 0, 5.787, 15.618], "texture": "#0"},
				"up": {"uv": [15.984, 15.99, 0, 0], "texture": "#0"},
				"down": {"uv": [15.986, 0, 0, 15.982], "texture": "#0"}
			}
		},
		{
			"from": [11.01784, 7.24446, 6.3946],
			"to": [15.26104, 8.83566, 7.4554],
			"faces": {
				"north": {"uv": [0, 0, 15.976, 15.989], "texture": "#0"},
				"east": {"uv": [0, 0, 4.584, 15.976], "texture": "#0"},
				"south": {"uv": [0, 0, 15.992, 15.99], "texture": "#0"},
				"west": {"uv": [0, 0, 5.787, 15.618], "texture": "#0"},
				"up": {"uv": [15.984, 15.99, 0, 0], "texture": "#0"},
				"down": {"uv": [15.986, 0, 0, 15.982], "texture": "#0"}
			}
		},
		{
			"from": [4.73896, 7.24446, 6.3946],
			"to": [8.98216, 8.83566, 7.4554],
			"faces": {
				"north": {"uv": [0, 0, 15.976, 15.989], "texture": "#0"},
				"east": {"uv": [0, 0, 4.584, 15.976], "texture": "#0"},
				"south": {"uv": [0, 0, 15.992, 15.99], "texture": "#0"},
				"west": {"uv": [0, 0, 5.787, 15.618], "texture": "#0"},
				"up": {"uv": [15.984, 15.99, 0, 0], "texture": "#0"},
				"down": {"uv": [15.986, 0, 0, 15.982], "texture": "#0"}
			}
		},
		{
			"from": [14.38498, 6.95496, 6.38866],
			"to": [18.62818, 8.79616, 7.44946],
			"rotation": {"angle": -22.5, "axis": "z", "origin": [13.05898, 16.48696, 14.87506]},
			"faces": {
				"north": {"uv": [0, 0, 15.976, 15.989], "texture": "#0"},
				"east": {"uv": [0, 0, 4.584, 15.976], "texture": "#0"},
				"south": {"uv": [0, 0, 15.992, 15.99], "texture": "#0"},
				"west": {"uv": [0, 0, 5.787, 15.618], "texture": "#0"},
				"up": {"uv": [15.984, 15.99, 0, 0], "texture": "#0"},
				"down": {"uv": [15.986, 0, 0, 15.982], "texture": "#0"}
			}
		},
		{
			"from": [1.37182, 6.95496, 6.38866],
			"to": [5.61502, 8.79616, 7.44946],
			"rotation": {"angle": 22.5, "axis": "z", "origin": [6.94102, 16.48696, 14.87506]},
			"faces": {
				"north": {"uv": [0, 0, 15.976, 15.989], "texture": "#0"},
				"east": {"uv": [0, 0, 4.584, 15.976], "texture": "#0"},
				"south": {"uv": [0, 0, 15.992, 15.99], "texture": "#0"},
				"west": {"uv": [0, 0, 5.787, 15.618], "texture": "#0"},
				"up": {"uv": [15.984, 15.99, 0, 0], "texture": "#0"},
				"down": {"uv": [15.986, 0, 0, 15.982], "texture": "#0"}
			}
		},
		{
			"name": "hexadecagon",
			"from": [3.20435, 4, 7.5],
			"to": [4.79565, 12, 8.5],
			"rotation": {"angle": 45, "axis": "z", "origin": [4, 8, 8]},
			"faces": {
				"north": {"uv": [0, 0, 3.563, 3.313], "texture": "#4"},
				"east": {"uv": [8.5, 7, 8, 7.5], "texture": "#5"},
				"south": {"uv": [0, 0, 3.563, 3.313], "texture": "#4"},
				"west": {"uv": [8.5, 7, 8, 7.5], "texture": "#5"},
				"up": {"uv": [8, 7.5, 12, 7], "texture": "#5"},
				"down": {"uv": [7, 7, 11, 7.5], "texture": "#5"}
			}
		},
		{
			"name": "hexadecagon",
			"from": [3.20435, 4, 7.5],
			"to": [4.79565, 12, 8.5],
			"rotation": {"angle": 22.5, "axis": "z", "origin": [4, 8, 8]},
			"faces": {
				"north": {"uv": [0, 0, 3.563, 3.313], "texture": "#4"},
				"east": {"uv": [8.5, 7, 8, 7.5], "texture": "#5"},
				"south": {"uv": [0, 0, 3.563, 3.313], "texture": "#4"},
				"west": {"uv": [8.5, 7, 8, 7.5], "texture": "#5"},
				"up": {"uv": [8, 7.5, 12, 7], "texture": "#5"},
				"down": {"uv": [7, 7, 11, 7.5], "texture": "#5"}
			}
		},
		{
			"name": "hexadecagon",
			"from": [3.20435, 4, 7.5],
			"to": [4.79565, 12, 8.5],
			"faces": {
				"north": {"uv": [0, 0, 3.563, 3.313], "texture": "#4"},
				"east": {"uv": [8.5, 7, 8, 7.5], "texture": "#5"},
				"south": {"uv": [0, 0, 3.563, 3.313], "texture": "#4"},
				"west": {"uv": [8.5, 7, 8, 7.5], "texture": "#5"},
				"up": {"uv": [8, 7.5, 12, 7], "texture": "#5"},
				"down": {"uv": [7, 7, 11, 7.5], "texture": "#5"}
			}
		},
		{
			"name": "hexadecagon",
			"from": [3.20435, 4, 7.5],
			"to": [4.79565, 12, 8.5],
			"rotation": {"angle": -22.5, "axis": "z", "origin": [4, 8, 8]},
			"faces": {
				"north": {"uv": [0, 0, 3.563, 3.313], "texture": "#4"},
				"east": {"uv": [8.5, 7, 8, 7.5], "texture": "#5"},
				"south": {"uv": [0, 0, 3.563, 3.313], "texture": "#4"},
				"west": {"uv": [8.5, 7, 8, 7.5], "texture": "#5"},
				"up": {"uv": [8, 7.5, 12, 7], "texture": "#5"},
				"down": {"uv": [7, 7, 11, 7.5], "texture": "#5"}
			}
		},
		{
			"name": "hexadecagon",
			"from": [3.20435, 4, 7.5],
			"to": [4.79565, 12, 8.5],
			"rotation": {"angle": -45, "axis": "z", "origin": [4, 8, 8]},
			"faces": {
				"north": {"uv": [0, 0, 3.563, 3.313], "texture": "#4"},
				"east": {"uv": [8.5, 7, 8, 7.5], "texture": "#5"},
				"south": {"uv": [0, 0, 3.563, 3.313], "texture": "#4"},
				"west": {"uv": [8.5, 7, 8, 7.5], "texture": "#5"},
				"up": {"uv": [8, 7.5, 12, 7], "texture": "#5"},
				"down": {"uv": [7, 7, 11, 7.5], "texture": "#5"}
			}
		},
		{
			"name": "hexadecagon",
			"from": [0, 7.20435, 7.5],
			"to": [8, 8.79565, 8.5],
			"rotation": {"angle": 22.5, "axis": "z", "origin": [4, 8, 8]},
			"faces": {
				"north": {"uv": [0, 0, 3.563, 3.313], "texture": "#4"},
				"east": {"uv": [8.5, 7, 8, 7.5], "texture": "#5"},
				"south": {"uv": [0, 0, 3.563, 3.313], "texture": "#4"},
				"west": {"uv": [8.5, 7, 8, 7.5], "texture": "#5"},
				"up": {"uv": [8, 7.5, 12, 7], "texture": "#5"},
				"down": {"uv": [7, 7, 11, 7.5], "texture": "#5"}
			}
		},
		{
			"name": "hexadecagon",
			"from": [0, 7.20435, 7.5],
			"to": [8, 8.79565, 8.5],
			"faces": {
				"north": {"uv": [0, 0, 3.563, 3.313], "texture": "#4"},
				"east": {"uv": [8.5, 7, 8, 7.5], "texture": "#5"},
				"south": {"uv": [0, 0, 3.563, 3.313], "texture": "#4"},
				"west": {"uv": [8.5, 7, 8, 7.5], "texture": "#5"},
				"up": {"uv": [8, 7.5, 12, 7], "texture": "#5"},
				"down": {"uv": [7, 7, 11, 7.5], "texture": "#5"}
			}
		},
		{
			"name": "hexadecagon",
			"from": [0, 7.20435, 7.5],
			"to": [8, 8.79565, 8.5],
			"rotation": {"angle": -22.5, "axis": "z", "origin": [4, 8, 8]},
			"faces": {
				"north": {"uv": [0, 0, 3.563, 3.313], "texture": "#4"},
				"east": {"uv": [8.5, 7, 8, 7.5], "texture": "#5"},
				"south": {"uv": [0, 0, 3.563, 3.313], "texture": "#4"},
				"west": {"uv": [8.5, 7, 8, 7.5], "texture": "#5"},
				"up": {"uv": [8, 7.5, 12, 7], "texture": "#5"},
				"down": {"uv": [7, 7, 11, 7.5], "texture": "#5"}
			}
		}
	],
	"display": {
		"head": {
			"translation": [-2, 8.75, -3.5]
		}
	},
	"groups": [
		{
			"name": "hexadecagon",
			"origin": [8, 8, 8],
			"children": [0, 1, 2, 3, 4, 5, 6, 7]
		},
		{
			"name": "Bow",
			"origin": [8, 8, 8],
			"children": [
				{
					"name": "group",
					"origin": [8, 8, 8],
					"children": [8, 9, 10, 11, 12, 13, 14, 15, 16, 17, 18, 19, 20]
				}
			]
		},
		{
			"name": "hexadecagon",
			"origin": [8, 8, 8],
			"children": [21, 22, 23, 24, 25, 26, 27, 28]
		}
	]
}
