{
	"credit": "Made with Blockbench",
	"textures": {
		"0": "blocks/lapis_block",
		"1": "blocks/wool_colored_black",
		"2": "blocks/gold_block",
		"particle": "blocks/lapis_block"
	},
	"elements": [
		{
			"name": "hexadecagon",
			"from": [12.30444, 5.885, 7.86],
			"to": [13.19556, 10.365, 8.14],
			"rotation": {"angle": -45, "axis": "z", "origin": [12.75, 8.125, 8]},
			"faces": {
				"north": {"uv": [0, 0, 1, 1], "rotation": 180, "texture": "#1"},
				"east": {"uv": [0, 0, 1, 1], "rotation": 270, "texture": "#1"},
				"south": {"uv": [0, 0, 1, 1], "texture": "#1"},
				"west": {"uv": [0, 0, 1, 1], "rotation": 90, "texture": "#1"},
				"up": {"uv": [0, 0, 1, 1], "rotation": 180, "texture": "#1"},
				"down": {"uv": [0, 0, 1, 1], "texture": "#1"}
			}
		},
		{
			"name": "hexadecagon",
			"from": [12.30444, 5.885, 7.86],
			"to": [13.19556, 10.365, 8.14],
			"rotation": {"angle": -22.5, "axis": "z", "origin": [12.75, 8.125, 8]},
			"faces": {
				"north": {"uv": [0, 0, 1, 1], "rotation": 180, "texture": "#1"},
				"east": {"uv": [0, 0, 1, 1], "rotation": 270, "texture": "#1"},
				"south": {"uv": [0, 0, 1, 1], "texture": "#1"},
				"west": {"uv": [0, 0, 1, 1], "rotation": 90, "texture": "#1"},
				"up": {"uv": [0, 0, 1, 1], "rotation": 180, "texture": "#1"},
				"down": {"uv": [0, 0, 1, 1], "texture": "#1"}
			}
		},
		{
			"name": "hexadecagon",
			"from": [12.30444, 5.885, 7.86],
			"to": [13.19556, 10.365, 8.14],
			"rotation": {"angle": 0, "axis": "y", "origin": [12.75, 8.125, 8]},
			"faces": {
				"north": {"uv": [0, 0, 1, 1], "rotation": 180, "texture": "#1"},
				"east": {"uv": [0, 0, 1, 1], "rotation": 270, "texture": "#1"},
				"south": {"uv": [0, 0, 1, 1], "texture": "#1"},
				"west": {"uv": [0, 0, 1, 1], "rotation": 90, "texture": "#1"},
				"up": {"uv": [0, 0, 1, 1], "rotation": 180, "texture": "#1"},
				"down": {"uv": [0, 0, 1, 1], "texture": "#1"}
			}
		},
		{
			"name": "hexadecagon",
			"from": [12.30444, 5.885, 7.86],
			"to": [13.19556, 10.365, 8.14],
			"rotation": {"angle": 22.5, "axis": "z", "origin": [12.75, 8.125, 8]},
			"faces": {
				"north": {"uv": [0, 0, 1, 1], "rotation": 180, "texture": "#1"},
				"east": {"uv": [0, 0, 1, 1], "rotation": 270, "texture": "#1"},
				"south": {"uv": [0, 0, 1, 1], "texture": "#1"},
				"west": {"uv": [0, 0, 1, 1], "rotation": 90, "texture": "#1"},
				"up": {"uv": [0, 0, 1, 1], "rotation": 180, "texture": "#1"},
				"down": {"uv": [0, 0, 1, 1], "texture": "#1"}
			}
		},
		{
			"name": "hexadecagon",
			"from": [12.30444, 5.885, 7.86],
			"to": [13.19556, 10.365, 8.14],
			"rotation": {"angle": 45, "axis": "z", "origin": [12.75, 8.125, 8]},
			"faces": {
				"north": {"uv": [0, 0, 1, 1], "rotation": 180, "texture": "#1"},
				"east": {"uv": [0, 0, 1, 1], "rotation": 270, "texture": "#1"},
				"south": {"uv": [0, 0, 1, 1], "texture": "#1"},
				"west": {"uv": [0, 0, 1, 1], "rotation": 90, "texture": "#1"},
				"up": {"uv": [0, 0, 1, 1], "rotation": 180, "texture": "#1"},
				"down": {"uv": [0, 0, 1, 1], "texture": "#1"}
			}
		},
		{
			"name": "hexadecagon",
			"from": [10.51, 7.67944, 7.86],
			"to": [14.99, 8.57056, 8.14],
			"rotation": {"angle": -22.5, "axis": "z", "origin": [12.75, 8.125, 8]},
			"faces": {
				"north": {"uv": [0, 0, 1, 1], "rotation": 180, "texture": "#1"},
				"east": {"uv": [0, 0, 1, 1], "rotation": 270, "texture": "#1"},
				"south": {"uv": [0, 0, 1, 1], "texture": "#1"},
				"west": {"uv": [0, 0, 1, 1], "rotation": 90, "texture": "#1"},
				"up": {"uv": [0, 0, 1, 1], "rotation": 180, "texture": "#1"},
				"down": {"uv": [0, 0, 1, 1], "texture": "#1"}
			}
		},
		{
			"name": "hexadecagon",
			"from": [10.51, 7.67944, 7.86],
			"to": [14.99, 8.57056, 8.14],
			"rotation": {"angle": 0, "axis": "y", "origin": [12.75, 8.125, 8]},
			"faces": {
				"north": {"uv": [0, 0, 1, 1], "rotation": 180, "texture": "#1"},
				"east": {"uv": [0, 0, 1, 1], "rotation": 270, "texture": "#1"},
				"south": {"uv": [0, 0, 1, 1], "texture": "#1"},
				"west": {"uv": [0, 0, 1, 1], "rotation": 90, "texture": "#1"},
				"up": {"uv": [0, 0, 1, 1], "rotation": 180, "texture": "#1"},
				"down": {"uv": [0, 0, 1, 1], "texture": "#1"}
			}
		},
		{
			"name": "hexadecagon",
			"from": [10.51, 7.67944, 7.86],
			"to": [14.99, 8.57056, 8.14],
			"rotation": {"angle": 22.5, "axis": "z", "origin": [12.75, 8.125, 8]},
			"faces": {
				"north": {"uv": [0, 0, 1, 1], "rotation": 180, "texture": "#1"},
				"east": {"uv": [0, 0, 1, 1], "rotation": 270, "texture": "#1"},
				"south": {"uv": [0, 0, 1, 1], "texture": "#1"},
				"west": {"uv": [0, 0, 1, 1], "rotation": 90, "texture": "#1"},
				"up": {"uv": [0, 0, 1, 1], "rotation": 180, "texture": "#1"},
				"down": {"uv": [0, 0, 1, 1], "texture": "#1"}
			}
		},
		{
			"name": "hexadecagon",
			"from": [2.80444, 5.885, 7.86],
			"to": [3.69556, 10.365, 8.14],
			"rotation": {"angle": 45, "axis": "z", "origin": [3.25, 8.125, 8]},
			"faces": {
				"north": {"uv": [1, 0, 0, 1], "rotation": 180, "texture": "#1"},
				"east": {"uv": [0, 1, 1, 0], "rotation": 90, "texture": "#1"},
				"south": {"uv": [1, 0, 0, 1], "texture": "#1"},
				"west": {"uv": [0, 1, 1, 0], "rotation": 270, "texture": "#1"},
				"up": {"uv": [1, 0, 0, 1], "rotation": 180, "texture": "#1"},
				"down": {"uv": [1, 0, 0, 1], "texture": "#1"}
			}
		},
		{
			"name": "hexadecagon",
			"from": [2.80444, 5.885, 7.86],
			"to": [3.69556, 10.365, 8.14],
			"rotation": {"angle": 22.5, "axis": "z", "origin": [3.25, 8.125, 8]},
			"faces": {
				"north": {"uv": [1, 0, 0, 1], "rotation": 180, "texture": "#1"},
				"east": {"uv": [0, 1, 1, 0], "rotation": 90, "texture": "#1"},
				"south": {"uv": [1, 0, 0, 1], "texture": "#1"},
				"west": {"uv": [0, 1, 1, 0], "rotation": 270, "texture": "#1"},
				"up": {"uv": [1, 0, 0, 1], "rotation": 180, "texture": "#1"},
				"down": {"uv": [1, 0, 0, 1], "texture": "#1"}
			}
		},
		{
			"name": "hexadecagon",
			"from": [2.80444, 5.885, 7.86],
			"to": [3.69556, 10.365, 8.14],
			"rotation": {"angle": 0, "axis": "y", "origin": [3.25, 8.125, 8]},
			"faces": {
				"north": {"uv": [1, 0, 0, 1], "rotation": 180, "texture": "#1"},
				"east": {"uv": [0, 1, 1, 0], "rotation": 90, "texture": "#1"},
				"south": {"uv": [1, 0, 0, 1], "texture": "#1"},
				"west": {"uv": [0, 1, 1, 0], "rotation": 270, "texture": "#1"},
				"up": {"uv": [1, 0, 0, 1], "rotation": 180, "texture": "#1"},
				"down": {"uv": [1, 0, 0, 1], "texture": "#1"}
			}
		},
		{
			"name": "hexadecagon",
			"from": [2.80444, 5.885, 7.86],
			"to": [3.69556, 10.365, 8.14],
			"rotation": {"angle": -22.5, "axis": "z", "origin": [3.25, 8.125, 8]},
			"faces": {
				"north": {"uv": [1, 0, 0, 1], "rotation": 180, "texture": "#1"},
				"east": {"uv": [0, 1, 1, 0], "rotation": 90, "texture": "#1"},
				"south": {"uv": [1, 0, 0, 1], "texture": "#1"},
				"west": {"uv": [0, 1, 1, 0], "rotation": 270, "texture": "#1"},
				"up": {"uv": [1, 0, 0, 1], "rotation": 180, "texture": "#1"},
				"down": {"uv": [1, 0, 0, 1], "texture": "#1"}
			}
		},
		{
			"name": "hexadecagon",
			"from": [2.80444, 5.885, 7.86],
			"to": [3.69556, 10.365, 8.14],
			"rotation": {"angle": -45, "axis": "z", "origin": [3.25, 8.125, 8]},
			"faces": {
				"north": {"uv": [1, 0, 0, 1], "rotation": 180, "texture": "#1"},
				"east": {"uv": [0, 1, 1, 0], "rotation": 90, "texture": "#1"},
				"south": {"uv": [1, 0, 0, 1], "texture": "#1"},
				"west": {"uv": [0, 1, 1, 0], "rotation": 270, "texture": "#1"},
				"up": {"uv": [1, 0, 0, 1], "rotation": 180, "texture": "#1"},
				"down": {"uv": [1, 0, 0, 1], "texture": "#1"}
			}
		},
		{
			"name": "hexadecagon",
			"from": [1.01, 7.67944, 7.86],
			"to": [5.49, 8.57056, 8.14],
			"rotation": {"angle": 22.5, "axis": "z", "origin": [3.25, 8.125, 8]},
			"faces": {
				"north": {"uv": [1, 0, 0, 1], "rotation": 180, "texture": "#1"},
				"east": {"uv": [0, 1, 1, 0], "rotation": 90, "texture": "#1"},
				"south": {"uv": [1, 0, 0, 1], "texture": "#1"},
				"west": {"uv": [0, 1, 1, 0], "rotation": 270, "texture": "#1"},
				"up": {"uv": [1, 0, 0, 1], "rotation": 180, "texture": "#1"},
				"down": {"uv": [1, 0, 0, 1], "texture": "#1"}
			}
		},
		{
			"name": "hexadecagon",
			"from": [1.01, 7.67944, 7.86],
			"to": [5.49, 8.57056, 8.14],
			"rotation": {"angle": 0, "axis": "y", "origin": [3.25, 8.125, 8]},
			"faces": {
				"north": {"uv": [1, 0, 0, 1], "rotation": 180, "texture": "#1"},
				"east": {"uv": [0, 1, 1, 0], "rotation": 90, "texture": "#1"},
				"south": {"uv": [1, 0, 0, 1], "texture": "#1"},
				"west": {"uv": [0, 1, 1, 0], "rotation": 270, "texture": "#1"},
				"up": {"uv": [1, 0, 0, 1], "rotation": 180, "texture": "#1"},
				"down": {"uv": [1, 0, 0, 1], "texture": "#1"}
			}
		},
		{
			"name": "hexadecagon",
			"from": [1.01, 7.67944, 7.86],
			"to": [5.49, 8.57056, 8.14],
			"rotation": {"angle": -22.5, "axis": "z", "origin": [3.25, 8.125, 8]},
			"faces": {
				"north": {"uv": [1, 0, 0, 1], "rotation": 180, "texture": "#1"},
				"east": {"uv": [0, 1, 1, 0], "rotation": 90, "texture": "#1"},
				"south": {"uv": [1, 0, 0, 1], "texture": "#1"},
				"west": {"uv": [0, 1, 1, 0], "rotation": 270, "texture": "#1"},
				"up": {"uv": [1, 0, 0, 1], "rotation": 180, "texture": "#1"},
				"down": {"uv": [1, 0, 0, 1], "texture": "#1"}
			}
		},
		{
			"name": "hexadecagon",
			"from": [7.49588, 7.9076, 5.4656],
			"to": [8.50412, 8.5214, 5.7824],
			"rotation": {"angle": -45, "axis": "y", "origin": [8, 8.066, 8]},
			"faces": {
				"north": {"uv": [4.5, 0.5, 6.25, 2.25], "texture": "#0"},
				"east": {"uv": [4.5, 0.5, 6.25, 2.25], "texture": "#0"},
				"south": {"uv": [4.5, 0.5, 6.25, 2.25], "texture": "#0"},
				"west": {"uv": [4.5, 0.5, 6.25, 2.25], "texture": "#0"},
				"up": {"uv": [4.5, 0.5, 6.25, 2.25], "texture": "#0"},
				"down": {"uv": [4.5, 0.5, 6.25, 2.25], "texture": "#0"}
			}
		},
		{
			"name": "hexadecagon",
			"from": [7.49588, 7.9076, 5.4656],
			"to": [8.50412, 8.5214, 5.7824],
			"rotation": {"angle": -22.5, "axis": "y", "origin": [8, 8.066, 8]},
			"faces": {
				"north": {"uv": [4.5, 0.5, 6.25, 2.25], "texture": "#0"},
				"east": {"uv": [4.5, 0.5, 6.25, 2.25], "texture": "#0"},
				"south": {"uv": [4.5, 0.5, 6.25, 2.25], "texture": "#0"},
				"west": {"uv": [4.5, 0.5, 6.25, 2.25], "texture": "#0"},
				"up": {"uv": [4.5, 0.5, 6.25, 2.25], "texture": "#0"},
				"down": {"uv": [4.5, 0.5, 6.25, 2.25], "texture": "#0"}
			}
		},
		{
			"name": "hexadecagon",
			"from": [7.49588, 7.9076, 5.4656],
			"to": [8.50412, 8.5214, 5.7824],
			"rotation": {"angle": 0, "axis": "y", "origin": [8, 8.066, 8]},
			"faces": {
				"north": {"uv": [4.5, 0.5, 6.25, 2.25], "texture": "#0"},
				"east": {"uv": [4.5, 0.5, 6.25, 2.25], "texture": "#0"},
				"south": {"uv": [4.5, 0.5, 6.25, 2.25], "texture": "#0"},
				"west": {"uv": [4.5, 0.5, 6.25, 2.25], "texture": "#0"},
				"up": {"uv": [4.5, 0.5, 6.25, 2.25], "texture": "#0"},
				"down": {"uv": [4.5, 0.5, 6.25, 2.25], "texture": "#0"}
			}
		},
		{
			"name": "hexadecagon",
			"from": [7.49588, 7.9076, 5.4656],
			"to": [8.50412, 8.5214, 5.7824],
			"rotation": {"angle": 22.5, "axis": "y", "origin": [8, 8.066, 8]},
			"faces": {
				"north": {"uv": [4.5, 0.5, 6.25, 2.25], "texture": "#0"},
				"east": {"uv": [4.5, 0.5, 6.25, 2.25], "texture": "#0"},
				"south": {"uv": [4.5, 0.5, 6.25, 2.25], "texture": "#0"},
				"west": {"uv": [4.5, 0.5, 6.25, 2.25], "texture": "#0"},
				"up": {"uv": [4.5, 0.5, 6.25, 2.25], "texture": "#0"},
				"down": {"uv": [4.5, 0.5, 6.25, 2.25], "texture": "#0"}
			}
		},
		{
			"name": "hexadecagon",
			"from": [7.49588, 7.9076, 5.4656],
			"to": [8.50412, 8.5214, 5.7824],
			"rotation": {"angle": 45, "axis": "y", "origin": [8, 8.066, 8]},
			"faces": {
				"north": {"uv": [4.5, 0.5, 6.25, 2.25], "texture": "#0"},
				"east": {"uv": [4.5, 0.5, 6.25, 2.25], "texture": "#0"},
				"south": {"uv": [4.5, 0.5, 6.25, 2.25], "texture": "#0"},
				"west": {"uv": [4.5, 0.5, 6.25, 2.25], "texture": "#0"},
				"up": {"uv": [4.5, 0.5, 6.25, 2.25], "texture": "#0"},
				"down": {"uv": [4.5, 0.5, 6.25, 2.25], "texture": "#0"}
			}
		},
		{
			"name": "hexadecagon",
			"from": [7.49588, 7.9076, 10.2176],
			"to": [8.50412, 8.5214, 10.5344],
			"rotation": {"angle": -45, "axis": "y", "origin": [8, 8.066, 8]},
			"faces": {
				"north": {"uv": [4.5, 0.5, 6.25, 2.25], "texture": "#0"},
				"east": {"uv": [4.5, 0.5, 6.25, 2.25], "texture": "#0"},
				"south": {"uv": [4.5, 0.5, 6.25, 2.25], "texture": "#0"},
				"west": {"uv": [4.5, 0.5, 6.25, 2.25], "texture": "#0"},
				"up": {"uv": [4.5, 0.5, 6.25, 2.25], "texture": "#0"},
				"down": {"uv": [4.5, 0.5, 6.25, 2.25], "texture": "#0"}
			}
		},
		{
			"name": "hexadecagon",
			"from": [7.49588, 7.9076, 10.2176],
			"to": [8.50412, 8.5214, 10.5344],
			"rotation": {"angle": -22.5, "axis": "y", "origin": [8, 8.066, 8]},
			"faces": {
				"north": {"uv": [4.5, 0.5, 6.25, 2.25], "texture": "#0"},
				"east": {"uv": [4.5, 0.5, 6.25, 2.25], "texture": "#0"},
				"south": {"uv": [4.5, 0.5, 6.25, 2.25], "texture": "#0"},
				"west": {"uv": [4.5, 0.5, 6.25, 2.25], "texture": "#0"},
				"up": {"uv": [4.5, 0.5, 6.25, 2.25], "texture": "#0"},
				"down": {"uv": [4.5, 0.5, 6.25, 2.25], "texture": "#0"}
			}
		},
		{
			"name": "hexadecagon",
			"from": [7.49588, 7.9076, 10.2176],
			"to": [8.50412, 8.5214, 10.5344],
			"rotation": {"angle": 0, "axis": "y", "origin": [8, 8.066, 8]},
			"faces": {
				"north": {"uv": [4.5, 0.5, 6.25, 2.25], "texture": "#0"},
				"east": {"uv": [4.5, 0.5, 6.25, 2.25], "texture": "#0"},
				"south": {"uv": [4.5, 0.5, 6.25, 2.25], "texture": "#0"},
				"west": {"uv": [4.5, 0.5, 6.25, 2.25], "texture": "#0"},
				"up": {"uv": [4.5, 0.5, 6.25, 2.25], "texture": "#0"},
				"down": {"uv": [4.5, 0.5, 6.25, 2.25], "texture": "#0"}
			}
		},
		{
			"name": "hexadecagon",
			"from": [7.49588, 7.9076, 10.2176],
			"to": [8.50412, 8.5214, 10.5344],
			"rotation": {"angle": 22.5, "axis": "y", "origin": [8, 8.066, 8]},
			"faces": {
				"north": {"uv": [4.5, 0.5, 6.25, 2.25], "texture": "#0"},
				"east": {"uv": [4.5, 0.5, 6.25, 2.25], "texture": "#0"},
				"south": {"uv": [4.5, 0.5, 6.25, 2.25], "texture": "#0"},
				"west": {"uv": [4.5, 0.5, 6.25, 2.25], "texture": "#0"},
				"up": {"uv": [4.5, 0.5, 6.25, 2.25], "texture": "#0"},
				"down": {"uv": [4.5, 0.5, 6.25, 2.25], "texture": "#0"}
			}
		},
		{
			"name": "hexadecagon",
			"from": [7.49588, 7.9076, 10.2176],
			"to": [8.50412, 8.5214, 10.5344],
			"rotation": {"angle": 45, "axis": "y", "origin": [8, 8.066, 8]},
			"faces": {
				"north": {"uv": [4.5, 0.5, 6.25, 2.25], "texture": "#0"},
				"east": {"uv": [4.5, 0.5, 6.25, 2.25], "texture": "#0"},
				"south": {"uv": [4.5, 0.5, 6.25, 2.25], "texture": "#0"},
				"west": {"uv": [4.5, 0.5, 6.25, 2.25], "texture": "#0"},
				"up": {"uv": [4.5, 0.5, 6.25, 2.25], "texture": "#0"},
				"down": {"uv": [4.5, 0.5, 6.25, 2.25], "texture": "#0"}
			}
		},
		{
			"name": "hexadecagon",
			"from": [5.4656, 7.9076, 7.49588],
			"to": [5.7824, 8.5214, 8.50412],
			"rotation": {"angle": -22.5, "axis": "y", "origin": [8, 8.066, 8]},
			"faces": {
				"north": {"uv": [4.5, 0.5, 6.25, 2.25], "texture": "#0"},
				"east": {"uv": [4.5, 0.5, 6.25, 2.25], "texture": "#0"},
				"south": {"uv": [4.5, 0.5, 6.25, 2.25], "texture": "#0"},
				"west": {"uv": [4.5, 0.5, 6.25, 2.25], "texture": "#0"},
				"up": {"uv": [4.5, 0.5, 6.25, 2.25], "texture": "#0"},
				"down": {"uv": [4.5, 0.5, 6.25, 2.25], "texture": "#0"}
			}
		},
		{
			"name": "hexadecagon",
			"from": [5.4656, 7.9076, 7.49588],
			"to": [5.7824, 8.5214, 8.50412],
			"rotation": {"angle": 0, "axis": "y", "origin": [8, 8.066, 8]},
			"faces": {
				"north": {"uv": [4.5, 0.5, 6.25, 2.25], "texture": "#0"},
				"east": {"uv": [4.5, 0.5, 6.25, 2.25], "texture": "#0"},
				"south": {"uv": [4.5, 0.5, 6.25, 2.25], "texture": "#0"},
				"west": {"uv": [4.5, 0.5, 6.25, 2.25], "texture": "#0"},
				"up": {"uv": [4.5, 0.5, 6.25, 2.25], "texture": "#0"},
				"down": {"uv": [4.5, 0.5, 6.25, 2.25], "texture": "#0"}
			}
		},
		{
			"name": "hexadecagon",
			"from": [5.4656, 7.9076, 7.49588],
			"to": [5.7824, 8.5214, 8.50412],
			"rotation": {"angle": 22.5, "axis": "y", "origin": [8, 8.066, 8]},
			"faces": {
				"north": {"uv": [4.5, 0.5, 6.25, 2.25], "texture": "#0"},
				"east": {"uv": [4.5, 0.5, 6.25, 2.25], "texture": "#0"},
				"south": {"uv": [4.5, 0.5, 6.25, 2.25], "texture": "#0"},
				"west": {"uv": [4.5, 0.5, 6.25, 2.25], "texture": "#0"},
				"up": {"uv": [4.5, 0.5, 6.25, 2.25], "texture": "#0"},
				"down": {"uv": [4.5, 0.5, 6.25, 2.25], "texture": "#0"}
			}
		},
		{
			"name": "hexadecagon",
			"from": [10.2176, 7.9076, 7.49588],
			"to": [10.5344, 8.5214, 8.50412],
			"rotation": {"angle": -22.5, "axis": "y", "origin": [8, 8.066, 8]},
			"faces": {
				"north": {"uv": [4.5, 0.5, 6.25, 2.25], "texture": "#0"},
				"east": {"uv": [4.5, 0.5, 6.25, 2.25], "texture": "#0"},
				"south": {"uv": [4.5, 0.5, 6.25, 2.25], "texture": "#0"},
				"west": {"uv": [4.5, 0.5, 6.25, 2.25], "texture": "#0"},
				"up": {"uv": [4.5, 0.5, 6.25, 2.25], "texture": "#0"},
				"down": {"uv": [4.5, 0.5, 6.25, 2.25], "texture": "#0"}
			}
		},
		{
			"name": "hexadecagon",
			"from": [10.2176, 7.9076, 7.49588],
			"to": [10.5344, 8.5214, 8.50412],
			"rotation": {"angle": 0, "axis": "y", "origin": [8, 8.066, 8]},
			"faces": {
				"north": {"uv": [4.5, 0.5, 6.25, 2.25], "texture": "#0"},
				"east": {"uv": [4.5, 0.5, 6.25, 2.25], "texture": "#0"},
				"south": {"uv": [4.5, 0.5, 6.25, 2.25], "texture": "#0"},
				"west": {"uv": [4.5, 0.5, 6.25, 2.25], "texture": "#0"},
				"up": {"uv": [4.5, 0.5, 6.25, 2.25], "texture": "#0"},
				"down": {"uv": [4.5, 0.5, 6.25, 2.25], "texture": "#0"}
			}
		},
		{
			"name": "hexadecagon",
			"from": [10.2176, 7.9076, 7.49588],
			"to": [10.5344, 8.5214, 8.50412],
			"rotation": {"angle": 22.5, "axis": "y", "origin": [8, 8.066, 8]},
			"faces": {
				"north": {"uv": [4.5, 0.5, 6.25, 2.25], "texture": "#0"},
				"east": {"uv": [4.5, 0.5, 6.25, 2.25], "texture": "#0"},
				"south": {"uv": [4.5, 0.5, 6.25, 2.25], "texture": "#0"},
				"west": {"uv": [4.5, 0.5, 6.25, 2.25], "texture": "#0"},
				"up": {"uv": [4.5, 0.5, 6.25, 2.25], "texture": "#0"},
				"down": {"uv": [4.5, 0.5, 6.25, 2.25], "texture": "#0"}
			}
		},
		{
			"name": "hexadecagon",
			"from": [7.53621, 8.48795, 5.66835],
			"to": [8.46379, 9.00241, 5.95981],
			"rotation": {"angle": -45, "axis": "y", "origin": [8, 8.65868, 8]},
			"faces": {
				"north": {"uv": [4.25, 0.5, 5.75, 2], "texture": "#0"},
				"east": {"uv": [4.25, 0.5, 5.75, 2], "texture": "#0"},
				"south": {"uv": [4.25, 0.5, 5.75, 2], "texture": "#0"},
				"west": {"uv": [4.25, 0.5, 5.75, 2], "texture": "#0"},
				"up": {"uv": [4.25, 0.5, 5.75, 2], "texture": "#0"},
				"down": {"uv": [4.25, 0.5, 5.75, 2], "texture": "#0"}
			}
		},
		{
			"name": "hexadecagon",
			"from": [7.53621, 8.48795, 5.66835],
			"to": [8.46379, 9.00241, 5.95981],
			"rotation": {"angle": -22.5, "axis": "y", "origin": [8, 8.65868, 8]},
			"faces": {
				"north": {"uv": [4.25, 0.5, 5.75, 2], "texture": "#0"},
				"east": {"uv": [4.25, 0.5, 5.75, 2], "texture": "#0"},
				"south": {"uv": [4.25, 0.5, 5.75, 2], "texture": "#0"},
				"west": {"uv": [4.25, 0.5, 5.75, 2], "texture": "#0"},
				"up": {"uv": [4.25, 0.5, 5.75, 2], "texture": "#0"},
				"down": {"uv": [4.25, 0.5, 5.75, 2], "texture": "#0"}
			}
		},
		{
			"name": "hexadecagon",
			"from": [7.53621, 8.48795, 5.66835],
			"to": [8.46379, 9.00241, 5.95981],
			"rotation": {"angle": 0, "axis": "y", "origin": [8, 8.65868, 8]},
			"faces": {
				"north": {"uv": [4.25, 0.5, 5.75, 2], "texture": "#0"},
				"east": {"uv": [4.25, 0.5, 5.75, 2], "texture": "#0"},
				"south": {"uv": [4.25, 0.5, 5.75, 2], "texture": "#0"},
				"west": {"uv": [4.25, 0.5, 5.75, 2], "texture": "#0"},
				"up": {"uv": [4.25, 0.5, 5.75, 2], "texture": "#0"},
				"down": {"uv": [4.25, 0.5, 5.75, 2], "texture": "#0"}
			}
		},
		{
			"name": "hexadecagon",
			"from": [7.53621, 8.48795, 5.66835],
			"to": [8.46379, 9.00241, 5.95981],
			"rotation": {"angle": 22.5, "axis": "y", "origin": [8, 8.65868, 8]},
			"faces": {
				"north": {"uv": [4.25, 0.5, 5.75, 2], "texture": "#0"},
				"east": {"uv": [4.25, 0.5, 5.75, 2], "texture": "#0"},
				"south": {"uv": [4.25, 0.5, 5.75, 2], "texture": "#0"},
				"west": {"uv": [4.25, 0.5, 5.75, 2], "texture": "#0"},
				"up": {"uv": [4.25, 0.5, 5.75, 2], "texture": "#0"},
				"down": {"uv": [4.25, 0.5, 5.75, 2], "texture": "#0"}
			}
		},
		{
			"name": "hexadecagon",
			"from": [7.53621, 8.48795, 5.66835],
			"to": [8.46379, 9.00241, 5.95981],
			"rotation": {"angle": 45, "axis": "y", "origin": [8, 8.65868, 8]},
			"faces": {
				"north": {"uv": [4.25, 0.5, 5.75, 2], "texture": "#0"},
				"east": {"uv": [4.25, 0.5, 5.75, 2], "texture": "#0"},
				"south": {"uv": [4.25, 0.5, 5.75, 2], "texture": "#0"},
				"west": {"uv": [4.25, 0.5, 5.75, 2], "texture": "#0"},
				"up": {"uv": [4.25, 0.5, 5.75, 2], "texture": "#0"},
				"down": {"uv": [4.25, 0.5, 5.75, 2], "texture": "#0"}
			}
		},
		{
			"name": "hexadecagon",
			"from": [7.53621, 8.48795, 10.04019],
			"to": [8.46379, 9.00241, 10.33165],
			"rotation": {"angle": -45, "axis": "y", "origin": [8, 8.65868, 8]},
			"faces": {
				"north": {"uv": [4.25, 0.5, 5.75, 2], "texture": "#0"},
				"east": {"uv": [4.25, 0.5, 5.75, 2], "texture": "#0"},
				"south": {"uv": [4.25, 0.5, 5.75, 2], "texture": "#0"},
				"west": {"uv": [4.25, 0.5, 5.75, 2], "texture": "#0"},
				"up": {"uv": [4.25, 0.5, 5.75, 2], "texture": "#0"},
				"down": {"uv": [4.25, 0.5, 5.75, 2], "texture": "#0"}
			}
		},
		{
			"name": "hexadecagon",
			"from": [7.53621, 8.48795, 10.04019],
			"to": [8.46379, 9.00241, 10.33165],
			"rotation": {"angle": -22.5, "axis": "y", "origin": [8, 8.65868, 8]},
			"faces": {
				"north": {"uv": [4.25, 0.5, 5.75, 2], "texture": "#0"},
				"east": {"uv": [4.25, 0.5, 5.75, 2], "texture": "#0"},
				"south": {"uv": [4.25, 0.5, 5.75, 2], "texture": "#0"},
				"west": {"uv": [4.25, 0.5, 5.75, 2], "texture": "#0"},
				"up": {"uv": [4.25, 0.5, 5.75, 2], "texture": "#0"},
				"down": {"uv": [4.25, 0.5, 5.75, 2], "texture": "#0"}
			}
		},
		{
			"name": "hexadecagon",
			"from": [7.53621, 8.48795, 10.04019],
			"to": [8.46379, 9.00241, 10.33165],
			"rotation": {"angle": 0, "axis": "y", "origin": [8, 8.65868, 8]},
			"faces": {
				"north": {"uv": [4.25, 0.5, 5.75, 2], "texture": "#0"},
				"east": {"uv": [4.25, 0.5, 5.75, 2], "texture": "#0"},
				"south": {"uv": [4.25, 0.5, 5.75, 2], "texture": "#0"},
				"west": {"uv": [4.25, 0.5, 5.75, 2], "texture": "#0"},
				"up": {"uv": [4.25, 0.5, 5.75, 2], "texture": "#0"},
				"down": {"uv": [4.25, 0.5, 5.75, 2], "texture": "#0"}
			}
		},
		{
			"name": "hexadecagon",
			"from": [7.53621, 8.48795, 10.04019],
			"to": [8.46379, 9.00241, 10.33165],
			"rotation": {"angle": 22.5, "axis": "y", "origin": [8, 8.65868, 8]},
			"faces": {
				"north": {"uv": [4.25, 0.5, 5.75, 2], "texture": "#0"},
				"east": {"uv": [4.25, 0.5, 5.75, 2], "texture": "#0"},
				"south": {"uv": [4.25, 0.5, 5.75, 2], "texture": "#0"},
				"west": {"uv": [4.25, 0.5, 5.75, 2], "texture": "#0"},
				"up": {"uv": [4.25, 0.5, 5.75, 2], "texture": "#0"},
				"down": {"uv": [4.25, 0.5, 5.75, 2], "texture": "#0"}
			}
		},
		{
			"name": "hexadecagon",
			"from": [7.53621, 8.48795, 10.04019],
			"to": [8.46379, 9.00241, 10.33165],
			"rotation": {"angle": 45, "axis": "y", "origin": [8, 8.65868, 8]},
			"faces": {
				"north": {"uv": [4.25, 0.5, 5.75, 2], "texture": "#0"},
				"east": {"uv": [4.25, 0.5, 5.75, 2], "texture": "#0"},
				"south": {"uv": [4.25, 0.5, 5.75, 2], "texture": "#0"},
				"west": {"uv": [4.25, 0.5, 5.75, 2], "texture": "#0"},
				"up": {"uv": [4.25, 0.5, 5.75, 2], "texture": "#0"},
				"down": {"uv": [4.25, 0.5, 5.75, 2], "texture": "#0"}
			}
		},
		{
			"name": "hexadecagon",
			"from": [5.66835, 8.48795, 7.53621],
			"to": [5.95981, 9.00241, 8.46379],
			"rotation": {"angle": -22.5, "axis": "y", "origin": [8, 8.65868, 8]},
			"faces": {
				"north": {"uv": [4.25, 0.5, 5.75, 2], "texture": "#0"},
				"east": {"uv": [4.25, 0.5, 5.75, 2], "texture": "#0"},
				"south": {"uv": [4.25, 0.5, 5.75, 2], "texture": "#0"},
				"west": {"uv": [4.25, 0.5, 5.75, 2], "texture": "#0"},
				"up": {"uv": [4.25, 0.5, 5.75, 2], "texture": "#0"},
				"down": {"uv": [4.25, 0.5, 5.75, 2], "texture": "#0"}
			}
		},
		{
			"name": "hexadecagon",
			"from": [5.66835, 8.48795, 7.53621],
			"to": [5.95981, 9.00241, 8.46379],
			"rotation": {"angle": 0, "axis": "y", "origin": [8, 8.65868, 8]},
			"faces": {
				"north": {"uv": [4.25, 0.5, 5.75, 2], "texture": "#0"},
				"east": {"uv": [4.25, 0.5, 5.75, 2], "texture": "#0"},
				"south": {"uv": [4.25, 0.5, 5.75, 2], "texture": "#0"},
				"west": {"uv": [4.25, 0.5, 5.75, 2], "texture": "#0"},
				"up": {"uv": [4.25, 0.5, 5.75, 2], "texture": "#0"},
				"down": {"uv": [4.25, 0.5, 5.75, 2], "texture": "#0"}
			}
		},
		{
			"name": "hexadecagon",
			"from": [5.66835, 8.48795, 7.53621],
			"to": [5.95981, 9.00241, 8.46379],
			"rotation": {"angle": 22.5, "axis": "y", "origin": [8, 8.65868, 8]},
			"faces": {
				"north": {"uv": [4.25, 0.5, 5.75, 2], "texture": "#0"},
				"east": {"uv": [4.25, 0.5, 5.75, 2], "texture": "#0"},
				"south": {"uv": [4.25, 0.5, 5.75, 2], "texture": "#0"},
				"west": {"uv": [4.25, 0.5, 5.75, 2], "texture": "#0"},
				"up": {"uv": [4.25, 0.5, 5.75, 2], "texture": "#0"},
				"down": {"uv": [4.25, 0.5, 5.75, 2], "texture": "#0"}
			}
		},
		{
			"name": "hexadecagon",
			"from": [10.04019, 8.48795, 7.53621],
			"to": [10.33165, 9.00241, 8.46379],
			"rotation": {"angle": -22.5, "axis": "y", "origin": [8, 8.65868, 8]},
			"faces": {
				"north": {"uv": [4.25, 0.5, 5.75, 2], "texture": "#0"},
				"east": {"uv": [4.25, 0.5, 5.75, 2], "texture": "#0"},
				"south": {"uv": [4.25, 0.5, 5.75, 2], "texture": "#0"},
				"west": {"uv": [4.25, 0.5, 5.75, 2], "texture": "#0"},
				"up": {"uv": [4.25, 0.5, 5.75, 2], "texture": "#0"},
				"down": {"uv": [4.25, 0.5, 5.75, 2], "texture": "#0"}
			}
		},
		{
			"name": "hexadecagon",
			"from": [10.04019, 8.48795, 7.53621],
			"to": [10.33165, 9.00241, 8.46379],
			"rotation": {"angle": 0, "axis": "y", "origin": [8, 8.65868, 8]},
			"faces": {
				"north": {"uv": [4.25, 0.5, 5.75, 2], "texture": "#0"},
				"east": {"uv": [4.25, 0.5, 5.75, 2], "texture": "#0"},
				"south": {"uv": [4.25, 0.5, 5.75, 2], "texture": "#0"},
				"west": {"uv": [4.25, 0.5, 5.75, 2], "texture": "#0"},
				"up": {"uv": [4.25, 0.5, 5.75, 2], "texture": "#0"},
				"down": {"uv": [4.25, 0.5, 5.75, 2], "texture": "#0"}
			}
		},
		{
			"name": "hexadecagon",
			"from": [10.04019, 8.48795, 7.53621],
			"to": [10.33165, 9.00241, 8.46379],
			"rotation": {"angle": 22.5, "axis": "y", "origin": [8, 8.65868, 8]},
			"faces": {
				"north": {"uv": [4.25, 0.5, 5.75, 2], "texture": "#0"},
				"east": {"uv": [4.25, 0.5, 5.75, 2], "texture": "#0"},
				"south": {"uv": [4.25, 0.5, 5.75, 2], "texture": "#0"},
				"west": {"uv": [4.25, 0.5, 5.75, 2], "texture": "#0"},
				"up": {"uv": [4.25, 0.5, 5.75, 2], "texture": "#0"},
				"down": {"uv": [4.25, 0.5, 5.75, 2], "texture": "#0"}
			}
		},
		{
			"name": "hexadecagon",
			"from": [7.59186, 8.95968, 5.94815],
			"to": [8.40814, 9.39824, 6.20463],
			"rotation": {"angle": -45, "axis": "y", "origin": [8, 9.11292, 8]},
			"faces": {
				"north": {"uv": [4.25, 0.5, 5.75, 2], "texture": "#0"},
				"east": {"uv": [4.25, 0.5, 5.75, 2], "texture": "#0"},
				"south": {"uv": [4.25, 0.5, 5.75, 2], "texture": "#0"},
				"west": {"uv": [4.25, 0.5, 5.75, 2], "texture": "#0"},
				"up": {"uv": [4.25, 0.5, 5.75, 2], "texture": "#0"},
				"down": {"uv": [4.25, 0.5, 5.75, 2], "texture": "#0"}
			}
		},
		{
			"name": "hexadecagon",
			"from": [7.59186, 8.95968, 5.94815],
			"to": [8.40814, 9.39824, 6.20463],
			"rotation": {"angle": -22.5, "axis": "y", "origin": [8, 9.11292, 8]},
			"faces": {
				"north": {"uv": [4.25, 0.5, 5.75, 2], "texture": "#0"},
				"east": {"uv": [4.25, 0.5, 5.75, 2], "texture": "#0"},
				"south": {"uv": [4.25, 0.5, 5.75, 2], "texture": "#0"},
				"west": {"uv": [4.25, 0.5, 5.75, 2], "texture": "#0"},
				"up": {"uv": [4.25, 0.5, 5.75, 2], "texture": "#0"},
				"down": {"uv": [4.25, 0.5, 5.75, 2], "texture": "#0"}
			}
		},
		{
			"name": "hexadecagon",
			"from": [7.59186, 8.95968, 5.94815],
			"to": [8.40814, 9.39824, 6.20463],
			"rotation": {"angle": 0, "axis": "y", "origin": [8, 9.11292, 8]},
			"faces": {
				"north": {"uv": [4.25, 0.5, 5.75, 2], "texture": "#0"},
				"east": {"uv": [4.25, 0.5, 5.75, 2], "texture": "#0"},
				"south": {"uv": [4.25, 0.5, 5.75, 2], "texture": "#0"},
				"west": {"uv": [4.25, 0.5, 5.75, 2], "texture": "#0"},
				"up": {"uv": [4.25, 0.5, 5.75, 2], "texture": "#0"},
				"down": {"uv": [4.25, 0.5, 5.75, 2], "texture": "#0"}
			}
		},
		{
			"name": "hexadecagon",
			"from": [7.59186, 8.95968, 5.94815],
			"to": [8.40814, 9.39824, 6.20463],
			"rotation": {"angle": 22.5, "axis": "y", "origin": [8, 9.11292, 8]},
			"faces": {
				"north": {"uv": [4.25, 0.5, 5.75, 2], "texture": "#0"},
				"east": {"uv": [4.25, 0.5, 5.75, 2], "texture": "#0"},
				"south": {"uv": [4.25, 0.5, 5.75, 2], "texture": "#0"},
				"west": {"uv": [4.25, 0.5, 5.75, 2], "texture": "#0"},
				"up": {"uv": [4.25, 0.5, 5.75, 2], "texture": "#0"},
				"down": {"uv": [4.25, 0.5, 5.75, 2], "texture": "#0"}
			}
		},
		{
			"name": "hexadecagon",
			"from": [7.59186, 8.95968, 5.94815],
			"to": [8.40814, 9.39824, 6.20463],
			"rotation": {"angle": 45, "axis": "y", "origin": [8, 9.11292, 8]},
			"faces": {
				"north": {"uv": [4.25, 0.5, 5.75, 2], "texture": "#0"},
				"east": {"uv": [4.25, 0.5, 5.75, 2], "texture": "#0"},
				"south": {"uv": [4.25, 0.5, 5.75, 2], "texture": "#0"},
				"west": {"uv": [4.25, 0.5, 5.75, 2], "texture": "#0"},
				"up": {"uv": [4.25, 0.5, 5.75, 2], "texture": "#0"},
				"down": {"uv": [4.25, 0.5, 5.75, 2], "texture": "#0"}
			}
		},
		{
			"name": "hexadecagon",
			"from": [7.59186, 8.95968, 9.79537],
			"to": [8.40814, 9.39824, 10.05185],
			"rotation": {"angle": -45, "axis": "y", "origin": [8, 9.11292, 8]},
			"faces": {
				"north": {"uv": [4.25, 0.5, 5.75, 2], "texture": "#0"},
				"east": {"uv": [4.25, 0.5, 5.75, 2], "texture": "#0"},
				"south": {"uv": [4.25, 0.5, 5.75, 2], "texture": "#0"},
				"west": {"uv": [4.25, 0.5, 5.75, 2], "texture": "#0"},
				"up": {"uv": [4.25, 0.5, 5.75, 2], "texture": "#0"},
				"down": {"uv": [4.25, 0.5, 5.75, 2], "texture": "#0"}
			}
		},
		{
			"name": "hexadecagon",
			"from": [7.59186, 8.95968, 9.79537],
			"to": [8.40814, 9.39824, 10.05185],
			"rotation": {"angle": -22.5, "axis": "y", "origin": [8, 9.11292, 8]},
			"faces": {
				"north": {"uv": [4.25, 0.5, 5.75, 2], "texture": "#0"},
				"east": {"uv": [4.25, 0.5, 5.75, 2], "texture": "#0"},
				"south": {"uv": [4.25, 0.5, 5.75, 2], "texture": "#0"},
				"west": {"uv": [4.25, 0.5, 5.75, 2], "texture": "#0"},
				"up": {"uv": [4.25, 0.5, 5.75, 2], "texture": "#0"},
				"down": {"uv": [4.25, 0.5, 5.75, 2], "texture": "#0"}
			}
		},
		{
			"name": "hexadecagon",
			"from": [7.59186, 8.95968, 9.79537],
			"to": [8.40814, 9.39824, 10.05185],
			"rotation": {"angle": 0, "axis": "y", "origin": [8, 9.11292, 8]},
			"faces": {
				"north": {"uv": [4.25, 0.5, 5.75, 2], "texture": "#0"},
				"east": {"uv": [4.25, 0.5, 5.75, 2], "texture": "#0"},
				"south": {"uv": [4.25, 0.5, 5.75, 2], "texture": "#0"},
				"west": {"uv": [4.25, 0.5, 5.75, 2], "texture": "#0"},
				"up": {"uv": [4.25, 0.5, 5.75, 2], "texture": "#0"},
				"down": {"uv": [4.25, 0.5, 5.75, 2], "texture": "#0"}
			}
		},
		{
			"name": "hexadecagon",
			"from": [7.59186, 8.95968, 9.79537],
			"to": [8.40814, 9.39824, 10.05185],
			"rotation": {"angle": 22.5, "axis": "y", "origin": [8, 9.11292, 8]},
			"faces": {
				"north": {"uv": [4.25, 0.5, 5.75, 2], "texture": "#0"},
				"east": {"uv": [4.25, 0.5, 5.75, 2], "texture": "#0"},
				"south": {"uv": [4.25, 0.5, 5.75, 2], "texture": "#0"},
				"west": {"uv": [4.25, 0.5, 5.75, 2], "texture": "#0"},
				"up": {"uv": [4.25, 0.5, 5.75, 2], "texture": "#0"},
				"down": {"uv": [4.25, 0.5, 5.75, 2], "texture": "#0"}
			}
		},
		{
			"name": "hexadecagon",
			"from": [7.59186, 8.95968, 9.79537],
			"to": [8.40814, 9.39824, 10.05185],
			"rotation": {"angle": 45, "axis": "y", "origin": [8, 9.11292, 8]},
			"faces": {
				"north": {"uv": [4.25, 0.5, 5.75, 2], "texture": "#0"},
				"east": {"uv": [4.25, 0.5, 5.75, 2], "texture": "#0"},
				"south": {"uv": [4.25, 0.5, 5.75, 2], "texture": "#0"},
				"west": {"uv": [4.25, 0.5, 5.75, 2], "texture": "#0"},
				"up": {"uv": [4.25, 0.5, 5.75, 2], "texture": "#0"},
				"down": {"uv": [4.25, 0.5, 5.75, 2], "texture": "#0"}
			}
		},
		{
			"name": "hexadecagon",
			"from": [5.94815, 8.95968, 7.59186],
			"to": [6.20463, 9.39824, 8.40814],
			"rotation": {"angle": -22.5, "axis": "y", "origin": [8, 9.11292, 8]},
			"faces": {
				"north": {"uv": [4.25, 0.5, 5.75, 2], "texture": "#0"},
				"east": {"uv": [4.25, 0.5, 5.75, 2], "texture": "#0"},
				"south": {"uv": [4.25, 0.5, 5.75, 2], "texture": "#0"},
				"west": {"uv": [4.25, 0.5, 5.75, 2], "texture": "#0"},
				"up": {"uv": [4.25, 0.5, 5.75, 2], "texture": "#0"},
				"down": {"uv": [4.25, 0.5, 5.75, 2], "texture": "#0"}
			}
		},
		{
			"name": "hexadecagon",
			"from": [5.94815, 8.95968, 7.59186],
			"to": [6.20463, 9.39824, 8.40814],
			"rotation": {"angle": 0, "axis": "y", "origin": [8, 9.11292, 8]},
			"faces": {
				"north": {"uv": [4.25, 0.5, 5.75, 2], "texture": "#0"},
				"east": {"uv": [4.25, 0.5, 5.75, 2], "texture": "#0"},
				"south": {"uv": [4.25, 0.5, 5.75, 2], "texture": "#0"},
				"west": {"uv": [4.25, 0.5, 5.75, 2], "texture": "#0"},
				"up": {"uv": [4.25, 0.5, 5.75, 2], "texture": "#0"},
				"down": {"uv": [4.25, 0.5, 5.75, 2], "texture": "#0"}
			}
		},
		{
			"name": "hexadecagon",
			"from": [5.94815, 8.95968, 7.59186],
			"to": [6.20463, 9.39824, 8.40814],
			"rotation": {"angle": 22.5, "axis": "y", "origin": [8, 9.11292, 8]},
			"faces": {
				"north": {"uv": [4.25, 0.5, 5.75, 2], "texture": "#0"},
				"east": {"uv": [4.25, 0.5, 5.75, 2], "texture": "#0"},
				"south": {"uv": [4.25, 0.5, 5.75, 2], "texture": "#0"},
				"west": {"uv": [4.25, 0.5, 5.75, 2], "texture": "#0"},
				"up": {"uv": [4.25, 0.5, 5.75, 2], "texture": "#0"},
				"down": {"uv": [4.25, 0.5, 5.75, 2], "texture": "#0"}
			}
		},
		{
			"name": "hexadecagon",
			"from": [9.79537, 8.95968, 7.59186],
			"to": [10.05185, 9.39824, 8.40814],
			"rotation": {"angle": -22.5, "axis": "y", "origin": [8, 9.11292, 8]},
			"faces": {
				"north": {"uv": [4.25, 0.5, 5.75, 2], "texture": "#0"},
				"east": {"uv": [4.25, 0.5, 5.75, 2], "texture": "#0"},
				"south": {"uv": [4.25, 0.5, 5.75, 2], "texture": "#0"},
				"west": {"uv": [4.25, 0.5, 5.75, 2], "texture": "#0"},
				"up": {"uv": [4.25, 0.5, 5.75, 2], "texture": "#0"},
				"down": {"uv": [4.25, 0.5, 5.75, 2], "texture": "#0"}
			}
		},
		{
			"name": "hexadecagon",
			"from": [9.79537, 8.95968, 7.59186],
			"to": [10.05185, 9.39824, 8.40814],
			"rotation": {"angle": 0, "axis": "y", "origin": [8, 9.11292, 8]},
			"faces": {
				"north": {"uv": [4.25, 0.5, 5.75, 2], "texture": "#0"},
				"east": {"uv": [4.25, 0.5, 5.75, 2], "texture": "#0"},
				"south": {"uv": [4.25, 0.5, 5.75, 2], "texture": "#0"},
				"west": {"uv": [4.25, 0.5, 5.75, 2], "texture": "#0"},
				"up": {"uv": [4.25, 0.5, 5.75, 2], "texture": "#0"},
				"down": {"uv": [4.25, 0.5, 5.75, 2], "texture": "#0"}
			}
		},
		{
			"name": "hexadecagon",
			"from": [9.79537, 8.95968, 7.59186],
			"to": [10.05185, 9.39824, 8.40814],
			"rotation": {"angle": 22.5, "axis": "y", "origin": [8, 9.11292, 8]},
			"faces": {
				"north": {"uv": [4.25, 0.5, 5.75, 2], "texture": "#0"},
				"east": {"uv": [4.25, 0.5, 5.75, 2], "texture": "#0"},
				"south": {"uv": [4.25, 0.5, 5.75, 2], "texture": "#0"},
				"west": {"uv": [4.25, 0.5, 5.75, 2], "texture": "#0"},
				"up": {"uv": [4.25, 0.5, 5.75, 2], "texture": "#0"},
				"down": {"uv": [4.25, 0.5, 5.75, 2], "texture": "#0"}
			}
		},
		{
			"name": "hexadecagon",
			"from": [7.63365, 9.3044, 6.15826],
			"to": [8.36635, 9.73237, 6.38848],
			"rotation": {"angle": -45, "axis": "y", "origin": [8, 9.46951, 8]},
			"faces": {
				"north": {"uv": [4.25, 0.5, 5.75, 2], "texture": "#0"},
				"east": {"uv": [4.25, 0.5, 5.75, 2], "texture": "#0"},
				"south": {"uv": [4.25, 0.5, 5.75, 2], "texture": "#0"},
				"west": {"uv": [4.25, 0.5, 5.75, 2], "texture": "#0"},
				"up": {"uv": [4.25, 0.5, 5.75, 2], "texture": "#0"},
				"down": {"uv": [4.25, 0.5, 5.75, 2], "texture": "#0"}
			}
		},
		{
			"name": "hexadecagon",
			"from": [7.63365, 9.3044, 6.15826],
			"to": [8.36635, 9.73237, 6.38848],
			"rotation": {"angle": -22.5, "axis": "y", "origin": [8, 9.46951, 8]},
			"faces": {
				"north": {"uv": [4.25, 0.5, 5.75, 2], "texture": "#0"},
				"east": {"uv": [4.25, 0.5, 5.75, 2], "texture": "#0"},
				"south": {"uv": [4.25, 0.5, 5.75, 2], "texture": "#0"},
				"west": {"uv": [4.25, 0.5, 5.75, 2], "texture": "#0"},
				"up": {"uv": [4.25, 0.5, 5.75, 2], "texture": "#0"},
				"down": {"uv": [4.25, 0.5, 5.75, 2], "texture": "#0"}
			}
		},
		{
			"name": "hexadecagon",
			"from": [7.63365, 9.3044, 6.15826],
			"to": [8.36635, 9.73237, 6.38848],
			"rotation": {"angle": 0, "axis": "y", "origin": [8, 9.46951, 8]},
			"faces": {
				"north": {"uv": [4.25, 0.5, 5.75, 2], "texture": "#0"},
				"east": {"uv": [4.25, 0.5, 5.75, 2], "texture": "#0"},
				"south": {"uv": [4.25, 0.5, 5.75, 2], "texture": "#0"},
				"west": {"uv": [4.25, 0.5, 5.75, 2], "texture": "#0"},
				"up": {"uv": [4.25, 0.5, 5.75, 2], "texture": "#0"},
				"down": {"uv": [4.25, 0.5, 5.75, 2], "texture": "#0"}
			}
		},
		{
			"name": "hexadecagon",
			"from": [7.63365, 9.3044, 6.15826],
			"to": [8.36635, 9.73237, 6.38848],
			"rotation": {"angle": 22.5, "axis": "y", "origin": [8, 9.46951, 8]},
			"faces": {
				"north": {"uv": [4.25, 0.5, 5.75, 2], "texture": "#0"},
				"east": {"uv": [4.25, 0.5, 5.75, 2], "texture": "#0"},
				"south": {"uv": [4.25, 0.5, 5.75, 2], "texture": "#0"},
				"west": {"uv": [4.25, 0.5, 5.75, 2], "texture": "#0"},
				"up": {"uv": [4.25, 0.5, 5.75, 2], "texture": "#0"},
				"down": {"uv": [4.25, 0.5, 5.75, 2], "texture": "#0"}
			}
		},
		{
			"name": "hexadecagon",
			"from": [7.63365, 9.3044, 6.15826],
			"to": [8.36635, 9.73237, 6.38848],
			"rotation": {"angle": 45, "axis": "y", "origin": [8, 9.46951, 8]},
			"faces": {
				"north": {"uv": [4.25, 0.5, 5.75, 2], "texture": "#0"},
				"east": {"uv": [4.25, 0.5, 5.75, 2], "texture": "#0"},
				"south": {"uv": [4.25, 0.5, 5.75, 2], "texture": "#0"},
				"west": {"uv": [4.25, 0.5, 5.75, 2], "texture": "#0"},
				"up": {"uv": [4.25, 0.5, 5.75, 2], "texture": "#0"},
				"down": {"uv": [4.25, 0.5, 5.75, 2], "texture": "#0"}
			}
		},
		{
			"name": "hexadecagon",
			"from": [7.63365, 9.3044, 9.61152],
			"to": [8.36635, 9.73237, 9.84174],
			"rotation": {"angle": -45, "axis": "y", "origin": [8, 9.46951, 8]},
			"faces": {
				"north": {"uv": [4.25, 0.5, 5.75, 2], "texture": "#0"},
				"east": {"uv": [4.25, 0.5, 5.75, 2], "texture": "#0"},
				"south": {"uv": [4.25, 0.5, 5.75, 2], "texture": "#0"},
				"west": {"uv": [4.25, 0.5, 5.75, 2], "texture": "#0"},
				"up": {"uv": [4.25, 0.5, 5.75, 2], "texture": "#0"},
				"down": {"uv": [4.25, 0.5, 5.75, 2], "texture": "#0"}
			}
		},
		{
			"name": "hexadecagon",
			"from": [7.63365, 9.3044, 9.61152],
			"to": [8.36635, 9.73237, 9.84174],
			"rotation": {"angle": -22.5, "axis": "y", "origin": [8, 9.46951, 8]},
			"faces": {
				"north": {"uv": [4.25, 0.5, 5.75, 2], "texture": "#0"},
				"east": {"uv": [4.25, 0.5, 5.75, 2], "texture": "#0"},
				"south": {"uv": [4.25, 0.5, 5.75, 2], "texture": "#0"},
				"west": {"uv": [4.25, 0.5, 5.75, 2], "texture": "#0"},
				"up": {"uv": [4.25, 0.5, 5.75, 2], "texture": "#0"},
				"down": {"uv": [4.25, 0.5, 5.75, 2], "texture": "#0"}
			}
		},
		{
			"name": "hexadecagon",
			"from": [7.63365, 9.3044, 9.61152],
			"to": [8.36635, 9.73237, 9.84174],
			"rotation": {"angle": 0, "axis": "y", "origin": [8, 9.46951, 8]},
			"faces": {
				"north": {"uv": [4.25, 0.5, 5.75, 2], "texture": "#0"},
				"east": {"uv": [4.25, 0.5, 5.75, 2], "texture": "#0"},
				"south": {"uv": [4.25, 0.5, 5.75, 2], "texture": "#0"},
				"west": {"uv": [4.25, 0.5, 5.75, 2], "texture": "#0"},
				"up": {"uv": [4.25, 0.5, 5.75, 2], "texture": "#0"},
				"down": {"uv": [4.25, 0.5, 5.75, 2], "texture": "#0"}
			}
		},
		{
			"name": "hexadecagon",
			"from": [7.63365, 9.3044, 9.61152],
			"to": [8.36635, 9.73237, 9.84174],
			"rotation": {"angle": 22.5, "axis": "y", "origin": [8, 9.46951, 8]},
			"faces": {
				"north": {"uv": [4.25, 0.5, 5.75, 2], "texture": "#0"},
				"east": {"uv": [4.25, 0.5, 5.75, 2], "texture": "#0"},
				"south": {"uv": [4.25, 0.5, 5.75, 2], "texture": "#0"},
				"west": {"uv": [4.25, 0.5, 5.75, 2], "texture": "#0"},
				"up": {"uv": [4.25, 0.5, 5.75, 2], "texture": "#0"},
				"down": {"uv": [4.25, 0.5, 5.75, 2], "texture": "#0"}
			}
		},
		{
			"name": "hexadecagon",
			"from": [7.63365, 9.3044, 9.61152],
			"to": [8.36635, 9.73237, 9.84174],
			"rotation": {"angle": 45, "axis": "y", "origin": [8, 9.46951, 8]},
			"faces": {
				"north": {"uv": [4.25, 0.5, 5.75, 2], "texture": "#0"},
				"east": {"uv": [4.25, 0.5, 5.75, 2], "texture": "#0"},
				"south": {"uv": [4.25, 0.5, 5.75, 2], "texture": "#0"},
				"west": {"uv": [4.25, 0.5, 5.75, 2], "texture": "#0"},
				"up": {"uv": [4.25, 0.5, 5.75, 2], "texture": "#0"},
				"down": {"uv": [4.25, 0.5, 5.75, 2], "texture": "#0"}
			}
		},
		{
			"name": "hexadecagon",
			"from": [6.15826, 9.3044, 7.63365],
			"to": [6.38848, 9.73237, 8.36635],
			"rotation": {"angle": -22.5, "axis": "y", "origin": [8, 9.46951, 8]},
			"faces": {
				"north": {"uv": [4.25, 0.5, 5.75, 2], "texture": "#0"},
				"east": {"uv": [4.25, 0.5, 5.75, 2], "texture": "#0"},
				"south": {"uv": [4.25, 0.5, 5.75, 2], "texture": "#0"},
				"west": {"uv": [4.25, 0.5, 5.75, 2], "texture": "#0"},
				"up": {"uv": [4.25, 0.5, 5.75, 2], "texture": "#0"},
				"down": {"uv": [4.25, 0.5, 5.75, 2], "texture": "#0"}
			}
		},
		{
			"name": "hexadecagon",
			"from": [6.15826, 9.3044, 7.63365],
			"to": [6.38848, 9.73237, 8.36635],
			"rotation": {"angle": 0, "axis": "y", "origin": [8, 9.46951, 8]},
			"faces": {
				"north": {"uv": [4.25, 0.5, 5.75, 2], "texture": "#0"},
				"east": {"uv": [4.25, 0.5, 5.75, 2], "texture": "#0"},
				"south": {"uv": [4.25, 0.5, 5.75, 2], "texture": "#0"},
				"west": {"uv": [4.25, 0.5, 5.75, 2], "texture": "#0"},
				"up": {"uv": [4.25, 0.5, 5.75, 2], "texture": "#0"},
				"down": {"uv": [4.25, 0.5, 5.75, 2], "texture": "#0"}
			}
		},
		{
			"name": "hexadecagon",
			"from": [6.15826, 9.3044, 7.63365],
			"to": [6.38848, 9.73237, 8.36635],
			"rotation": {"angle": 22.5, "axis": "y", "origin": [8, 9.46951, 8]},
			"faces": {
				"north": {"uv": [4.25, 0.5, 5.75, 2], "texture": "#0"},
				"east": {"uv": [4.25, 0.5, 5.75, 2], "texture": "#0"},
				"south": {"uv": [4.25, 0.5, 5.75, 2], "texture": "#0"},
				"west": {"uv": [4.25, 0.5, 5.75, 2], "texture": "#0"},
				"up": {"uv": [4.25, 0.5, 5.75, 2], "texture": "#0"},
				"down": {"uv": [4.25, 0.5, 5.75, 2], "texture": "#0"}
			}
		},
		{
			"name": "hexadecagon",
			"from": [9.61152, 9.3044, 7.63365],
			"to": [9.84174, 9.73237, 8.36635],
			"rotation": {"angle": -22.5, "axis": "y", "origin": [8, 9.46951, 8]},
			"faces": {
				"north": {"uv": [4.25, 0.5, 5.75, 2], "texture": "#0"},
				"east": {"uv": [4.25, 0.5, 5.75, 2], "texture": "#0"},
				"south": {"uv": [4.25, 0.5, 5.75, 2], "texture": "#0"},
				"west": {"uv": [4.25, 0.5, 5.75, 2], "texture": "#0"},
				"up": {"uv": [4.25, 0.5, 5.75, 2], "texture": "#0"},
				"down": {"uv": [4.25, 0.5, 5.75, 2], "texture": "#0"}
			}
		},
		{
			"name": "hexadecagon",
			"from": [9.61152, 9.3044, 7.63365],
			"to": [9.84174, 9.73237, 8.36635],
			"rotation": {"angle": 0, "axis": "y", "origin": [8, 9.46951, 8]},
			"faces": {
				"north": {"uv": [4.25, 0.5, 5.75, 2], "texture": "#0"},
				"east": {"uv": [4.25, 0.5, 5.75, 2], "texture": "#0"},
				"south": {"uv": [4.25, 0.5, 5.75, 2], "texture": "#0"},
				"west": {"uv": [4.25, 0.5, 5.75, 2], "texture": "#0"},
				"up": {"uv": [4.25, 0.5, 5.75, 2], "texture": "#0"},
				"down": {"uv": [4.25, 0.5, 5.75, 2], "texture": "#0"}
			}
		},
		{
			"name": "hexadecagon",
			"from": [9.61152, 9.3044, 7.63365],
			"to": [9.84174, 9.73237, 8.36635],
			"rotation": {"angle": 22.5, "axis": "y", "origin": [8, 9.46951, 8]},
			"faces": {
				"north": {"uv": [4.25, 0.5, 5.75, 2], "texture": "#0"},
				"east": {"uv": [4.25, 0.5, 5.75, 2], "texture": "#0"},
				"south": {"uv": [4.25, 0.5, 5.75, 2], "texture": "#0"},
				"west": {"uv": [4.25, 0.5, 5.75, 2], "texture": "#0"},
				"up": {"uv": [4.25, 0.5, 5.75, 2], "texture": "#0"},
				"down": {"uv": [4.25, 0.5, 5.75, 2], "texture": "#0"}
			}
		},
		{
			"name": "hexadecagon",
			"from": [7.66392, 9.6674, 6.3104],
			"to": [8.33608, 9.9786, 9.6896],
			"rotation": {"angle": -45, "axis": "y", "origin": [8, 9.823, 8]},
			"faces": {
				"north": {"uv": [4.25, 0.5, 5.75, 2], "texture": "#0"},
				"east": {"uv": [4.25, 0.5, 5.75, 2], "texture": "#0"},
				"south": {"uv": [4.25, 0.5, 5.75, 2], "texture": "#0"},
				"west": {"uv": [4.25, 0.5, 5.75, 2], "texture": "#0"},
				"up": {"uv": [4.25, 0.5, 5.75, 2], "texture": "#0"},
				"down": {"uv": [4.25, 0.5, 5.75, 2], "texture": "#0"}
			}
		},
		{
			"name": "hexadecagon",
			"from": [7.66392, 9.6674, 6.3104],
			"to": [8.33608, 9.9786, 9.6896],
			"rotation": {"angle": -22.5, "axis": "y", "origin": [8, 9.823, 8]},
			"faces": {
				"north": {"uv": [4.25, 0.5, 5.75, 2], "texture": "#0"},
				"east": {"uv": [4.25, 0.5, 5.75, 2], "texture": "#0"},
				"south": {"uv": [4.25, 0.5, 5.75, 2], "texture": "#0"},
				"west": {"uv": [4.25, 0.5, 5.75, 2], "texture": "#0"},
				"up": {"uv": [4.25, 0.5, 5.75, 2], "texture": "#0"},
				"down": {"uv": [4.25, 0.5, 5.75, 2], "texture": "#0"}
			}
		},
		{
			"name": "hexadecagon",
			"from": [7.66392, 9.6674, 6.3104],
			"to": [8.33608, 9.9786, 9.6896],
			"rotation": {"angle": 0, "axis": "y", "origin": [8, 9.823, 8]},
			"faces": {
				"north": {"uv": [4.25, 0.5, 5.75, 2], "texture": "#0"},
				"east": {"uv": [4.25, 0.5, 5.75, 2], "texture": "#0"},
				"south": {"uv": [4.25, 0.5, 5.75, 2], "texture": "#0"},
				"west": {"uv": [4.25, 0.5, 5.75, 2], "texture": "#0"},
				"up": {"uv": [4.25, 0.5, 5.75, 2], "texture": "#0"},
				"down": {"uv": [4.25, 0.5, 5.75, 2], "texture": "#0"}
			}
		},
		{
			"name": "hexadecagon",
			"from": [7.66392, 9.6674, 6.3104],
			"to": [8.33608, 9.9786, 9.6896],
			"rotation": {"angle": 22.5, "axis": "y", "origin": [8, 9.823, 8]},
			"faces": {
				"north": {"uv": [4.25, 0.5, 5.75, 2], "texture": "#0"},
				"east": {"uv": [4.25, 0.5, 5.75, 2], "texture": "#0"},
				"south": {"uv": [4.25, 0.5, 5.75, 2], "texture": "#0"},
				"west": {"uv": [4.25, 0.5, 5.75, 2], "texture": "#0"},
				"up": {"uv": [4.25, 0.5, 5.75, 2], "texture": "#0"},
				"down": {"uv": [4.25, 0.5, 5.75, 2], "texture": "#0"}
			}
		},
		{
			"name": "hexadecagon",
			"from": [7.66392, 9.6674, 6.3104],
			"to": [8.33608, 9.9786, 9.6896],
			"rotation": {"angle": 45, "axis": "y", "origin": [8, 9.823, 8]},
			"faces": {
				"north": {"uv": [4.25, 0.5, 5.75, 2], "texture": "#0"},
				"east": {"uv": [4.25, 0.5, 5.75, 2], "texture": "#0"},
				"south": {"uv": [4.25, 0.5, 5.75, 2], "texture": "#0"},
				"west": {"uv": [4.25, 0.5, 5.75, 2], "texture": "#0"},
				"up": {"uv": [4.25, 0.5, 5.75, 2], "texture": "#0"},
				"down": {"uv": [4.25, 0.5, 5.75, 2], "texture": "#0"}
			}
		},
		{
			"name": "hexadecagon",
			"from": [6.3104, 9.6674, 7.66392],
			"to": [9.6896, 9.9786, 8.33608],
			"rotation": {"angle": -22.5, "axis": "y", "origin": [8, 9.823, 8]},
			"faces": {
				"north": {"uv": [4.25, 0.5, 5.75, 2], "texture": "#0"},
				"east": {"uv": [4.25, 0.5, 5.75, 2], "texture": "#0"},
				"south": {"uv": [4.25, 0.5, 5.75, 2], "texture": "#0"},
				"west": {"uv": [4.25, 0.5, 5.75, 2], "texture": "#0"},
				"up": {"uv": [4.25, 0.5, 5.75, 2], "texture": "#0"},
				"down": {"uv": [4.25, 0.5, 5.75, 2], "texture": "#0"}
			}
		},
		{
			"name": "hexadecagon",
			"from": [6.3104, 9.6674, 7.66392],
			"to": [9.6896, 9.9786, 8.33608],
			"rotation": {"angle": 0, "axis": "y", "origin": [8, 9.823, 8]},
			"faces": {
				"north": {"uv": [4.25, 0.5, 5.75, 2], "texture": "#0"},
				"east": {"uv": [4.25, 0.5, 5.75, 2], "texture": "#0"},
				"south": {"uv": [4.25, 0.5, 5.75, 2], "texture": "#0"},
				"west": {"uv": [4.25, 0.5, 5.75, 2], "texture": "#0"},
				"up": {"uv": [4.25, 0.5, 5.75, 2], "texture": "#0"},
				"down": {"uv": [4.25, 0.5, 5.75, 2], "texture": "#0"}
			}
		},
		{
			"name": "hexadecagon",
			"from": [6.3104, 9.6674, 7.66392],
			"to": [9.6896, 9.9786, 8.33608],
			"rotation": {"angle": 22.5, "axis": "y", "origin": [8, 9.823, 8]},
			"faces": {
				"north": {"uv": [4.25, 0.5, 5.75, 2], "texture": "#0"},
				"east": {"uv": [4.25, 0.5, 5.75, 2], "texture": "#0"},
				"south": {"uv": [4.25, 0.5, 5.75, 2], "texture": "#0"},
				"west": {"uv": [4.25, 0.5, 5.75, 2], "texture": "#0"},
				"up": {"uv": [4.25, 0.5, 5.75, 2], "texture": "#0"},
				"down": {"uv": [4.25, 0.5, 5.75, 2], "texture": "#0"}
			}
		},
		{
			"from": [6.32846, 10.07571, 6.23452],
			"to": [6.51286, 10.21629, 7.21892],
			"rotation": {"angle": 0, "axis": "y", "origin": [6.64566, 10.146, 7.41422]},
			"faces": {
				"north": {"uv": [0, 0, 2, 2], "texture": "#2"},
				"east": {"uv": [4.5, 0.5, 6.5, 2.5], "texture": "#2"},
				"south": {"uv": [4.5, 0.5, 6.5, 2.5], "texture": "#2"},
				"west": {"uv": [4.5, 0.5, 6.5, 2.5], "texture": "#2"},
				"up": {"uv": [4.5, 0.5, 6.5, 2.5], "texture": "#2"},
				"down": {"uv": [4.5, 0.5, 6.5, 2.5], "texture": "#2"}
			}
		},
		{
			"from": [6.32846, 10.95923, 6.05125],
			"to": [6.51286, 11.09981, 6.28565],
			"rotation": {"angle": -22.5, "axis": "x", "origin": [6.64566, 10.52952, 8.48095]},
			"faces": {
				"north": {"uv": [0, 0, 2, 2], "texture": "#2"},
				"east": {"uv": [4.5, 0.5, 6.5, 2.5], "texture": "#2"},
				"south": {"uv": [4.5, 0.5, 6.5, 2.5], "texture": "#2"},
				"west": {"uv": [4.5, 0.5, 6.5, 2.5], "texture": "#2"},
				"up": {"uv": [4.5, 0.5, 6.5, 2.5], "texture": "#2"},
				"down": {"uv": [4.5, 0.5, 6.5, 2.5], "texture": "#2"}
			}
		},
		{
			"from": [6.32846, 10.27728, 5.72114],
			"to": [6.51286, 10.41786, 5.95554],
			"rotation": {"angle": -45, "axis": "x", "origin": [6.42066, 10.34757, 6.33834]},
			"faces": {
				"north": {"uv": [0, 0, 2, 2], "texture": "#2"},
				"east": {"uv": [4.5, 0.5, 6.5, 2.5], "texture": "#2"},
				"south": {"uv": [4.5, 0.5, 6.5, 2.5], "texture": "#2"},
				"west": {"uv": [4.5, 0.5, 6.5, 2.5], "texture": "#2"},
				"up": {"uv": [4.5, 0.5, 6.5, 2.5], "texture": "#2"},
				"down": {"uv": [4.5, 0.5, 6.5, 2.5], "texture": "#2"}
			}
		},
		{
			"from": [6.32846, 9.01126, 5.76776],
			"to": [6.51286, 9.77066, 5.90834],
			"rotation": {"angle": 22.5, "axis": "x", "origin": [6.42066, 9.65346, 6.28805]},
			"faces": {
				"north": {"uv": [4.5, 0.5, 6.5, 2.5], "rotation": 180, "texture": "#2"},
				"east": {"uv": [4.5, 0.5, 6.5, 2.5], "rotation": 90, "texture": "#2"},
				"south": {"uv": [4.5, 0.5, 6.5, 2.5], "texture": "#2"},
				"west": {"uv": [4.5, 0.5, 6.5, 2.5], "rotation": 270, "texture": "#2"},
				"up": {"uv": [4.5, 0.5, 6.5, 2.5], "texture": "#2"},
				"down": {"uv": [0, 0, 2, 2], "rotation": 180, "texture": "#2"}
			}
		},
		{
			"from": [6.30346, 9.12485, 5.5366],
			"to": [6.53786, 9.25925, 5.72718],
			"rotation": {"angle": 0, "axis": "x", "origin": [6.42066, 9.14205, 7.10689]},
			"faces": {
				"north": {"uv": [4.5, 0.5, 6.5, 2.5], "rotation": 180, "texture": "#2"},
				"east": {"uv": [4.5, 0.5, 6.5, 2.5], "rotation": 90, "texture": "#2"},
				"south": {"uv": [4.5, 0.5, 6.5, 2.5], "texture": "#2"},
				"west": {"uv": [4.5, 0.5, 6.5, 2.5], "rotation": 270, "texture": "#2"},
				"up": {"uv": [4.5, 0.5, 6.5, 2.5], "texture": "#2"},
				"down": {"uv": [0, 0, 2, 2], "rotation": 180, "texture": "#2"}
			}
		},
		{
			"from": [6.42846, 7.22485, 5.5866],
			"to": [6.46286, 9.25925, 5.621],
			"rotation": {"angle": 0, "axis": "x", "origin": [6.42066, 9.14205, 7.10689]},
			"faces": {
				"north": {"uv": [4.5, 0.5, 6.5, 2.5], "rotation": 180, "texture": "#2"},
				"east": {"uv": [4.5, 0.5, 6.5, 2.5], "rotation": 90, "texture": "#2"},
				"south": {"uv": [4.5, 0.5, 6.5, 2.5], "texture": "#2"},
				"west": {"uv": [4.5, 0.5, 6.5, 2.5], "rotation": 270, "texture": "#2"},
				"up": {"uv": [4.5, 0.5, 6.5, 2.5], "texture": "#2"},
				"down": {"uv": [0, 0, 2, 2], "rotation": 180, "texture": "#2"}
			}
		},
		{
			"from": [6.37846, 7.22485, 5.6616],
			"to": [6.41286, 9.25925, 5.696],
			"rotation": {"angle": 0, "axis": "x", "origin": [6.42066, 9.14205, 7.10689]},
			"faces": {
				"north": {"uv": [4.5, 0.5, 6.5, 2.5], "rotation": 180, "texture": "#2"},
				"east": {"uv": [4.5, 0.5, 6.5, 2.5], "rotation": 90, "texture": "#2"},
				"south": {"uv": [4.5, 0.5, 6.5, 2.5], "texture": "#2"},
				"west": {"uv": [4.5, 0.5, 6.5, 2.5], "rotation": 270, "texture": "#2"},
				"up": {"uv": [4.5, 0.5, 6.5, 2.5], "texture": "#2"},
				"down": {"uv": [0, 0, 2, 2], "rotation": 180, "texture": "#2"}
			}
		},
		{
			"from": [6.30346, 7.22485, 5.6116],
			"to": [6.33786, 9.25925, 5.646],
			"rotation": {"angle": 0, "axis": "x", "origin": [6.42066, 9.14205, 7.10689]},
			"faces": {
				"north": {"uv": [4.5, 0.5, 6.5, 2.5], "rotation": 180, "texture": "#2"},
				"east": {"uv": [4.5, 0.5, 6.5, 2.5], "rotation": 90, "texture": "#2"},
				"south": {"uv": [4.5, 0.5, 6.5, 2.5], "texture": "#2"},
				"west": {"uv": [4.5, 0.5, 6.5, 2.5], "rotation": 270, "texture": "#2"},
				"up": {"uv": [4.5, 0.5, 6.5, 2.5], "texture": "#2"},
				"down": {"uv": [0, 0, 2, 2], "rotation": 180, "texture": "#2"}
			}
		},
		{
			"from": [6.47846, 7.22485, 5.5616],
			"to": [6.51286, 9.25925, 5.596],
			"rotation": {"angle": 0, "axis": "x", "origin": [6.42066, 9.14205, 7.10689]},
			"faces": {
				"north": {"uv": [4.5, 0.5, 6.5, 2.5], "rotation": 180, "texture": "#2"},
				"east": {"uv": [4.5, 0.5, 6.5, 2.5], "rotation": 90, "texture": "#2"},
				"south": {"uv": [4.5, 0.5, 6.5, 2.5], "texture": "#2"},
				"west": {"uv": [4.5, 0.5, 6.5, 2.5], "rotation": 270, "texture": "#2"},
				"up": {"uv": [4.5, 0.5, 6.5, 2.5], "texture": "#2"},
				"down": {"uv": [0, 0, 2, 2], "rotation": 180, "texture": "#2"}
			}
		},
		{
			"from": [6.37846, 7.22485, 5.6366],
			"to": [6.41286, 9.25925, 5.671],
			"rotation": {"angle": 0, "axis": "x", "origin": [6.42066, 9.14205, 7.10689]},
			"faces": {
				"north": {"uv": [4.5, 0.5, 6.5, 2.5], "rotation": 180, "texture": "#2"},
				"east": {"uv": [4.5, 0.5, 6.5, 2.5], "rotation": 90, "texture": "#2"},
				"south": {"uv": [4.5, 0.5, 6.5, 2.5], "texture": "#2"},
				"west": {"uv": [4.5, 0.5, 6.5, 2.5], "rotation": 270, "texture": "#2"},
				"up": {"uv": [4.5, 0.5, 6.5, 2.5], "texture": "#2"},
				"down": {"uv": [0, 0, 2, 2], "rotation": 180, "texture": "#2"}
			}
		},
		{
			"from": [6.32846, 7.22485, 5.6616],
			"to": [6.36286, 9.25925, 5.696],
			"rotation": {"angle": 0, "axis": "x", "origin": [6.42066, 9.14205, 7.10689]},
			"faces": {
				"north": {"uv": [4.5, 0.5, 6.5, 2.5], "rotation": 180, "texture": "#2"},
				"east": {"uv": [4.5, 0.5, 6.5, 2.5], "rotation": 90, "texture": "#2"},
				"south": {"uv": [4.5, 0.5, 6.5, 2.5], "texture": "#2"},
				"west": {"uv": [4.5, 0.5, 6.5, 2.5], "rotation": 270, "texture": "#2"},
				"up": {"uv": [4.5, 0.5, 6.5, 2.5], "texture": "#2"},
				"down": {"uv": [0, 0, 2, 2], "rotation": 180, "texture": "#2"}
			}
		},
		{
			"from": [6.32846, 7.22485, 5.5616],
			"to": [6.36286, 9.25925, 5.596],
			"rotation": {"angle": 0, "axis": "x", "origin": [6.42066, 9.14205, 7.10689]},
			"faces": {
				"north": {"uv": [4.5, 0.5, 6.5, 2.5], "rotation": 180, "texture": "#2"},
				"east": {"uv": [4.5, 0.5, 6.5, 2.5], "rotation": 90, "texture": "#2"},
				"south": {"uv": [4.5, 0.5, 6.5, 2.5], "texture": "#2"},
				"west": {"uv": [4.5, 0.5, 6.5, 2.5], "rotation": 270, "texture": "#2"},
				"up": {"uv": [4.5, 0.5, 6.5, 2.5], "texture": "#2"},
				"down": {"uv": [0, 0, 2, 2], "rotation": 180, "texture": "#2"}
			}
		},
		{
			"from": [6.47846, 7.22485, 5.6866],
			"to": [6.51286, 9.25925, 5.721],
			"rotation": {"angle": 0, "axis": "x", "origin": [6.42066, 9.14205, 7.10689]},
			"faces": {
				"north": {"uv": [4.5, 0.5, 6.5, 2.5], "rotation": 180, "texture": "#2"},
				"east": {"uv": [4.5, 0.5, 6.5, 2.5], "rotation": 90, "texture": "#2"},
				"south": {"uv": [4.5, 0.5, 6.5, 2.5], "texture": "#2"},
				"west": {"uv": [4.5, 0.5, 6.5, 2.5], "rotation": 270, "texture": "#2"},
				"up": {"uv": [4.5, 0.5, 6.5, 2.5], "texture": "#2"},
				"down": {"uv": [0, 0, 2, 2], "rotation": 180, "texture": "#2"}
			}
		},
		{
			"from": [6.57198, 10.07571, 7.1338],
			"to": [6.75638, 10.21629, 7.7432],
			"rotation": {"angle": 22.5, "axis": "y", "origin": [6.66418, 10.146, 7.7885]},
			"faces": {
				"north": {"uv": [0, 0, 2, 2], "texture": "#2"},
				"east": {"uv": [4.5, 0.5, 6.5, 2.5], "texture": "#2"},
				"south": {"uv": [4.5, 0.5, 6.5, 2.5], "texture": "#2"},
				"west": {"uv": [4.5, 0.5, 6.5, 2.5], "texture": "#2"},
				"up": {"uv": [4.5, 0.5, 6.5, 2.5], "texture": "#2"},
				"down": {"uv": [4.5, 0.5, 6.5, 2.5], "texture": "#2"}
			}
		},
		{
			"from": [6.27282, 10.07571, 7.82519],
			"to": [6.45722, 10.21629, 8.23459],
			"rotation": {"angle": 45, "axis": "y", "origin": [6.36502, 10.146, 7.45489]},
			"faces": {
				"north": {"uv": [0, 0, 2, 2], "texture": "#2"},
				"east": {"uv": [4.5, 0.5, 6.5, 2.5], "texture": "#2"},
				"south": {"uv": [4.5, 0.5, 6.5, 2.5], "texture": "#2"},
				"west": {"uv": [4.5, 0.5, 6.5, 2.5], "texture": "#2"},
				"up": {"uv": [4.5, 0.5, 6.5, 2.5], "texture": "#2"},
				"down": {"uv": [4.5, 0.5, 6.5, 2.5], "texture": "#2"}
			}
		},
		{
			"from": [6.87086, 10.07571, 7.97237],
			"to": [7.28026, 10.21629, 8.15677],
			"rotation": {"angle": -22.5, "axis": "y", "origin": [7.07556, 10.146, 8.06457]},
			"faces": {
				"north": {"uv": [4.5, 0.5, 6.5, 2.5], "texture": "#2"},
				"east": {"uv": [4.5, 0.5, 6.5, 2.5], "texture": "#2"},
				"south": {"uv": [4.5, 0.5, 6.5, 2.5], "texture": "#2"},
				"west": {"uv": [0, 0, 2, 2], "texture": "#2"},
				"up": {"uv": [4.5, 0.5, 6.5, 2.5], "rotation": 270, "texture": "#2"},
				"down": {"uv": [4.5, 0.5, 6.5, 2.5], "rotation": 90, "texture": "#2"}
			}
		},
		{
			"from": [7.22939, 10.07571, 8.04369],
			"to": [7.63879, 10.21629, 8.22809],
			"rotation": {"angle": 0, "axis": "y", "origin": [7.43409, 10.146, 8.13589]},
			"faces": {
				"north": {"uv": [4.5, 0.5, 6.5, 2.5], "texture": "#2"},
				"east": {"uv": [4.5, 0.5, 6.5, 2.5], "texture": "#2"},
				"south": {"uv": [4.5, 0.5, 6.5, 2.5], "texture": "#2"},
				"west": {"uv": [0, 0, 2, 2], "texture": "#2"},
				"up": {"uv": [4.5, 0.5, 6.5, 2.5], "rotation": 270, "texture": "#2"},
				"down": {"uv": [4.5, 0.5, 6.5, 2.5], "rotation": 90, "texture": "#2"}
			}
		},
		{
			"from": [7.53972, 10.06966, 7.53972],
			"to": [8.46028, 10.30058, 8.46028],
			"rotation": {"angle": 22.5, "axis": "y", "origin": [8, 2.18512, 8]},
			"faces": {
				"north": {"uv": [4.5, 0.5, 6.5, 2.5], "texture": "#0"},
				"east": {"uv": [4.5, 0.5, 6.5, 2.5], "texture": "#0"},
				"south": {"uv": [4.5, 0.5, 6.5, 2.5], "texture": "#0"},
				"west": {"uv": [4.5, 0.5, 6.5, 2.5], "texture": "#0"},
				"up": {"uv": [4.5, 0.5, 6.5, 2.5], "texture": "#0"},
				"down": {"uv": [4.5, 0.5, 6.5, 2.5], "texture": "#0"}
			}
		},
		{
			"from": [5.9078, 9.95071, 5.9078],
			"to": [10.0922, 10.09129, 10.0922],
			"rotation": {"angle": 22.5, "axis": "y", "origin": [8, 10.021, 8]},
			"faces": {
				"north": {"uv": [4.5, 0.5, 6.5, 2.5], "texture": "#0"},
				"east": {"uv": [4.5, 0.5, 6.5, 2.5], "texture": "#0"},
				"south": {"uv": [4.5, 0.5, 6.5, 2.5], "texture": "#0"},
				"west": {"uv": [4.5, 0.5, 6.5, 2.5], "texture": "#0"},
				"up": {"uv": [4.5, 0.5, 6.5, 2.5], "texture": "#0"},
				"down": {"uv": [4.5, 0.5, 6.5, 2.5], "texture": "#0"}
			}
		}
	],
	"display": {
		"thirdperson_righthand": {
			"rotation": [0, -180, 0],
			"scale": [0.7, 0.7, 0.7]
		},
		"thirdperson_lefthand": {
			"rotation": [0, -180, 0],
			"scale": [0.7, 0.7, 0.7]
		},
		"firstperson_righthand": {
			"rotation": [0, -180, 0],
			"translation": [0, 2.75, 0]
		},
		"firstperson_lefthand": {
			"rotation": [0, -180, 0],
			"translation": [0, 2.75, 0]
		},
		"gui": {
			"rotation": [0, -180, 0]
		},
		"head": {
			"translation": [0, 6.75, -4.75],
			"scale": [1.48, 1.48, 1.48]
		},
		"fixed": {
			"translation": [0, 0, -0.5]
		}
	},
	"groups": [
		{
			"name": "ears",
			"origin": [8, 8, 8],
			"children": [
				{
					"name": "hexadecagon",
					"origin": [8, 8, 8],
					"children": [0, 1, 2, 3, 4, 5, 6, 7]
				},
				{
					"name": "hexadecagon",
					"origin": [8, 8, 8],
					"children": [8, 9, 10, 11, 12, 13, 14, 15]
				}
			]
		},
		{
			"name": "cap",
			"origin": [8, 8, 8],
			"children": [
				{
					"name": "hexadecagon",
					"origin": [8, 8, 8],
					"children": [16, 17, 18, 19, 20, 21, 22, 23, 24, 25, 26, 27, 28, 29, 30, 31]
				},
				{
					"name": "hexadecagon",
					"origin": [8, 8, 8],
					"children": [32, 33, 34, 35, 36, 37, 38, 39, 40, 41, 42, 43, 44, 45, 46, 47]
				},
				{
					"name": "hexadecagon",
					"origin": [8, 8, 8],
					"children": [48, 49, 50, 51, 52, 53, 54, 55, 56, 57, 58, 59, 60, 61, 62, 63]
				},
				{
					"name": "hexadecagon",
					"origin": [8, 8, 8],
					"children": [64, 65, 66, 67, 68, 69, 70, 71, 72, 73, 74, 75, 76, 77, 78, 79]
				},
				{
					"name": "hexadecagon",
					"origin": [8, 8, 8],
					"children": [80, 81, 82, 83, 84, 85, 86, 87]
				}
			]
		},
		{
			"name": "group",
			"origin": [8, 8, 8],
			"children": [88, 89, 90, 91, 92,
				{
					"name": "group",
					"origin": [6.42066, 9.14205, 7.10689],
					"children": [93, 94, 95, 96, 97, 98, 99, 100]
				}, 101, 102, 103, 104, 105, 106]
		}
	]
}
