{
	"credit": "Made with Blockbench",
	"textures": {
		"0": "custom/luxo",
		"particle": "custom/luxo"
	},
	"elements": [
		{
			"name": "hexadecagon",
			"from": [14.20435, 4.25, 7.5],
			"to": [15.79565, 11.75, 8.5],
			"rotation": {"angle": -45, "axis": "z", "origin": [15, 8, 8]},
			"faces": {
				"north": {"uv": [0, 0, 16, 16], "texture": "#0"},
				"east": {"uv": [6.25, 5, 7.25, 6], "texture": "#0"},
				"south": {"uv": [5.5, 3.625, 6.5, 4.625], "texture": "#0"},
				"west": {"uv": [6.375, 5.25, 7.375, 6.25], "texture": "#0"},
				"up": {"uv": [5.5, 4.625, 6.5, 5.625], "texture": "#0"},
				"down": {"uv": [5.375, 4.5, 6.375, 5.5], "texture": "#0"}
			}
		},
		{
			"name": "hexadecagon",
			"from": [14.20435, 4.25, 7.5],
			"to": [15.79565, 11.75, 8.5],
			"rotation": {"angle": -22.5, "axis": "z", "origin": [15, 8, 8]},
			"faces": {
				"north": {"uv": [0, 0, 16, 16], "texture": "#0"},
				"east": {"uv": [6.25, 5, 7.25, 6], "texture": "#0"},
				"south": {"uv": [5.5, 3.625, 6.5, 4.625], "texture": "#0"},
				"west": {"uv": [6.375, 5.25, 7.375, 6.25], "texture": "#0"},
				"up": {"uv": [5.5, 4.625, 6.5, 5.625], "texture": "#0"},
				"down": {"uv": [5.375, 4.5, 6.375, 5.5], "texture": "#0"}
			}
		},
		{
			"name": "hexadecagon",
			"from": [14.20435, 4.25, 7.5],
			"to": [15.79565, 11.75, 8.5],
			"faces": {
				"north": {"uv": [0, 0, 16, 16], "texture": "#0"},
				"east": {"uv": [6.25, 5, 7.25, 6], "texture": "#0"},
				"south": {"uv": [5.5, 3.625, 6.5, 4.625], "texture": "#0"},
				"west": {"uv": [6.375, 5.25, 7.375, 6.25], "texture": "#0"},
				"up": {"uv": [5.5, 4.625, 6.5, 5.625], "texture": "#0"},
				"down": {"uv": [5.375, 4.5, 6.375, 5.5], "texture": "#0"}
			}
		},
		{
			"name": "hexadecagon",
			"from": [14.20435, 4.25, 7.5],
			"to": [15.79565, 11.75, 8.5],
			"rotation": {"angle": 22.5, "axis": "z", "origin": [15, 8, 8]},
			"faces": {
				"north": {"uv": [0, 0, 16, 16], "texture": "#0"},
				"east": {"uv": [6.25, 5, 7.25, 6], "texture": "#0"},
				"south": {"uv": [5.5, 3.625, 6.5, 4.625], "texture": "#0"},
				"west": {"uv": [6.375, 5.25, 7.375, 6.25], "texture": "#0"},
				"up": {"uv": [5.5, 4.625, 6.5, 5.625], "texture": "#0"},
				"down": {"uv": [5.375, 4.5, 6.375, 5.5], "texture": "#0"}
			}
		},
		{
			"name": "hexadecagon",
			"from": [14.20435, 4.25, 7.5],
			"to": [15.79565, 11.75, 8.5],
			"rotation": {"angle": 45, "axis": "z", "origin": [15, 8, 8]},
			"faces": {
				"north": {"uv": [0, 0, 16, 16], "texture": "#0"},
				"east": {"uv": [6.25, 5, 7.25, 6], "texture": "#0"},
				"south": {"uv": [5.5, 3.625, 6.5, 4.625], "texture": "#0"},
				"west": {"uv": [6.375, 5.25, 7.375, 6.25], "texture": "#0"},
				"up": {"uv": [5.5, 4.625, 6.5, 5.625], "texture": "#0"},
				"down": {"uv": [5.375, 4.5, 6.375, 5.5], "texture": "#0"}
			}
		},
		{
			"name": "hexadecagon",
			"from": [11.25, 7.20435, 7.5],
			"to": [18.75, 8.79565, 8.5],
			"rotation": {"angle": -22.5, "axis": "z", "origin": [15, 8, 8]},
			"faces": {
				"north": {"uv": [0, 0, 16, 16], "texture": "#0"},
				"east": {"uv": [6.25, 5, 7.25, 6], "texture": "#0"},
				"south": {"uv": [5.5, 3.625, 6.5, 4.625], "texture": "#0"},
				"west": {"uv": [6.375, 5.25, 7.375, 6.25], "texture": "#0"},
				"up": {"uv": [5.5, 4.625, 6.5, 5.625], "texture": "#0"},
				"down": {"uv": [5.375, 4.5, 6.375, 5.5], "texture": "#0"}
			}
		},
		{
			"name": "hexadecagon",
			"from": [11.25, 7.20435, 7.5],
			"to": [18.75, 8.79565, 8.5],
			"faces": {
				"north": {"uv": [0, 0, 16, 16], "texture": "#0"},
				"east": {"uv": [6.25, 5, 7.25, 6], "texture": "#0"},
				"south": {"uv": [5.5, 3.625, 6.5, 4.625], "texture": "#0"},
				"west": {"uv": [6.375, 5.25, 7.375, 6.25], "texture": "#0"},
				"up": {"uv": [5.5, 4.625, 6.5, 5.625], "texture": "#0"},
				"down": {"uv": [5.375, 4.5, 6.375, 5.5], "texture": "#0"}
			}
		},
		{
			"name": "hexadecagon",
			"from": [11.25, 7.20435, 7.5],
			"to": [18.75, 8.79565, 8.5],
			"rotation": {"angle": 22.5, "axis": "z", "origin": [15, 8, 8]},
			"faces": {
				"north": {"uv": [0, 0, 16, 16], "texture": "#0"},
				"east": {"uv": [6.25, 5, 7.25, 6], "texture": "#0"},
				"south": {"uv": [5.5, 3.625, 6.5, 4.625], "texture": "#0"},
				"west": {"uv": [6.375, 5.25, 7.375, 6.25], "texture": "#0"},
				"up": {"uv": [5.5, 4.625, 6.5, 5.625], "texture": "#0"},
				"down": {"uv": [5.375, 4.5, 6.375, 5.5], "texture": "#0"}
			}
		},
		{
			"name": "hexadecagon",
			"from": [10.95435, 4, 7.44],
			"to": [19.04565, 12, 7.441],
			"faces": {
				"north": {"uv": [0, 0, 16, 16], "texture": "#0"},
				"east": {"uv": [6.25, 5, 7.25, 6], "texture": "#0"},
				"south": {"uv": [0, 0, 16, 16], "texture": "#0"},
				"west": {"uv": [6.375, 5.25, 7.375, 6.25], "texture": "#0"},
				"up": {"uv": [5.5, 4.625, 6.5, 5.625], "texture": "#0"},
				"down": {"uv": [5.375, 4.5, 6.375, 5.5], "texture": "#0"}
			}
		},
		{
			"name": "hexadecagon",
			"from": [10.95435, 4, 8.56],
			"to": [19.04565, 12, 8.561],
			"faces": {
				"north": {"uv": [0, 0, 16, 16], "texture": "#0"},
				"east": {"uv": [6.25, 5, 7.25, 6], "texture": "#0"},
				"south": {"uv": [0, 0, 16, 16], "texture": "#0"},
				"west": {"uv": [6.375, 5.25, 7.375, 6.25], "texture": "#0"},
				"up": {"uv": [5.5, 4.625, 6.5, 5.625], "texture": "#0"},
				"down": {"uv": [5.375, 4.5, 6.375, 5.5], "texture": "#0"}
			}
		},
		{
			"name": "hexadecagon",
			"from": [0.20435, 4.25, 7.5],
			"to": [1.79565, 11.75, 8.5],
			"rotation": {"angle": 45, "axis": "z", "origin": [1, 8, 8]},
			"faces": {
				"north": {"uv": [16, 0, 0, 16], "texture": "#0"},
				"east": {"uv": [7.375, 5.25, 6.375, 6.25], "texture": "#0"},
				"south": {"uv": [6.5, 3.625, 5.5, 4.625], "texture": "#0"},
				"west": {"uv": [7.25, 5, 6.25, 6], "texture": "#0"},
				"up": {"uv": [6.5, 4.625, 5.5, 5.625], "texture": "#0"},
				"down": {"uv": [6.375, 4.5, 5.375, 5.5], "texture": "#0"}
			}
		},
		{
			"name": "hexadecagon",
			"from": [0.20435, 4.25, 7.5],
			"to": [1.79565, 11.75, 8.5],
			"rotation": {"angle": 22.5, "axis": "z", "origin": [1, 8, 8]},
			"faces": {
				"north": {"uv": [16, 0, 0, 16], "texture": "#0"},
				"east": {"uv": [7.375, 5.25, 6.375, 6.25], "texture": "#0"},
				"south": {"uv": [6.5, 3.625, 5.5, 4.625], "texture": "#0"},
				"west": {"uv": [7.25, 5, 6.25, 6], "texture": "#0"},
				"up": {"uv": [6.5, 4.625, 5.5, 5.625], "texture": "#0"},
				"down": {"uv": [6.375, 4.5, 5.375, 5.5], "texture": "#0"}
			}
		},
		{
			"name": "hexadecagon",
			"from": [0.20435, 4.25, 7.5],
			"to": [1.79565, 11.75, 8.5],
			"faces": {
				"north": {"uv": [16, 0, 0, 16], "texture": "#0"},
				"east": {"uv": [7.375, 5.25, 6.375, 6.25], "texture": "#0"},
				"south": {"uv": [6.5, 3.625, 5.5, 4.625], "texture": "#0"},
				"west": {"uv": [7.25, 5, 6.25, 6], "texture": "#0"},
				"up": {"uv": [6.5, 4.625, 5.5, 5.625], "texture": "#0"},
				"down": {"uv": [6.375, 4.5, 5.375, 5.5], "texture": "#0"}
			}
		},
		{
			"name": "hexadecagon",
			"from": [0.20435, 4.25, 7.5],
			"to": [1.79565, 11.75, 8.5],
			"rotation": {"angle": -22.5, "axis": "z", "origin": [1, 8, 8]},
			"faces": {
				"north": {"uv": [16, 0, 0, 16], "texture": "#0"},
				"east": {"uv": [7.375, 5.25, 6.375, 6.25], "texture": "#0"},
				"south": {"uv": [6.5, 3.625, 5.5, 4.625], "texture": "#0"},
				"west": {"uv": [7.25, 5, 6.25, 6], "texture": "#0"},
				"up": {"uv": [6.5, 4.625, 5.5, 5.625], "texture": "#0"},
				"down": {"uv": [6.375, 4.5, 5.375, 5.5], "texture": "#0"}
			}
		},
		{
			"name": "hexadecagon",
			"from": [0.20435, 4.25, 7.5],
			"to": [1.79565, 11.75, 8.5],
			"rotation": {"angle": -45, "axis": "z", "origin": [1, 8, 8]},
			"faces": {
				"north": {"uv": [16, 0, 0, 16], "texture": "#0"},
				"east": {"uv": [7.375, 5.25, 6.375, 6.25], "texture": "#0"},
				"south": {"uv": [6.5, 3.625, 5.5, 4.625], "texture": "#0"},
				"west": {"uv": [7.25, 5, 6.25, 6], "texture": "#0"},
				"up": {"uv": [6.5, 4.625, 5.5, 5.625], "texture": "#0"},
				"down": {"uv": [6.375, 4.5, 5.375, 5.5], "texture": "#0"}
			}
		},
		{
			"name": "hexadecagon",
			"from": [-2.75, 7.20435, 7.5],
			"to": [4.75, 8.79565, 8.5],
			"rotation": {"angle": 22.5, "axis": "z", "origin": [1, 8, 8]},
			"faces": {
				"north": {"uv": [16, 0, 0, 16], "texture": "#0"},
				"east": {"uv": [7.375, 5.25, 6.375, 6.25], "texture": "#0"},
				"south": {"uv": [6.5, 3.625, 5.5, 4.625], "texture": "#0"},
				"west": {"uv": [7.25, 5, 6.25, 6], "texture": "#0"},
				"up": {"uv": [6.5, 4.625, 5.5, 5.625], "texture": "#0"},
				"down": {"uv": [6.375, 4.5, 5.375, 5.5], "texture": "#0"}
			}
		},
		{
			"name": "hexadecagon",
			"from": [-2.75, 7.20435, 7.5],
			"to": [4.75, 8.79565, 8.5],
			"faces": {
				"north": {"uv": [16, 0, 0, 16], "texture": "#0"},
				"east": {"uv": [7.375, 5.25, 6.375, 6.25], "texture": "#0"},
				"south": {"uv": [6.5, 3.625, 5.5, 4.625], "texture": "#0"},
				"west": {"uv": [7.25, 5, 6.25, 6], "texture": "#0"},
				"up": {"uv": [6.5, 4.625, 5.5, 5.625], "texture": "#0"},
				"down": {"uv": [6.375, 4.5, 5.375, 5.5], "texture": "#0"}
			}
		},
		{
			"name": "hexadecagon",
			"from": [-2.75, 7.20435, 7.5],
			"to": [4.75, 8.79565, 8.5],
			"rotation": {"angle": -22.5, "axis": "z", "origin": [1, 8, 8]},
			"faces": {
				"north": {"uv": [16, 0, 0, 16], "texture": "#0"},
				"east": {"uv": [7.375, 5.25, 6.375, 6.25], "texture": "#0"},
				"south": {"uv": [6.5, 3.625, 5.5, 4.625], "texture": "#0"},
				"west": {"uv": [7.25, 5, 6.25, 6], "texture": "#0"},
				"up": {"uv": [6.5, 4.625, 5.5, 5.625], "texture": "#0"},
				"down": {"uv": [6.375, 4.5, 5.375, 5.5], "texture": "#0"}
			}
		},
		{
			"name": "hexadecagon",
			"from": [-3.04565, 4, 7.44],
			"to": [5.04565, 12, 7.441],
			"faces": {
				"north": {"uv": [16, 0, 0, 16], "texture": "#0"},
				"east": {"uv": [7.375, 5.25, 6.375, 6.25], "texture": "#0"},
				"south": {"uv": [16, 0, 0, 16], "texture": "#0"},
				"west": {"uv": [7.25, 5, 6.25, 6], "texture": "#0"},
				"up": {"uv": [6.5, 4.625, 5.5, 5.625], "texture": "#0"},
				"down": {"uv": [6.375, 4.5, 5.375, 5.5], "texture": "#0"}
			}
		},
		{
			"name": "hexadecagon",
			"from": [-3.04565, 4, 8.56],
			"to": [5.04565, 12, 8.561],
			"faces": {
				"north": {"uv": [16, 0, 0, 16], "texture": "#0"},
				"east": {"uv": [7.375, 5.25, 6.375, 6.25], "texture": "#0"},
				"south": {"uv": [16, 0, 0, 16], "texture": "#0"},
				"west": {"uv": [7.25, 5, 6.25, 6], "texture": "#0"},
				"up": {"uv": [6.5, 4.625, 5.5, 5.625], "texture": "#0"},
				"down": {"uv": [6.375, 4.5, 5.375, 5.5], "texture": "#0"}
			}
		}
	],
	"display": {
		"gui": {
			"scale": [0.71, 0.74, 0.74]
		},
		"head": {
			"translation": [0, 8.75, -3.5],
			"scale": [0.94, 1, 1]
		}
	},
	"groups": [
		{
			"name": "hexadecagon",
			"origin": [8, 8, 8],
			"children": [0, 1, 2, 3, 4, 5, 6, 7, 8, 9]
		},
		{
			"name": "hexadecagon",
			"origin": [8, 8, 8],
			"children": [10, 11, 12, 13, 14, 15, 16, 17, 18, 19]
		}
	]
}