{
	"credit": "Made with Blockbench",
	"textures": {
		"0": "blocks/double_plant_paeonia_top",
		"particle": "blocks/double_plant_paeonia_top"
	},
	"elements": [
		{
			"from": [5.62, 9.9, 4.24],
			"to": [10.38, 14.66, 7.62],
			"faces": {
				"north": {"uv": [7, 7.5, 7.246, 7.744], "texture": "#0"},
				"east": {"uv": [7, 7.5, 7.246, 7.744], "texture": "#0"},
				"south": {"uv": [7, 7.5, 7.246, 7.744], "texture": "#0"},
				"west": {"uv": [7, 7.5, 7.246, 7.744], "texture": "#0"},
				"up": {"uv": [7, 7.5, 7.246, 7.744], "texture": "#0"},
				"down": {"uv": [7, 7.5, 7.246, 7.744], "texture": "#0"}
			}
		},
		{
			"from": [12.76, 8.71, 5.43],
			"to": [15.14, 15.85, 7.81],
			"faces": {
				"north": {"uv": [7, 7.5, 7.246, 7.744], "texture": "#0"},
				"east": {"uv": [7, 7.5, 7.246, 7.744], "texture": "#0"},
				"south": {"uv": [7, 7.5, 7.246, 7.744], "texture": "#0"},
				"west": {"uv": [7, 7.5, 7.246, 7.744], "texture": "#0"},
				"up": {"uv": [7, 7.5, 7.246, 7.744], "texture": "#0"},
				"down": {"uv": [7, 7.5, 7.246, 7.744], "texture": "#0"}
			}
		},
		{
			"from": [9.88709, 10.88583, 5.43],
			"to": [14.64709, 14.21783, 7.81],
			"rotation": {"angle": -45, "axis": "z", "origin": [11.07709, 12.07583, 7.81]},
			"faces": {
				"north": {"uv": [7, 7.5, 7.246, 7.744], "texture": "#0"},
				"east": {"uv": [7, 7.5, 7.246, 7.744], "texture": "#0"},
				"south": {"uv": [7, 7.5, 7.246, 7.744], "texture": "#0"},
				"west": {"uv": [7, 7.5, 7.246, 7.744], "texture": "#0"},
				"up": {"uv": [7, 7.5, 7.246, 7.744], "texture": "#0"},
				"down": {"uv": [7, 7.5, 7.246, 7.744], "texture": "#0"}
			}
		},
		{
			"from": [9.88709, 11.29417, 5.43],
			"to": [14.64709, 13.67417, 7.81],
			"rotation": {"angle": 45, "axis": "z", "origin": [11.07709, 12.48417, 7.81]},
			"faces": {
				"north": {"uv": [7, 7.5, 7.246, 7.744], "texture": "#0"},
				"east": {"uv": [7, 7.5, 7.246, 7.744], "texture": "#0"},
				"south": {"uv": [7, 7.5, 7.246, 7.744], "texture": "#0"},
				"west": {"uv": [7, 7.5, 7.246, 7.744], "texture": "#0"},
				"up": {"uv": [7, 7.5, 7.246, 7.744], "texture": "#0"},
				"down": {"uv": [7, 7.5, 7.246, 7.744], "texture": "#0"}
			}
		},
		{
			"from": [1.35291, 11.29417, 5.43],
			"to": [6.11291, 13.67417, 7.81],
			"rotation": {"angle": -45, "axis": "z", "origin": [4.92291, 12.48417, 7.81]},
			"faces": {
				"north": {"uv": [7, 7.5, 7.246, 7.744], "texture": "#0"},
				"east": {"uv": [7, 7.5, 7.246, 7.744], "texture": "#0"},
				"south": {"uv": [7, 7.5, 7.246, 7.744], "texture": "#0"},
				"west": {"uv": [7, 7.5, 7.246, 7.744], "texture": "#0"},
				"up": {"uv": [7, 7.5, 7.246, 7.744], "texture": "#0"},
				"down": {"uv": [7, 7.5, 7.246, 7.744], "texture": "#0"}
			}
		},
		{
			"from": [1.35291, 10.88583, 5.43],
			"to": [6.11291, 14.21783, 7.81],
			"rotation": {"angle": 45, "axis": "z", "origin": [4.92291, 12.07583, 7.81]},
			"faces": {
				"north": {"uv": [7, 7.5, 7.246, 7.744], "texture": "#0"},
				"east": {"uv": [7, 7.5, 7.246, 7.744], "texture": "#0"},
				"south": {"uv": [7, 7.5, 7.246, 7.744], "texture": "#0"},
				"west": {"uv": [7, 7.5, 7.246, 7.744], "texture": "#0"},
				"up": {"uv": [7, 7.5, 7.246, 7.744], "texture": "#0"},
				"down": {"uv": [7, 7.5, 7.246, 7.744], "texture": "#0"}
			}
		},
		{
			"from": [0.622, 8.71, 5.43],
			"to": [3.24, 15.85, 7.81],
			"faces": {
				"north": {"uv": [7, 7.5, 7.246, 7.744], "texture": "#0"},
				"east": {"uv": [7, 7.5, 7.246, 7.744], "texture": "#0"},
				"south": {"uv": [7, 7.5, 7.246, 7.744], "texture": "#0"},
				"west": {"uv": [7, 7.5, 7.246, 7.744], "texture": "#0"},
				"up": {"uv": [7, 7.5, 7.246, 7.744], "texture": "#0"},
				"down": {"uv": [7, 7.5, 7.246, 7.744], "texture": "#0"}
			}
		},
		{
			"name": "Voxels-000000",
			"from": [-2.75, 8.25, 7.5],
			"to": [0.25, 18.25, 8.5],
			"faces": {
				"north": {"uv": [2, 7.25, 2.246, 7.494], "texture": "#0"},
				"east": {"uv": [2, 7.25, 2.246, 7.494], "texture": "#0"},
				"south": {"uv": [2, 7.25, 2.246, 7.494], "texture": "#0"},
				"west": {"uv": [2, 7.25, 2.246, 7.494], "texture": "#0"},
				"up": {"uv": [2, 7.25, 2.246, 7.494], "texture": "#0"},
				"down": {"uv": [2, 7.25, 2.246, 7.494], "texture": "#0"}
			}
		},
		{
			"name": "Voxels-000000",
			"from": [14.75, 8.25, 7.5],
			"to": [17.75, 18.25, 8.5],
			"faces": {
				"north": {"uv": [2, 7.25, 2.246, 7.494], "texture": "#0"},
				"east": {"uv": [2, 7.25, 2.246, 7.494], "texture": "#0"},
				"south": {"uv": [2, 7.25, 2.246, 7.494], "texture": "#0"},
				"west": {"uv": [2, 7.25, 2.246, 7.494], "texture": "#0"},
				"up": {"uv": [2, 7.25, 2.246, 7.494], "texture": "#0"},
				"down": {"uv": [2, 7.25, 2.246, 7.494], "texture": "#0"}
			}
		},
		{
			"name": "Voxels-000000",
			"from": [-3.5, 8.5, 7.5],
			"to": [-2.75, 18, 8.5],
			"faces": {
				"north": {"uv": [2, 7.25, 2.246, 7.494], "texture": "#0"},
				"east": {"uv": [2, 7.25, 2.246, 7.494], "texture": "#0"},
				"south": {"uv": [2, 7.25, 2.246, 7.494], "texture": "#0"},
				"west": {"uv": [2, 7.25, 2.246, 7.494], "texture": "#0"},
				"up": {"uv": [2, 7.25, 2.246, 7.494], "texture": "#0"},
				"down": {"uv": [2, 7.25, 2.246, 7.494], "texture": "#0"}
			}
		},
		{
			"name": "Voxels-000000",
			"from": [0.25, 8.5, 7.5],
			"to": [1, 18, 8.5],
			"faces": {
				"north": {"uv": [2, 7.25, 2.246, 7.494], "texture": "#0"},
				"east": {"uv": [2, 7.25, 2.246, 7.494], "texture": "#0"},
				"south": {"uv": [2, 7.25, 2.246, 7.494], "texture": "#0"},
				"west": {"uv": [2, 7.25, 2.246, 7.494], "texture": "#0"},
				"up": {"uv": [2, 7.25, 2.246, 7.494], "texture": "#0"},
				"down": {"uv": [2, 7.25, 2.246, 7.494], "texture": "#0"}
			}
		},
		{
			"name": "Voxels-000000",
			"from": [14, 8.5, 7.5],
			"to": [14.75, 18, 8.5],
			"faces": {
				"north": {"uv": [2, 7.25, 2.246, 7.494], "texture": "#0"},
				"east": {"uv": [2, 7.25, 2.246, 7.494], "texture": "#0"},
				"south": {"uv": [2, 7.25, 2.246, 7.494], "texture": "#0"},
				"west": {"uv": [2, 7.25, 2.246, 7.494], "texture": "#0"},
				"up": {"uv": [2, 7.25, 2.246, 7.494], "texture": "#0"},
				"down": {"uv": [2, 7.25, 2.246, 7.494], "texture": "#0"}
			}
		},
		{
			"name": "Voxels-000000",
			"from": [17.75, 8.5, 7.5],
			"to": [18.5, 18, 8.5],
			"faces": {
				"north": {"uv": [2, 7.25, 2.246, 7.494], "texture": "#0"},
				"east": {"uv": [2, 7.25, 2.246, 7.494], "texture": "#0"},
				"south": {"uv": [2, 7.25, 2.246, 7.494], "texture": "#0"},
				"west": {"uv": [2, 7.25, 2.246, 7.494], "texture": "#0"},
				"up": {"uv": [2, 7.25, 2.246, 7.494], "texture": "#0"},
				"down": {"uv": [2, 7.25, 2.246, 7.494], "texture": "#0"}
			}
		},
		{
			"name": "Voxels-000000",
			"from": [-4, 8.75, 7.5],
			"to": [-3.5, 17.75, 8.5],
			"faces": {
				"north": {"uv": [2, 7.25, 2.246, 7.494], "texture": "#0"},
				"east": {"uv": [2, 7.25, 2.246, 7.494], "texture": "#0"},
				"south": {"uv": [2, 7.25, 2.246, 7.494], "texture": "#0"},
				"west": {"uv": [2, 7.25, 2.246, 7.494], "texture": "#0"},
				"up": {"uv": [2, 7.25, 2.246, 7.494], "texture": "#0"},
				"down": {"uv": [2, 7.25, 2.246, 7.494], "texture": "#0"}
			}
		},
		{
			"name": "Voxels-000000",
			"from": [1, 8.75, 7.5],
			"to": [1.5, 17.75, 8.5],
			"faces": {
				"north": {"uv": [2, 7.25, 2.246, 7.494], "texture": "#0"},
				"east": {"uv": [2, 7.25, 2.246, 7.494], "texture": "#0"},
				"south": {"uv": [2, 7.25, 2.246, 7.494], "texture": "#0"},
				"west": {"uv": [2, 7.25, 2.246, 7.494], "texture": "#0"},
				"up": {"uv": [2, 7.25, 2.246, 7.494], "texture": "#0"},
				"down": {"uv": [2, 7.25, 2.246, 7.494], "texture": "#0"}
			}
		},
		{
			"name": "Voxels-000000",
			"from": [13.5, 8.75, 7.5],
			"to": [14, 17.75, 8.5],
			"faces": {
				"north": {"uv": [2, 7.25, 2.246, 7.494], "texture": "#0"},
				"east": {"uv": [2, 7.25, 2.246, 7.494], "texture": "#0"},
				"south": {"uv": [2, 7.25, 2.246, 7.494], "texture": "#0"},
				"west": {"uv": [2, 7.25, 2.246, 7.494], "texture": "#0"},
				"up": {"uv": [2, 7.25, 2.246, 7.494], "texture": "#0"},
				"down": {"uv": [2, 7.25, 2.246, 7.494], "texture": "#0"}
			}
		},
		{
			"name": "Voxels-000000",
			"from": [18.5, 8.75, 7.5],
			"to": [19, 17.75, 8.5],
			"faces": {
				"north": {"uv": [2, 7.25, 2.246, 7.494], "texture": "#0"},
				"east": {"uv": [2, 7.25, 2.246, 7.494], "texture": "#0"},
				"south": {"uv": [2, 7.25, 2.246, 7.494], "texture": "#0"},
				"west": {"uv": [2, 7.25, 2.246, 7.494], "texture": "#0"},
				"up": {"uv": [2, 7.25, 2.246, 7.494], "texture": "#0"},
				"down": {"uv": [2, 7.25, 2.246, 7.494], "texture": "#0"}
			}
		},
		{
			"name": "Voxels-000000",
			"from": [-4.25, 9, 7.5],
			"to": [-4, 17.5, 8.5],
			"faces": {
				"north": {"uv": [2, 7.25, 2.246, 7.494], "texture": "#0"},
				"east": {"uv": [2, 7.25, 2.246, 7.494], "texture": "#0"},
				"south": {"uv": [2, 7.25, 2.246, 7.494], "texture": "#0"},
				"west": {"uv": [2, 7.25, 2.246, 7.494], "texture": "#0"},
				"up": {"uv": [2, 7.25, 2.246, 7.494], "texture": "#0"},
				"down": {"uv": [2, 7.25, 2.246, 7.494], "texture": "#0"}
			}
		},
		{
			"name": "Voxels-000000",
			"from": [1.5, 9, 7.5],
			"to": [1.75, 17.5, 8.5],
			"faces": {
				"north": {"uv": [2, 7.25, 2.246, 7.494], "texture": "#0"},
				"east": {"uv": [2, 7.25, 2.246, 7.494], "texture": "#0"},
				"south": {"uv": [2, 7.25, 2.246, 7.494], "texture": "#0"},
				"west": {"uv": [2, 7.25, 2.246, 7.494], "texture": "#0"},
				"up": {"uv": [2, 7.25, 2.246, 7.494], "texture": "#0"},
				"down": {"uv": [2, 7.25, 2.246, 7.494], "texture": "#0"}
			}
		},
		{
			"name": "Voxels-000000",
			"from": [13.25, 9, 7.5],
			"to": [13.5, 17.5, 8.5],
			"faces": {
				"north": {"uv": [2, 7.25, 2.246, 7.494], "texture": "#0"},
				"east": {"uv": [2, 7.25, 2.246, 7.494], "texture": "#0"},
				"south": {"uv": [2, 7.25, 2.246, 7.494], "texture": "#0"},
				"west": {"uv": [2, 7.25, 2.246, 7.494], "texture": "#0"},
				"up": {"uv": [2, 7.25, 2.246, 7.494], "texture": "#0"},
				"down": {"uv": [2, 7.25, 2.246, 7.494], "texture": "#0"}
			}
		},
		{
			"name": "Voxels-000000",
			"from": [19, 9, 7.5],
			"to": [19.25, 17.5, 8.5],
			"faces": {
				"north": {"uv": [2, 7.25, 2.246, 7.494], "texture": "#0"},
				"east": {"uv": [2, 7.25, 2.246, 7.494], "texture": "#0"},
				"south": {"uv": [2, 7.25, 2.246, 7.494], "texture": "#0"},
				"west": {"uv": [2, 7.25, 2.246, 7.494], "texture": "#0"},
				"up": {"uv": [2, 7.25, 2.246, 7.494], "texture": "#0"},
				"down": {"uv": [2, 7.25, 2.246, 7.494], "texture": "#0"}
			}
		},
		{
			"name": "Voxels-000000",
			"from": [-4.5, 9.25, 7.5],
			"to": [-4.25, 17.25, 8.5],
			"faces": {
				"north": {"uv": [2, 7.25, 2.246, 7.494], "texture": "#0"},
				"east": {"uv": [2, 7.25, 2.246, 7.494], "texture": "#0"},
				"south": {"uv": [2, 7.25, 2.246, 7.494], "texture": "#0"},
				"west": {"uv": [2, 7.25, 2.246, 7.494], "texture": "#0"},
				"up": {"uv": [2, 7.25, 2.246, 7.494], "texture": "#0"},
				"down": {"uv": [2, 7.25, 2.246, 7.494], "texture": "#0"}
			}
		},
		{
			"name": "Voxels-000000",
			"from": [1.75, 9.25, 7.5],
			"to": [2, 17.25, 8.5],
			"faces": {
				"north": {"uv": [2, 7.25, 2.246, 7.494], "texture": "#0"},
				"east": {"uv": [2, 7.25, 2.246, 7.494], "texture": "#0"},
				"south": {"uv": [2, 7.25, 2.246, 7.494], "texture": "#0"},
				"west": {"uv": [2, 7.25, 2.246, 7.494], "texture": "#0"},
				"up": {"uv": [2, 7.25, 2.246, 7.494], "texture": "#0"},
				"down": {"uv": [2, 7.25, 2.246, 7.494], "texture": "#0"}
			}
		},
		{
			"name": "Voxels-000000",
			"from": [13, 9.25, 7.5],
			"to": [13.25, 17.25, 8.5],
			"faces": {
				"north": {"uv": [2, 7.25, 2.246, 7.494], "texture": "#0"},
				"east": {"uv": [2, 7.25, 2.246, 7.494], "texture": "#0"},
				"south": {"uv": [2, 7.25, 2.246, 7.494], "texture": "#0"},
				"west": {"uv": [2, 7.25, 2.246, 7.494], "texture": "#0"},
				"up": {"uv": [2, 7.25, 2.246, 7.494], "texture": "#0"},
				"down": {"uv": [2, 7.25, 2.246, 7.494], "texture": "#0"}
			}
		},
		{
			"name": "Voxels-000000",
			"from": [19.25, 9.25, 7.5],
			"to": [19.5, 17.25, 8.5],
			"faces": {
				"north": {"uv": [2, 7.25, 2.246, 7.494], "texture": "#0"},
				"east": {"uv": [2, 7.25, 2.246, 7.494], "texture": "#0"},
				"south": {"uv": [2, 7.25, 2.246, 7.494], "texture": "#0"},
				"west": {"uv": [2, 7.25, 2.246, 7.494], "texture": "#0"},
				"up": {"uv": [2, 7.25, 2.246, 7.494], "texture": "#0"},
				"down": {"uv": [2, 7.25, 2.246, 7.494], "texture": "#0"}
			}
		},
		{
			"name": "Voxels-000000",
			"from": [-5, 9.5, 7.5],
			"to": [-4.5, 17, 8.5],
			"faces": {
				"north": {"uv": [2, 7.25, 2.246, 7.494], "texture": "#0"},
				"east": {"uv": [2, 7.25, 2.246, 7.494], "texture": "#0"},
				"south": {"uv": [2, 7.25, 2.246, 7.494], "texture": "#0"},
				"west": {"uv": [2, 7.25, 2.246, 7.494], "texture": "#0"},
				"up": {"uv": [2, 7.25, 2.246, 7.494], "texture": "#0"},
				"down": {"uv": [2, 7.25, 2.246, 7.494], "texture": "#0"}
			}
		},
		{
			"name": "Voxels-000000",
			"from": [2, 9.5, 7.5],
			"to": [2.5, 17, 8.5],
			"faces": {
				"north": {"uv": [2, 7.25, 2.246, 7.494], "texture": "#0"},
				"east": {"uv": [2, 7.25, 2.246, 7.494], "texture": "#0"},
				"south": {"uv": [2, 7.25, 2.246, 7.494], "texture": "#0"},
				"west": {"uv": [2, 7.25, 2.246, 7.494], "texture": "#0"},
				"up": {"uv": [2, 7.25, 2.246, 7.494], "texture": "#0"},
				"down": {"uv": [2, 7.25, 2.246, 7.494], "texture": "#0"}
			}
		},
		{
			"name": "Voxels-000000",
			"from": [12.5, 9.5, 7.5],
			"to": [13, 17, 8.5],
			"faces": {
				"north": {"uv": [2, 7.25, 2.246, 7.494], "texture": "#0"},
				"east": {"uv": [2, 7.25, 2.246, 7.494], "texture": "#0"},
				"south": {"uv": [2, 7.25, 2.246, 7.494], "texture": "#0"},
				"west": {"uv": [2, 7.25, 2.246, 7.494], "texture": "#0"},
				"up": {"uv": [2, 7.25, 2.246, 7.494], "texture": "#0"},
				"down": {"uv": [2, 7.25, 2.246, 7.494], "texture": "#0"}
			}
		},
		{
			"name": "Voxels-000000",
			"from": [19.5, 9.5, 7.5],
			"to": [20, 17, 8.5],
			"faces": {
				"north": {"uv": [2, 7.25, 2.246, 7.494], "texture": "#0"},
				"east": {"uv": [2, 7.25, 2.246, 7.494], "texture": "#0"},
				"south": {"uv": [2, 7.25, 2.246, 7.494], "texture": "#0"},
				"west": {"uv": [2, 7.25, 2.246, 7.494], "texture": "#0"},
				"up": {"uv": [2, 7.25, 2.246, 7.494], "texture": "#0"},
				"down": {"uv": [2, 7.25, 2.246, 7.494], "texture": "#0"}
			}
		},
		{
			"name": "Voxels-000000",
			"from": [-5.25, 10, 7.5],
			"to": [-5, 16.5, 8.5],
			"faces": {
				"north": {"uv": [2, 7.25, 2.246, 7.494], "texture": "#0"},
				"east": {"uv": [2, 7.25, 2.246, 7.494], "texture": "#0"},
				"south": {"uv": [2, 7.25, 2.246, 7.494], "texture": "#0"},
				"west": {"uv": [2, 7.25, 2.246, 7.494], "texture": "#0"},
				"up": {"uv": [2, 7.25, 2.246, 7.494], "texture": "#0"},
				"down": {"uv": [2, 7.25, 2.246, 7.494], "texture": "#0"}
			}
		},
		{
			"name": "Voxels-000000",
			"from": [2.5, 10, 7.5],
			"to": [2.75, 16.5, 8.5],
			"faces": {
				"north": {"uv": [2, 7.25, 2.246, 7.494], "texture": "#0"},
				"east": {"uv": [2, 7.25, 2.246, 7.494], "texture": "#0"},
				"south": {"uv": [2, 7.25, 2.246, 7.494], "texture": "#0"},
				"west": {"uv": [2, 7.25, 2.246, 7.494], "texture": "#0"},
				"up": {"uv": [2, 7.25, 2.246, 7.494], "texture": "#0"},
				"down": {"uv": [2, 7.25, 2.246, 7.494], "texture": "#0"}
			}
		},
		{
			"name": "Voxels-000000",
			"from": [12.25, 10, 7.5],
			"to": [12.5, 16.5, 8.5],
			"faces": {
				"north": {"uv": [2, 7.25, 2.246, 7.494], "texture": "#0"},
				"east": {"uv": [2, 7.25, 2.246, 7.494], "texture": "#0"},
				"south": {"uv": [2, 7.25, 2.246, 7.494], "texture": "#0"},
				"west": {"uv": [2, 7.25, 2.246, 7.494], "texture": "#0"},
				"up": {"uv": [2, 7.25, 2.246, 7.494], "texture": "#0"},
				"down": {"uv": [2, 7.25, 2.246, 7.494], "texture": "#0"}
			}
		},
		{
			"name": "Voxels-000000",
			"from": [20, 10, 7.5],
			"to": [20.25, 16.5, 8.5],
			"faces": {
				"north": {"uv": [2, 7.25, 2.246, 7.494], "texture": "#0"},
				"east": {"uv": [2, 7.25, 2.246, 7.494], "texture": "#0"},
				"south": {"uv": [2, 7.25, 2.246, 7.494], "texture": "#0"},
				"west": {"uv": [2, 7.25, 2.246, 7.494], "texture": "#0"},
				"up": {"uv": [2, 7.25, 2.246, 7.494], "texture": "#0"},
				"down": {"uv": [2, 7.25, 2.246, 7.494], "texture": "#0"}
			}
		},
		{
			"name": "Voxels-000000",
			"from": [-5.5, 10.25, 7.5],
			"to": [-5.25, 16.25, 8.5],
			"faces": {
				"north": {"uv": [2, 7.25, 2.246, 7.494], "texture": "#0"},
				"east": {"uv": [2, 7.25, 2.246, 7.494], "texture": "#0"},
				"south": {"uv": [2, 7.25, 2.246, 7.494], "texture": "#0"},
				"west": {"uv": [2, 7.25, 2.246, 7.494], "texture": "#0"},
				"up": {"uv": [2, 7.25, 2.246, 7.494], "texture": "#0"},
				"down": {"uv": [2, 7.25, 2.246, 7.494], "texture": "#0"}
			}
		},
		{
			"name": "Voxels-000000",
			"from": [2.75, 10.25, 7.5],
			"to": [3, 16.25, 8.5],
			"faces": {
				"north": {"uv": [2, 7.25, 2.246, 7.494], "texture": "#0"},
				"east": {"uv": [2, 7.25, 2.246, 7.494], "texture": "#0"},
				"south": {"uv": [2, 7.25, 2.246, 7.494], "texture": "#0"},
				"west": {"uv": [2, 7.25, 2.246, 7.494], "texture": "#0"},
				"up": {"uv": [2, 7.25, 2.246, 7.494], "texture": "#0"},
				"down": {"uv": [2, 7.25, 2.246, 7.494], "texture": "#0"}
			}
		},
		{
			"name": "Voxels-000000",
			"from": [12, 10.25, 7.5],
			"to": [12.25, 16.25, 8.5],
			"faces": {
				"north": {"uv": [2, 7.25, 2.246, 7.494], "texture": "#0"},
				"east": {"uv": [2, 7.25, 2.246, 7.494], "texture": "#0"},
				"south": {"uv": [2, 7.25, 2.246, 7.494], "texture": "#0"},
				"west": {"uv": [2, 7.25, 2.246, 7.494], "texture": "#0"},
				"up": {"uv": [2, 7.25, 2.246, 7.494], "texture": "#0"},
				"down": {"uv": [2, 7.25, 2.246, 7.494], "texture": "#0"}
			}
		},
		{
			"name": "Voxels-000000",
			"from": [20.25, 10.25, 7.5],
			"to": [20.5, 16.25, 8.5],
			"faces": {
				"north": {"uv": [2, 7.25, 2.246, 7.494], "texture": "#0"},
				"east": {"uv": [2, 7.25, 2.246, 7.494], "texture": "#0"},
				"south": {"uv": [2, 7.25, 2.246, 7.494], "texture": "#0"},
				"west": {"uv": [2, 7.25, 2.246, 7.494], "texture": "#0"},
				"up": {"uv": [2, 7.25, 2.246, 7.494], "texture": "#0"},
				"down": {"uv": [2, 7.25, 2.246, 7.494], "texture": "#0"}
			}
		},
		{
			"name": "Voxels-000000",
			"from": [-5.75, 10.5, 7.5],
			"to": [-5.5, 16, 8.5],
			"faces": {
				"north": {"uv": [2, 7.25, 2.246, 7.494], "texture": "#0"},
				"east": {"uv": [2, 7.25, 2.246, 7.494], "texture": "#0"},
				"south": {"uv": [2, 7.25, 2.246, 7.494], "texture": "#0"},
				"west": {"uv": [2, 7.25, 2.246, 7.494], "texture": "#0"},
				"up": {"uv": [2, 7.25, 2.246, 7.494], "texture": "#0"},
				"down": {"uv": [2, 7.25, 2.246, 7.494], "texture": "#0"}
			}
		},
		{
			"name": "Voxels-000000",
			"from": [3, 10.5, 7.5],
			"to": [3.25, 16, 8.5],
			"faces": {
				"north": {"uv": [2, 7.25, 2.246, 7.494], "texture": "#0"},
				"east": {"uv": [2, 7.25, 2.246, 7.494], "texture": "#0"},
				"south": {"uv": [2, 7.25, 2.246, 7.494], "texture": "#0"},
				"west": {"uv": [2, 7.25, 2.246, 7.494], "texture": "#0"},
				"up": {"uv": [2, 7.25, 2.246, 7.494], "texture": "#0"},
				"down": {"uv": [2, 7.25, 2.246, 7.494], "texture": "#0"}
			}
		},
		{
			"name": "Voxels-000000",
			"from": [11.75, 10.5, 7.5],
			"to": [12, 16, 8.5],
			"faces": {
				"north": {"uv": [2, 7.25, 2.246, 7.494], "texture": "#0"},
				"east": {"uv": [2, 7.25, 2.246, 7.494], "texture": "#0"},
				"south": {"uv": [2, 7.25, 2.246, 7.494], "texture": "#0"},
				"west": {"uv": [2, 7.25, 2.246, 7.494], "texture": "#0"},
				"up": {"uv": [2, 7.25, 2.246, 7.494], "texture": "#0"},
				"down": {"uv": [2, 7.25, 2.246, 7.494], "texture": "#0"}
			}
		},
		{
			"name": "Voxels-000000",
			"from": [20.5, 10.5, 7.5],
			"to": [20.75, 16, 8.5],
			"faces": {
				"north": {"uv": [2, 7.25, 2.246, 7.494], "texture": "#0"},
				"east": {"uv": [2, 7.25, 2.246, 7.494], "texture": "#0"},
				"south": {"uv": [2, 7.25, 2.246, 7.494], "texture": "#0"},
				"west": {"uv": [2, 7.25, 2.246, 7.494], "texture": "#0"},
				"up": {"uv": [2, 7.25, 2.246, 7.494], "texture": "#0"},
				"down": {"uv": [2, 7.25, 2.246, 7.494], "texture": "#0"}
			}
		},
		{
			"name": "Voxels-000000",
			"from": [-6, 11, 7.5],
			"to": [-5.75, 15.5, 8.5],
			"faces": {
				"north": {"uv": [2, 7.25, 2.246, 7.494], "texture": "#0"},
				"east": {"uv": [2, 7.25, 2.246, 7.494], "texture": "#0"},
				"south": {"uv": [2, 7.25, 2.246, 7.494], "texture": "#0"},
				"west": {"uv": [2, 7.25, 2.246, 7.494], "texture": "#0"},
				"up": {"uv": [2, 7.25, 2.246, 7.494], "texture": "#0"},
				"down": {"uv": [2, 7.25, 2.246, 7.494], "texture": "#0"}
			}
		},
		{
			"name": "Voxels-000000",
			"from": [3.25, 11, 7.5],
			"to": [3.5, 15.5, 8.5],
			"faces": {
				"north": {"uv": [2, 7.25, 2.246, 7.494], "texture": "#0"},
				"east": {"uv": [2, 7.25, 2.246, 7.494], "texture": "#0"},
				"south": {"uv": [2, 7.25, 2.246, 7.494], "texture": "#0"},
				"west": {"uv": [2, 7.25, 2.246, 7.494], "texture": "#0"},
				"up": {"uv": [2, 7.25, 2.246, 7.494], "texture": "#0"},
				"down": {"uv": [2, 7.25, 2.246, 7.494], "texture": "#0"}
			}
		},
		{
			"name": "Voxels-000000",
			"from": [11.5, 11, 7.5],
			"to": [11.75, 15.5, 8.5],
			"faces": {
				"north": {"uv": [2, 7.25, 2.246, 7.494], "texture": "#0"},
				"east": {"uv": [2, 7.25, 2.246, 7.494], "texture": "#0"},
				"south": {"uv": [2, 7.25, 2.246, 7.494], "texture": "#0"},
				"west": {"uv": [2, 7.25, 2.246, 7.494], "texture": "#0"},
				"up": {"uv": [2, 7.25, 2.246, 7.494], "texture": "#0"},
				"down": {"uv": [2, 7.25, 2.246, 7.494], "texture": "#0"}
			}
		},
		{
			"name": "Voxels-000000",
			"from": [20.75, 11, 7.5],
			"to": [21, 15.5, 8.5],
			"faces": {
				"north": {"uv": [2, 7.25, 2.246, 7.494], "texture": "#0"},
				"east": {"uv": [2, 7.25, 2.246, 7.494], "texture": "#0"},
				"south": {"uv": [2, 7.25, 2.246, 7.494], "texture": "#0"},
				"west": {"uv": [2, 7.25, 2.246, 7.494], "texture": "#0"},
				"up": {"uv": [2, 7.25, 2.246, 7.494], "texture": "#0"},
				"down": {"uv": [2, 7.25, 2.246, 7.494], "texture": "#0"}
			}
		},
		{
			"name": "Voxels-000000",
			"from": [-6.25, 11.75, 7.5],
			"to": [-6, 14.75, 8.5],
			"faces": {
				"north": {"uv": [2, 7.25, 2.246, 7.494], "texture": "#0"},
				"east": {"uv": [2, 7.25, 2.246, 7.494], "texture": "#0"},
				"south": {"uv": [2, 7.25, 2.246, 7.494], "texture": "#0"},
				"west": {"uv": [2, 7.25, 2.246, 7.494], "texture": "#0"},
				"up": {"uv": [2, 7.25, 2.246, 7.494], "texture": "#0"},
				"down": {"uv": [2, 7.25, 2.246, 7.494], "texture": "#0"}
			}
		},
		{
			"name": "Voxels-000000",
			"from": [3.5, 11.75, 7.5],
			"to": [3.75, 14.75, 8.5],
			"faces": {
				"north": {"uv": [2, 7.25, 2.246, 7.494], "texture": "#0"},
				"east": {"uv": [2, 7.25, 2.246, 7.494], "texture": "#0"},
				"south": {"uv": [2, 7.25, 2.246, 7.494], "texture": "#0"},
				"west": {"uv": [2, 7.25, 2.246, 7.494], "texture": "#0"},
				"up": {"uv": [2, 7.25, 2.246, 7.494], "texture": "#0"},
				"down": {"uv": [2, 7.25, 2.246, 7.494], "texture": "#0"}
			}
		},
		{
			"name": "Voxels-000000",
			"from": [11.25, 11.75, 7.5],
			"to": [11.5, 14.75, 8.5],
			"faces": {
				"north": {"uv": [2, 7.25, 2.246, 7.494], "texture": "#0"},
				"east": {"uv": [2, 7.25, 2.246, 7.494], "texture": "#0"},
				"south": {"uv": [2, 7.25, 2.246, 7.494], "texture": "#0"},
				"west": {"uv": [2, 7.25, 2.246, 7.494], "texture": "#0"},
				"up": {"uv": [2, 7.25, 2.246, 7.494], "texture": "#0"},
				"down": {"uv": [2, 7.25, 2.246, 7.494], "texture": "#0"}
			}
		},
		{
			"name": "Voxels-000000",
			"from": [21, 11.75, 7.5],
			"to": [21.25, 14.75, 8.5],
			"faces": {
				"north": {"uv": [2, 7.25, 2.246, 7.494], "texture": "#0"},
				"east": {"uv": [2, 7.25, 2.246, 7.494], "texture": "#0"},
				"south": {"uv": [2, 7.25, 2.246, 7.494], "texture": "#0"},
				"west": {"uv": [2, 7.25, 2.246, 7.494], "texture": "#0"},
				"up": {"uv": [2, 7.25, 2.246, 7.494], "texture": "#0"},
				"down": {"uv": [2, 7.25, 2.246, 7.494], "texture": "#0"}
			}
		},
		{
			"name": "Voxels-000000",
			"from": [3.75, 12.75, 7.5],
			"to": [4.5, 13, 8.5],
			"faces": {
				"north": {"uv": [2, 7.25, 2.246, 7.494], "texture": "#0"},
				"east": {"uv": [2, 7.25, 2.246, 7.494], "texture": "#0"},
				"south": {"uv": [2, 7.25, 2.246, 7.494], "texture": "#0"},
				"west": {"uv": [2, 7.25, 2.246, 7.494], "texture": "#0"},
				"up": {"uv": [2, 7.25, 2.246, 7.494], "texture": "#0"},
				"down": {"uv": [2, 7.25, 2.246, 7.494], "texture": "#0"}
			}
		},
		{
			"name": "Voxels-000000",
			"from": [10.75, 12.75, 7.5],
			"to": [11.25, 13, 8.5],
			"faces": {
				"north": {"uv": [2, 7.25, 2.246, 7.494], "texture": "#0"},
				"east": {"uv": [2, 7.25, 2.246, 7.494], "texture": "#0"},
				"south": {"uv": [2, 7.25, 2.246, 7.494], "texture": "#0"},
				"west": {"uv": [2, 7.25, 2.246, 7.494], "texture": "#0"},
				"up": {"uv": [2, 7.25, 2.246, 7.494], "texture": "#0"},
				"down": {"uv": [2, 7.25, 2.246, 7.494], "texture": "#0"}
			}
		},
		{
			"name": "Voxels-000000",
			"from": [3.75, 13.5, 7.5],
			"to": [4.5, 13.75, 8.5],
			"faces": {
				"north": {"uv": [2, 7.25, 2.246, 7.494], "texture": "#0"},
				"east": {"uv": [2, 7.25, 2.246, 7.494], "texture": "#0"},
				"south": {"uv": [2, 7.25, 2.246, 7.494], "texture": "#0"},
				"west": {"uv": [2, 7.25, 2.246, 7.494], "texture": "#0"},
				"up": {"uv": [2, 7.25, 2.246, 7.494], "texture": "#0"},
				"down": {"uv": [2, 7.25, 2.246, 7.494], "texture": "#0"}
			}
		},
		{
			"name": "Voxels-000000",
			"from": [10.75, 13.5, 7.5],
			"to": [11.25, 13.75, 8.5],
			"faces": {
				"north": {"uv": [2, 7.25, 2.246, 7.494], "texture": "#0"},
				"east": {"uv": [2, 7.25, 2.246, 7.494], "texture": "#0"},
				"south": {"uv": [2, 7.25, 2.246, 7.494], "texture": "#0"},
				"west": {"uv": [2, 7.25, 2.246, 7.494], "texture": "#0"},
				"up": {"uv": [2, 7.25, 2.246, 7.494], "texture": "#0"},
				"down": {"uv": [2, 7.25, 2.246, 7.494], "texture": "#0"}
			}
		},
		{
			"name": "Voxels-000000",
			"from": [-2.5, 7.5, 7.75],
			"to": [0, 8.25, 8.25],
			"faces": {
				"north": {"uv": [2, 7.25, 2.246, 7.494], "texture": "#0"},
				"east": {"uv": [2, 7.25, 2.246, 7.494], "texture": "#0"},
				"south": {"uv": [2, 7.25, 2.246, 7.494], "texture": "#0"},
				"west": {"uv": [2, 7.25, 2.246, 7.494], "texture": "#0"},
				"up": {"uv": [2, 7.25, 2.246, 7.494], "texture": "#0"},
				"down": {"uv": [2, 7.25, 2.246, 7.494], "texture": "#0"}
			}
		},
		{
			"name": "Voxels-000000",
			"from": [15, 7.5, 7.75],
			"to": [17.5, 8.25, 8.25],
			"faces": {
				"north": {"uv": [2, 7.25, 2.246, 7.494], "texture": "#0"},
				"east": {"uv": [2, 7.25, 2.246, 7.494], "texture": "#0"},
				"south": {"uv": [2, 7.25, 2.246, 7.494], "texture": "#0"},
				"west": {"uv": [2, 7.25, 2.246, 7.494], "texture": "#0"},
				"up": {"uv": [2, 7.25, 2.246, 7.494], "texture": "#0"},
				"down": {"uv": [2, 7.25, 2.246, 7.494], "texture": "#0"}
			}
		},
		{
			"name": "Voxels-000000",
			"from": [-3.25, 7.75, 7.75],
			"to": [-2.75, 8.5, 8.25],
			"faces": {
				"north": {"uv": [2, 7.25, 2.246, 7.494], "texture": "#0"},
				"east": {"uv": [2, 7.25, 2.246, 7.494], "texture": "#0"},
				"south": {"uv": [2, 7.25, 2.246, 7.494], "texture": "#0"},
				"west": {"uv": [2, 7.25, 2.246, 7.494], "texture": "#0"},
				"up": {"uv": [2, 7.25, 2.246, 7.494], "texture": "#0"},
				"down": {"uv": [2, 7.25, 2.246, 7.494], "texture": "#0"}
			}
		},
		{
			"name": "Voxels-000000",
			"from": [-2.75, 7.75, 7.75],
			"to": [-2.5, 8.25, 8.25],
			"faces": {
				"north": {"uv": [2, 7.25, 2.246, 7.494], "texture": "#0"},
				"east": {"uv": [2, 7.25, 2.246, 7.494], "texture": "#0"},
				"south": {"uv": [2, 7.25, 2.246, 7.494], "texture": "#0"},
				"west": {"uv": [2, 7.25, 2.246, 7.494], "texture": "#0"},
				"up": {"uv": [2, 7.25, 2.246, 7.494], "texture": "#0"},
				"down": {"uv": [2, 7.25, 2.246, 7.494], "texture": "#0"}
			}
		},
		{
			"name": "Voxels-000000",
			"from": [0, 7.75, 7.75],
			"to": [0.75, 8.25, 8.25],
			"faces": {
				"north": {"uv": [2, 7.25, 2.246, 7.494], "texture": "#0"},
				"east": {"uv": [2, 7.25, 2.246, 7.494], "texture": "#0"},
				"south": {"uv": [2, 7.25, 2.246, 7.494], "texture": "#0"},
				"west": {"uv": [2, 7.25, 2.246, 7.494], "texture": "#0"},
				"up": {"uv": [2, 7.25, 2.246, 7.494], "texture": "#0"},
				"down": {"uv": [2, 7.25, 2.246, 7.494], "texture": "#0"}
			}
		},
		{
			"name": "Voxels-000000",
			"from": [14.25, 7.75, 7.75],
			"to": [14.75, 8.5, 8.25],
			"faces": {
				"north": {"uv": [2, 7.25, 2.246, 7.494], "texture": "#0"},
				"east": {"uv": [2, 7.25, 2.246, 7.494], "texture": "#0"},
				"south": {"uv": [2, 7.25, 2.246, 7.494], "texture": "#0"},
				"west": {"uv": [2, 7.25, 2.246, 7.494], "texture": "#0"},
				"up": {"uv": [2, 7.25, 2.246, 7.494], "texture": "#0"},
				"down": {"uv": [2, 7.25, 2.246, 7.494], "texture": "#0"}
			}
		},
		{
			"name": "Voxels-000000",
			"from": [14.75, 7.75, 7.75],
			"to": [15, 8.25, 8.25],
			"faces": {
				"north": {"uv": [2, 7.25, 2.246, 7.494], "texture": "#0"},
				"east": {"uv": [2, 7.25, 2.246, 7.494], "texture": "#0"},
				"south": {"uv": [2, 7.25, 2.246, 7.494], "texture": "#0"},
				"west": {"uv": [2, 7.25, 2.246, 7.494], "texture": "#0"},
				"up": {"uv": [2, 7.25, 2.246, 7.494], "texture": "#0"},
				"down": {"uv": [2, 7.25, 2.246, 7.494], "texture": "#0"}
			}
		},
		{
			"name": "Voxels-000000",
			"from": [17.5, 7.75, 7.75],
			"to": [18.25, 8.25, 8.25],
			"faces": {
				"north": {"uv": [2, 7.25, 2.246, 7.494], "texture": "#0"},
				"east": {"uv": [2, 7.25, 2.246, 7.494], "texture": "#0"},
				"south": {"uv": [2, 7.25, 2.246, 7.494], "texture": "#0"},
				"west": {"uv": [2, 7.25, 2.246, 7.494], "texture": "#0"},
				"up": {"uv": [2, 7.25, 2.246, 7.494], "texture": "#0"},
				"down": {"uv": [2, 7.25, 2.246, 7.494], "texture": "#0"}
			}
		},
		{
			"name": "Voxels-000000",
			"from": [-4, 8, 7.75],
			"to": [-3.5, 8.75, 8.25],
			"faces": {
				"north": {"uv": [2, 7.25, 2.246, 7.494], "texture": "#0"},
				"east": {"uv": [2, 7.25, 2.246, 7.494], "texture": "#0"},
				"south": {"uv": [2, 7.25, 2.246, 7.494], "texture": "#0"},
				"west": {"uv": [2, 7.25, 2.246, 7.494], "texture": "#0"},
				"up": {"uv": [2, 7.25, 2.246, 7.494], "texture": "#0"},
				"down": {"uv": [2, 7.25, 2.246, 7.494], "texture": "#0"}
			}
		},
		{
			"name": "Voxels-000000",
			"from": [-3.5, 8, 7.75],
			"to": [-3.25, 8.5, 8.25],
			"faces": {
				"north": {"uv": [2, 7.25, 2.246, 7.494], "texture": "#0"},
				"east": {"uv": [2, 7.25, 2.246, 7.494], "texture": "#0"},
				"south": {"uv": [2, 7.25, 2.246, 7.494], "texture": "#0"},
				"west": {"uv": [2, 7.25, 2.246, 7.494], "texture": "#0"},
				"up": {"uv": [2, 7.25, 2.246, 7.494], "texture": "#0"},
				"down": {"uv": [2, 7.25, 2.246, 7.494], "texture": "#0"}
			}
		},
		{
			"name": "Voxels-000000",
			"from": [0.75, 8, 7.75],
			"to": [1.5, 8.5, 8.25],
			"faces": {
				"north": {"uv": [2, 7.25, 2.246, 7.494], "texture": "#0"},
				"east": {"uv": [2, 7.25, 2.246, 7.494], "texture": "#0"},
				"south": {"uv": [2, 7.25, 2.246, 7.494], "texture": "#0"},
				"west": {"uv": [2, 7.25, 2.246, 7.494], "texture": "#0"},
				"up": {"uv": [2, 7.25, 2.246, 7.494], "texture": "#0"},
				"down": {"uv": [2, 7.25, 2.246, 7.494], "texture": "#0"}
			}
		},
		{
			"name": "Voxels-000000",
			"from": [13.5, 8, 7.75],
			"to": [14, 8.75, 8.25],
			"faces": {
				"north": {"uv": [2, 7.25, 2.246, 7.494], "texture": "#0"},
				"east": {"uv": [2, 7.25, 2.246, 7.494], "texture": "#0"},
				"south": {"uv": [2, 7.25, 2.246, 7.494], "texture": "#0"},
				"west": {"uv": [2, 7.25, 2.246, 7.494], "texture": "#0"},
				"up": {"uv": [2, 7.25, 2.246, 7.494], "texture": "#0"},
				"down": {"uv": [2, 7.25, 2.246, 7.494], "texture": "#0"}
			}
		},
		{
			"name": "Voxels-000000",
			"from": [14, 8, 7.75],
			"to": [14.25, 8.5, 8.25],
			"faces": {
				"north": {"uv": [2, 7.25, 2.246, 7.494], "texture": "#0"},
				"east": {"uv": [2, 7.25, 2.246, 7.494], "texture": "#0"},
				"south": {"uv": [2, 7.25, 2.246, 7.494], "texture": "#0"},
				"west": {"uv": [2, 7.25, 2.246, 7.494], "texture": "#0"},
				"up": {"uv": [2, 7.25, 2.246, 7.494], "texture": "#0"},
				"down": {"uv": [2, 7.25, 2.246, 7.494], "texture": "#0"}
			}
		},
		{
			"name": "Voxels-000000",
			"from": [18.25, 8, 7.75],
			"to": [19, 8.5, 8.25],
			"faces": {
				"north": {"uv": [2, 7.25, 2.246, 7.494], "texture": "#0"},
				"east": {"uv": [2, 7.25, 2.246, 7.494], "texture": "#0"},
				"south": {"uv": [2, 7.25, 2.246, 7.494], "texture": "#0"},
				"west": {"uv": [2, 7.25, 2.246, 7.494], "texture": "#0"},
				"up": {"uv": [2, 7.25, 2.246, 7.494], "texture": "#0"},
				"down": {"uv": [2, 7.25, 2.246, 7.494], "texture": "#0"}
			}
		},
		{
			"name": "Voxels-000000",
			"from": [-4.25, 8.25, 7.75],
			"to": [-4, 9, 8.25],
			"faces": {
				"north": {"uv": [2, 7.25, 2.246, 7.494], "texture": "#0"},
				"east": {"uv": [2, 7.25, 2.246, 7.494], "texture": "#0"},
				"south": {"uv": [2, 7.25, 2.246, 7.494], "texture": "#0"},
				"west": {"uv": [2, 7.25, 2.246, 7.494], "texture": "#0"},
				"up": {"uv": [2, 7.25, 2.246, 7.494], "texture": "#0"},
				"down": {"uv": [2, 7.25, 2.246, 7.494], "texture": "#0"}
			}
		},
		{
			"name": "Voxels-000000",
			"from": [0.25, 8.25, 7.75],
			"to": [0.75, 8.5, 8.25],
			"faces": {
				"north": {"uv": [2, 7.25, 2.246, 7.494], "texture": "#0"},
				"east": {"uv": [2, 7.25, 2.246, 7.494], "texture": "#0"},
				"south": {"uv": [2, 7.25, 2.246, 7.494], "texture": "#0"},
				"west": {"uv": [2, 7.25, 2.246, 7.494], "texture": "#0"},
				"up": {"uv": [2, 7.25, 2.246, 7.494], "texture": "#0"},
				"down": {"uv": [2, 7.25, 2.246, 7.494], "texture": "#0"}
			}
		},
		{
			"name": "Voxels-000000",
			"from": [1.5, 8.25, 7.75],
			"to": [1.75, 9, 8.25],
			"faces": {
				"north": {"uv": [2, 7.25, 2.246, 7.494], "texture": "#0"},
				"east": {"uv": [2, 7.25, 2.246, 7.494], "texture": "#0"},
				"south": {"uv": [2, 7.25, 2.246, 7.494], "texture": "#0"},
				"west": {"uv": [2, 7.25, 2.246, 7.494], "texture": "#0"},
				"up": {"uv": [2, 7.25, 2.246, 7.494], "texture": "#0"},
				"down": {"uv": [2, 7.25, 2.246, 7.494], "texture": "#0"}
			}
		},
		{
			"name": "Voxels-000000",
			"from": [13.25, 8.25, 7.75],
			"to": [13.5, 9, 8.25],
			"faces": {
				"north": {"uv": [2, 7.25, 2.246, 7.494], "texture": "#0"},
				"east": {"uv": [2, 7.25, 2.246, 7.494], "texture": "#0"},
				"south": {"uv": [2, 7.25, 2.246, 7.494], "texture": "#0"},
				"west": {"uv": [2, 7.25, 2.246, 7.494], "texture": "#0"},
				"up": {"uv": [2, 7.25, 2.246, 7.494], "texture": "#0"},
				"down": {"uv": [2, 7.25, 2.246, 7.494], "texture": "#0"}
			}
		},
		{
			"name": "Voxels-000000",
			"from": [17.75, 8.25, 7.75],
			"to": [18.25, 8.5, 8.25],
			"faces": {
				"north": {"uv": [2, 7.25, 2.246, 7.494], "texture": "#0"},
				"east": {"uv": [2, 7.25, 2.246, 7.494], "texture": "#0"},
				"south": {"uv": [2, 7.25, 2.246, 7.494], "texture": "#0"},
				"west": {"uv": [2, 7.25, 2.246, 7.494], "texture": "#0"},
				"up": {"uv": [2, 7.25, 2.246, 7.494], "texture": "#0"},
				"down": {"uv": [2, 7.25, 2.246, 7.494], "texture": "#0"}
			}
		},
		{
			"name": "Voxels-000000",
			"from": [19, 8.25, 7.75],
			"to": [19.25, 9, 8.25],
			"faces": {
				"north": {"uv": [2, 7.25, 2.246, 7.494], "texture": "#0"},
				"east": {"uv": [2, 7.25, 2.246, 7.494], "texture": "#0"},
				"south": {"uv": [2, 7.25, 2.246, 7.494], "texture": "#0"},
				"west": {"uv": [2, 7.25, 2.246, 7.494], "texture": "#0"},
				"up": {"uv": [2, 7.25, 2.246, 7.494], "texture": "#0"},
				"down": {"uv": [2, 7.25, 2.246, 7.494], "texture": "#0"}
			}
		},
		{
			"name": "Voxels-000000",
			"from": [-4.75, 8.5, 7.75],
			"to": [-4.5, 9.5, 8.25],
			"faces": {
				"north": {"uv": [2, 7.25, 2.246, 7.494], "texture": "#0"},
				"east": {"uv": [2, 7.25, 2.246, 7.494], "texture": "#0"},
				"south": {"uv": [2, 7.25, 2.246, 7.494], "texture": "#0"},
				"west": {"uv": [2, 7.25, 2.246, 7.494], "texture": "#0"},
				"up": {"uv": [2, 7.25, 2.246, 7.494], "texture": "#0"},
				"down": {"uv": [2, 7.25, 2.246, 7.494], "texture": "#0"}
			}
		},
		{
			"name": "Voxels-000000",
			"from": [-4.5, 8.5, 7.75],
			"to": [-4.25, 9.25, 8.25],
			"faces": {
				"north": {"uv": [2, 7.25, 2.246, 7.494], "texture": "#0"},
				"east": {"uv": [2, 7.25, 2.246, 7.494], "texture": "#0"},
				"south": {"uv": [2, 7.25, 2.246, 7.494], "texture": "#0"},
				"west": {"uv": [2, 7.25, 2.246, 7.494], "texture": "#0"},
				"up": {"uv": [2, 7.25, 2.246, 7.494], "texture": "#0"},
				"down": {"uv": [2, 7.25, 2.246, 7.494], "texture": "#0"}
			}
		},
		{
			"name": "Voxels-000000",
			"from": [1, 8.5, 7.75],
			"to": [1.5, 8.75, 8.25],
			"faces": {
				"north": {"uv": [2, 7.25, 2.246, 7.494], "texture": "#0"},
				"east": {"uv": [2, 7.25, 2.246, 7.494], "texture": "#0"},
				"south": {"uv": [2, 7.25, 2.246, 7.494], "texture": "#0"},
				"west": {"uv": [2, 7.25, 2.246, 7.494], "texture": "#0"},
				"up": {"uv": [2, 7.25, 2.246, 7.494], "texture": "#0"},
				"down": {"uv": [2, 7.25, 2.246, 7.494], "texture": "#0"}
			}
		},
		{
			"name": "Voxels-000000",
			"from": [1.75, 8.5, 7.75],
			"to": [2.25, 9.25, 8.25],
			"faces": {
				"north": {"uv": [2, 7.25, 2.246, 7.494], "texture": "#0"},
				"east": {"uv": [2, 7.25, 2.246, 7.494], "texture": "#0"},
				"south": {"uv": [2, 7.25, 2.246, 7.494], "texture": "#0"},
				"west": {"uv": [2, 7.25, 2.246, 7.494], "texture": "#0"},
				"up": {"uv": [2, 7.25, 2.246, 7.494], "texture": "#0"},
				"down": {"uv": [2, 7.25, 2.246, 7.494], "texture": "#0"}
			}
		},
		{
			"name": "Voxels-000000",
			"from": [12.75, 8.5, 7.75],
			"to": [13, 9.5, 8.25],
			"faces": {
				"north": {"uv": [2, 7.25, 2.246, 7.494], "texture": "#0"},
				"east": {"uv": [2, 7.25, 2.246, 7.494], "texture": "#0"},
				"south": {"uv": [2, 7.25, 2.246, 7.494], "texture": "#0"},
				"west": {"uv": [2, 7.25, 2.246, 7.494], "texture": "#0"},
				"up": {"uv": [2, 7.25, 2.246, 7.494], "texture": "#0"},
				"down": {"uv": [2, 7.25, 2.246, 7.494], "texture": "#0"}
			}
		},
		{
			"name": "Voxels-000000",
			"from": [13, 8.5, 7.75],
			"to": [13.25, 9.25, 8.25],
			"faces": {
				"north": {"uv": [2, 7.25, 2.246, 7.494], "texture": "#0"},
				"east": {"uv": [2, 7.25, 2.246, 7.494], "texture": "#0"},
				"south": {"uv": [2, 7.25, 2.246, 7.494], "texture": "#0"},
				"west": {"uv": [2, 7.25, 2.246, 7.494], "texture": "#0"},
				"up": {"uv": [2, 7.25, 2.246, 7.494], "texture": "#0"},
				"down": {"uv": [2, 7.25, 2.246, 7.494], "texture": "#0"}
			}
		},
		{
			"name": "Voxels-000000",
			"from": [18.5, 8.5, 7.75],
			"to": [19, 8.75, 8.25],
			"faces": {
				"north": {"uv": [2, 7.25, 2.246, 7.494], "texture": "#0"},
				"east": {"uv": [2, 7.25, 2.246, 7.494], "texture": "#0"},
				"south": {"uv": [2, 7.25, 2.246, 7.494], "texture": "#0"},
				"west": {"uv": [2, 7.25, 2.246, 7.494], "texture": "#0"},
				"up": {"uv": [2, 7.25, 2.246, 7.494], "texture": "#0"},
				"down": {"uv": [2, 7.25, 2.246, 7.494], "texture": "#0"}
			}
		},
		{
			"name": "Voxels-000000",
			"from": [19.25, 8.5, 7.75],
			"to": [19.75, 9.25, 8.25],
			"faces": {
				"north": {"uv": [2, 7.25, 2.246, 7.494], "texture": "#0"},
				"east": {"uv": [2, 7.25, 2.246, 7.494], "texture": "#0"},
				"south": {"uv": [2, 7.25, 2.246, 7.494], "texture": "#0"},
				"west": {"uv": [2, 7.25, 2.246, 7.494], "texture": "#0"},
				"up": {"uv": [2, 7.25, 2.246, 7.494], "texture": "#0"},
				"down": {"uv": [2, 7.25, 2.246, 7.494], "texture": "#0"}
			}
		},
		{
			"name": "Voxels-000000",
			"from": [-5, 8.75, 7.75],
			"to": [-4.75, 9.5, 8.25],
			"faces": {
				"north": {"uv": [2, 7.25, 2.246, 7.494], "texture": "#0"},
				"east": {"uv": [2, 7.25, 2.246, 7.494], "texture": "#0"},
				"south": {"uv": [2, 7.25, 2.246, 7.494], "texture": "#0"},
				"west": {"uv": [2, 7.25, 2.246, 7.494], "texture": "#0"},
				"up": {"uv": [2, 7.25, 2.246, 7.494], "texture": "#0"},
				"down": {"uv": [2, 7.25, 2.246, 7.494], "texture": "#0"}
			}
		},
		{
			"name": "Voxels-000000",
			"from": [2.25, 8.75, 7.75],
			"to": [2.5, 9.5, 8.25],
			"faces": {
				"north": {"uv": [2, 7.25, 2.246, 7.494], "texture": "#0"},
				"east": {"uv": [2, 7.25, 2.246, 7.494], "texture": "#0"},
				"south": {"uv": [2, 7.25, 2.246, 7.494], "texture": "#0"},
				"west": {"uv": [2, 7.25, 2.246, 7.494], "texture": "#0"},
				"up": {"uv": [2, 7.25, 2.246, 7.494], "texture": "#0"},
				"down": {"uv": [2, 7.25, 2.246, 7.494], "texture": "#0"}
			}
		},
		{
			"name": "Voxels-000000",
			"from": [12.5, 8.75, 7.75],
			"to": [12.75, 9.5, 8.25],
			"faces": {
				"north": {"uv": [2, 7.25, 2.246, 7.494], "texture": "#0"},
				"east": {"uv": [2, 7.25, 2.246, 7.494], "texture": "#0"},
				"south": {"uv": [2, 7.25, 2.246, 7.494], "texture": "#0"},
				"west": {"uv": [2, 7.25, 2.246, 7.494], "texture": "#0"},
				"up": {"uv": [2, 7.25, 2.246, 7.494], "texture": "#0"},
				"down": {"uv": [2, 7.25, 2.246, 7.494], "texture": "#0"}
			}
		},
		{
			"name": "Voxels-000000",
			"from": [19.75, 8.75, 7.75],
			"to": [20, 9.5, 8.25],
			"faces": {
				"north": {"uv": [2, 7.25, 2.246, 7.494], "texture": "#0"},
				"east": {"uv": [2, 7.25, 2.246, 7.494], "texture": "#0"},
				"south": {"uv": [2, 7.25, 2.246, 7.494], "texture": "#0"},
				"west": {"uv": [2, 7.25, 2.246, 7.494], "texture": "#0"},
				"up": {"uv": [2, 7.25, 2.246, 7.494], "texture": "#0"},
				"down": {"uv": [2, 7.25, 2.246, 7.494], "texture": "#0"}
			}
		},
		{
			"name": "Voxels-000000",
			"from": [-5.25, 9, 7.75],
			"to": [-5, 10, 8.25],
			"faces": {
				"north": {"uv": [2, 7.25, 2.246, 7.494], "texture": "#0"},
				"east": {"uv": [2, 7.25, 2.246, 7.494], "texture": "#0"},
				"south": {"uv": [2, 7.25, 2.246, 7.494], "texture": "#0"},
				"west": {"uv": [2, 7.25, 2.246, 7.494], "texture": "#0"},
				"up": {"uv": [2, 7.25, 2.246, 7.494], "texture": "#0"},
				"down": {"uv": [2, 7.25, 2.246, 7.494], "texture": "#0"}
			}
		},
		{
			"name": "Voxels-000000",
			"from": [2.5, 9, 7.75],
			"to": [2.75, 10, 8.25],
			"faces": {
				"north": {"uv": [2, 7.25, 2.246, 7.494], "texture": "#0"},
				"east": {"uv": [2, 7.25, 2.246, 7.494], "texture": "#0"},
				"south": {"uv": [2, 7.25, 2.246, 7.494], "texture": "#0"},
				"west": {"uv": [2, 7.25, 2.246, 7.494], "texture": "#0"},
				"up": {"uv": [2, 7.25, 2.246, 7.494], "texture": "#0"},
				"down": {"uv": [2, 7.25, 2.246, 7.494], "texture": "#0"}
			}
		},
		{
			"name": "Voxels-000000",
			"from": [12.25, 9, 7.75],
			"to": [12.5, 10, 8.25],
			"faces": {
				"north": {"uv": [2, 7.25, 2.246, 7.494], "texture": "#0"},
				"east": {"uv": [2, 7.25, 2.246, 7.494], "texture": "#0"},
				"south": {"uv": [2, 7.25, 2.246, 7.494], "texture": "#0"},
				"west": {"uv": [2, 7.25, 2.246, 7.494], "texture": "#0"},
				"up": {"uv": [2, 7.25, 2.246, 7.494], "texture": "#0"},
				"down": {"uv": [2, 7.25, 2.246, 7.494], "texture": "#0"}
			}
		},
		{
			"name": "Voxels-000000",
			"from": [20, 9, 7.75],
			"to": [20.25, 10, 8.25],
			"faces": {
				"north": {"uv": [2, 7.25, 2.246, 7.494], "texture": "#0"},
				"east": {"uv": [2, 7.25, 2.246, 7.494], "texture": "#0"},
				"south": {"uv": [2, 7.25, 2.246, 7.494], "texture": "#0"},
				"west": {"uv": [2, 7.25, 2.246, 7.494], "texture": "#0"},
				"up": {"uv": [2, 7.25, 2.246, 7.494], "texture": "#0"},
				"down": {"uv": [2, 7.25, 2.246, 7.494], "texture": "#0"}
			}
		},
		{
			"name": "Voxels-000000",
			"from": [-5.5, 9.25, 7.75],
			"to": [-5.25, 10.25, 8.25],
			"faces": {
				"north": {"uv": [2, 7.25, 2.246, 7.494], "texture": "#0"},
				"east": {"uv": [2, 7.25, 2.246, 7.494], "texture": "#0"},
				"south": {"uv": [2, 7.25, 2.246, 7.494], "texture": "#0"},
				"west": {"uv": [2, 7.25, 2.246, 7.494], "texture": "#0"},
				"up": {"uv": [2, 7.25, 2.246, 7.494], "texture": "#0"},
				"down": {"uv": [2, 7.25, 2.246, 7.494], "texture": "#0"}
			}
		},
		{
			"name": "Voxels-000000",
			"from": [2, 9.25, 7.75],
			"to": [2.25, 9.5, 8.25],
			"faces": {
				"north": {"uv": [2, 7.25, 2.246, 7.494], "texture": "#0"},
				"east": {"uv": [2, 7.25, 2.246, 7.494], "texture": "#0"},
				"south": {"uv": [2, 7.25, 2.246, 7.494], "texture": "#0"},
				"west": {"uv": [2, 7.25, 2.246, 7.494], "texture": "#0"},
				"up": {"uv": [2, 7.25, 2.246, 7.494], "texture": "#0"},
				"down": {"uv": [2, 7.25, 2.246, 7.494], "texture": "#0"}
			}
		},
		{
			"name": "Voxels-000000",
			"from": [2.75, 9.25, 7.75],
			"to": [3, 10.25, 8.25],
			"faces": {
				"north": {"uv": [2, 7.25, 2.246, 7.494], "texture": "#0"},
				"east": {"uv": [2, 7.25, 2.246, 7.494], "texture": "#0"},
				"south": {"uv": [2, 7.25, 2.246, 7.494], "texture": "#0"},
				"west": {"uv": [2, 7.25, 2.246, 7.494], "texture": "#0"},
				"up": {"uv": [2, 7.25, 2.246, 7.494], "texture": "#0"},
				"down": {"uv": [2, 7.25, 2.246, 7.494], "texture": "#0"}
			}
		},
		{
			"name": "Voxels-000000",
			"from": [12, 9.25, 7.75],
			"to": [12.25, 10.25, 8.25],
			"faces": {
				"north": {"uv": [2, 7.25, 2.246, 7.494], "texture": "#0"},
				"east": {"uv": [2, 7.25, 2.246, 7.494], "texture": "#0"},
				"south": {"uv": [2, 7.25, 2.246, 7.494], "texture": "#0"},
				"west": {"uv": [2, 7.25, 2.246, 7.494], "texture": "#0"},
				"up": {"uv": [2, 7.25, 2.246, 7.494], "texture": "#0"},
				"down": {"uv": [2, 7.25, 2.246, 7.494], "texture": "#0"}
			}
		},
		{
			"name": "Voxels-000000",
			"from": [19.5, 9.25, 7.75],
			"to": [19.75, 9.5, 8.25],
			"faces": {
				"north": {"uv": [2, 7.25, 2.246, 7.494], "texture": "#0"},
				"east": {"uv": [2, 7.25, 2.246, 7.494], "texture": "#0"},
				"south": {"uv": [2, 7.25, 2.246, 7.494], "texture": "#0"},
				"west": {"uv": [2, 7.25, 2.246, 7.494], "texture": "#0"},
				"up": {"uv": [2, 7.25, 2.246, 7.494], "texture": "#0"},
				"down": {"uv": [2, 7.25, 2.246, 7.494], "texture": "#0"}
			}
		},
		{
			"name": "Voxels-000000",
			"from": [20.25, 9.25, 7.75],
			"to": [20.5, 10.25, 8.25],
			"faces": {
				"north": {"uv": [2, 7.25, 2.246, 7.494], "texture": "#0"},
				"east": {"uv": [2, 7.25, 2.246, 7.494], "texture": "#0"},
				"south": {"uv": [2, 7.25, 2.246, 7.494], "texture": "#0"},
				"west": {"uv": [2, 7.25, 2.246, 7.494], "texture": "#0"},
				"up": {"uv": [2, 7.25, 2.246, 7.494], "texture": "#0"},
				"down": {"uv": [2, 7.25, 2.246, 7.494], "texture": "#0"}
			}
		},
		{
			"name": "Voxels-000000",
			"from": [-5.75, 9.5, 7.75],
			"to": [-5.5, 10.5, 8.25],
			"faces": {
				"north": {"uv": [2, 7.25, 2.246, 7.494], "texture": "#0"},
				"east": {"uv": [2, 7.25, 2.246, 7.494], "texture": "#0"},
				"south": {"uv": [2, 7.25, 2.246, 7.494], "texture": "#0"},
				"west": {"uv": [2, 7.25, 2.246, 7.494], "texture": "#0"},
				"up": {"uv": [2, 7.25, 2.246, 7.494], "texture": "#0"},
				"down": {"uv": [2, 7.25, 2.246, 7.494], "texture": "#0"}
			}
		},
		{
			"name": "Voxels-000000",
			"from": [3, 9.5, 7.75],
			"to": [3.25, 10.5, 8.25],
			"faces": {
				"north": {"uv": [2, 7.25, 2.246, 7.494], "texture": "#0"},
				"east": {"uv": [2, 7.25, 2.246, 7.494], "texture": "#0"},
				"south": {"uv": [2, 7.25, 2.246, 7.494], "texture": "#0"},
				"west": {"uv": [2, 7.25, 2.246, 7.494], "texture": "#0"},
				"up": {"uv": [2, 7.25, 2.246, 7.494], "texture": "#0"},
				"down": {"uv": [2, 7.25, 2.246, 7.494], "texture": "#0"}
			}
		},
		{
			"name": "Voxels-000000",
			"from": [11.75, 9.5, 7.75],
			"to": [12, 10.5, 8.25],
			"faces": {
				"north": {"uv": [2, 7.25, 2.246, 7.494], "texture": "#0"},
				"east": {"uv": [2, 7.25, 2.246, 7.494], "texture": "#0"},
				"south": {"uv": [2, 7.25, 2.246, 7.494], "texture": "#0"},
				"west": {"uv": [2, 7.25, 2.246, 7.494], "texture": "#0"},
				"up": {"uv": [2, 7.25, 2.246, 7.494], "texture": "#0"},
				"down": {"uv": [2, 7.25, 2.246, 7.494], "texture": "#0"}
			}
		},
		{
			"name": "Voxels-000000",
			"from": [20.5, 9.5, 7.75],
			"to": [20.75, 10.5, 8.25],
			"faces": {
				"north": {"uv": [2, 7.25, 2.246, 7.494], "texture": "#0"},
				"east": {"uv": [2, 7.25, 2.246, 7.494], "texture": "#0"},
				"south": {"uv": [2, 7.25, 2.246, 7.494], "texture": "#0"},
				"west": {"uv": [2, 7.25, 2.246, 7.494], "texture": "#0"},
				"up": {"uv": [2, 7.25, 2.246, 7.494], "texture": "#0"},
				"down": {"uv": [2, 7.25, 2.246, 7.494], "texture": "#0"}
			}
		},
		{
			"name": "Voxels-000000",
			"from": [-6, 9.75, 7.75],
			"to": [-5.75, 11, 8.25],
			"faces": {
				"north": {"uv": [2, 7.25, 2.246, 7.494], "texture": "#0"},
				"east": {"uv": [2, 7.25, 2.246, 7.494], "texture": "#0"},
				"south": {"uv": [2, 7.25, 2.246, 7.494], "texture": "#0"},
				"west": {"uv": [2, 7.25, 2.246, 7.494], "texture": "#0"},
				"up": {"uv": [2, 7.25, 2.246, 7.494], "texture": "#0"},
				"down": {"uv": [2, 7.25, 2.246, 7.494], "texture": "#0"}
			}
		},
		{
			"name": "Voxels-000000",
			"from": [3.25, 9.75, 7.75],
			"to": [3.5, 11, 8.25],
			"faces": {
				"north": {"uv": [2, 7.25, 2.246, 7.494], "texture": "#0"},
				"east": {"uv": [2, 7.25, 2.246, 7.494], "texture": "#0"},
				"south": {"uv": [2, 7.25, 2.246, 7.494], "texture": "#0"},
				"west": {"uv": [2, 7.25, 2.246, 7.494], "texture": "#0"},
				"up": {"uv": [2, 7.25, 2.246, 7.494], "texture": "#0"},
				"down": {"uv": [2, 7.25, 2.246, 7.494], "texture": "#0"}
			}
		},
		{
			"name": "Voxels-000000",
			"from": [11.5, 9.75, 7.75],
			"to": [11.75, 11, 8.25],
			"faces": {
				"north": {"uv": [2, 7.25, 2.246, 7.494], "texture": "#0"},
				"east": {"uv": [2, 7.25, 2.246, 7.494], "texture": "#0"},
				"south": {"uv": [2, 7.25, 2.246, 7.494], "texture": "#0"},
				"west": {"uv": [2, 7.25, 2.246, 7.494], "texture": "#0"},
				"up": {"uv": [2, 7.25, 2.246, 7.494], "texture": "#0"},
				"down": {"uv": [2, 7.25, 2.246, 7.494], "texture": "#0"}
			}
		},
		{
			"name": "Voxels-000000",
			"from": [20.75, 9.75, 7.75],
			"to": [21, 11, 8.25],
			"faces": {
				"north": {"uv": [2, 7.25, 2.246, 7.494], "texture": "#0"},
				"east": {"uv": [2, 7.25, 2.246, 7.494], "texture": "#0"},
				"south": {"uv": [2, 7.25, 2.246, 7.494], "texture": "#0"},
				"west": {"uv": [2, 7.25, 2.246, 7.494], "texture": "#0"},
				"up": {"uv": [2, 7.25, 2.246, 7.494], "texture": "#0"},
				"down": {"uv": [2, 7.25, 2.246, 7.494], "texture": "#0"}
			}
		},
		{
			"name": "Voxels-000000",
			"from": [-6.25, 10.25, 7.75],
			"to": [-6, 11.75, 8.25],
			"faces": {
				"north": {"uv": [2, 7.25, 2.246, 7.494], "texture": "#0"},
				"east": {"uv": [2, 7.25, 2.246, 7.494], "texture": "#0"},
				"south": {"uv": [2, 7.25, 2.246, 7.494], "texture": "#0"},
				"west": {"uv": [2, 7.25, 2.246, 7.494], "texture": "#0"},
				"up": {"uv": [2, 7.25, 2.246, 7.494], "texture": "#0"},
				"down": {"uv": [2, 7.25, 2.246, 7.494], "texture": "#0"}
			}
		},
		{
			"name": "Voxels-000000",
			"from": [3.5, 10.25, 7.75],
			"to": [3.75, 11.75, 8.25],
			"faces": {
				"north": {"uv": [2, 7.25, 2.246, 7.494], "texture": "#0"},
				"east": {"uv": [2, 7.25, 2.246, 7.494], "texture": "#0"},
				"south": {"uv": [2, 7.25, 2.246, 7.494], "texture": "#0"},
				"west": {"uv": [2, 7.25, 2.246, 7.494], "texture": "#0"},
				"up": {"uv": [2, 7.25, 2.246, 7.494], "texture": "#0"},
				"down": {"uv": [2, 7.25, 2.246, 7.494], "texture": "#0"}
			}
		},
		{
			"name": "Voxels-000000",
			"from": [11.25, 10.25, 7.75],
			"to": [11.5, 11.75, 8.25],
			"faces": {
				"north": {"uv": [2, 7.25, 2.246, 7.494], "texture": "#0"},
				"east": {"uv": [2, 7.25, 2.246, 7.494], "texture": "#0"},
				"south": {"uv": [2, 7.25, 2.246, 7.494], "texture": "#0"},
				"west": {"uv": [2, 7.25, 2.246, 7.494], "texture": "#0"},
				"up": {"uv": [2, 7.25, 2.246, 7.494], "texture": "#0"},
				"down": {"uv": [2, 7.25, 2.246, 7.494], "texture": "#0"}
			}
		},
		{
			"name": "Voxels-000000",
			"from": [21, 10.25, 7.75],
			"to": [21.25, 11.75, 8.25],
			"faces": {
				"north": {"uv": [2, 7.25, 2.246, 7.494], "texture": "#0"},
				"east": {"uv": [2, 7.25, 2.246, 7.494], "texture": "#0"},
				"south": {"uv": [2, 7.25, 2.246, 7.494], "texture": "#0"},
				"west": {"uv": [2, 7.25, 2.246, 7.494], "texture": "#0"},
				"up": {"uv": [2, 7.25, 2.246, 7.494], "texture": "#0"},
				"down": {"uv": [2, 7.25, 2.246, 7.494], "texture": "#0"}
			}
		},
		{
			"name": "Voxels-000000",
			"from": [-6.5, 10.5, 7.75],
			"to": [-6.25, 16, 8.25],
			"faces": {
				"north": {"uv": [2, 7.25, 2.246, 7.494], "texture": "#0"},
				"east": {"uv": [2, 7.25, 2.246, 7.494], "texture": "#0"},
				"south": {"uv": [2, 7.25, 2.246, 7.494], "texture": "#0"},
				"west": {"uv": [2, 7.25, 2.246, 7.494], "texture": "#0"},
				"up": {"uv": [2, 7.25, 2.246, 7.494], "texture": "#0"},
				"down": {"uv": [2, 7.25, 2.246, 7.494], "texture": "#0"}
			}
		},
		{
			"name": "Voxels-000000",
			"from": [3.75, 10.5, 7.75],
			"to": [4, 12.75, 8.25],
			"faces": {
				"north": {"uv": [2, 7.25, 2.246, 7.494], "texture": "#0"},
				"east": {"uv": [2, 7.25, 2.246, 7.494], "texture": "#0"},
				"south": {"uv": [2, 7.25, 2.246, 7.494], "texture": "#0"},
				"west": {"uv": [2, 7.25, 2.246, 7.494], "texture": "#0"},
				"up": {"uv": [2, 7.25, 2.246, 7.494], "texture": "#0"},
				"down": {"uv": [2, 7.25, 2.246, 7.494], "texture": "#0"}
			}
		},
		{
			"name": "Voxels-000000",
			"from": [11, 10.5, 7.75],
			"to": [11.25, 12.75, 8.25],
			"faces": {
				"north": {"uv": [2, 7.25, 2.246, 7.494], "texture": "#0"},
				"east": {"uv": [2, 7.25, 2.246, 7.494], "texture": "#0"},
				"south": {"uv": [2, 7.25, 2.246, 7.494], "texture": "#0"},
				"west": {"uv": [2, 7.25, 2.246, 7.494], "texture": "#0"},
				"up": {"uv": [2, 7.25, 2.246, 7.494], "texture": "#0"},
				"down": {"uv": [2, 7.25, 2.246, 7.494], "texture": "#0"}
			}
		},
		{
			"name": "Voxels-000000",
			"from": [21.25, 10.5, 7.75],
			"to": [21.5, 16, 8.25],
			"faces": {
				"north": {"uv": [2, 7.25, 2.246, 7.494], "texture": "#0"},
				"east": {"uv": [2, 7.25, 2.246, 7.494], "texture": "#0"},
				"south": {"uv": [2, 7.25, 2.246, 7.494], "texture": "#0"},
				"west": {"uv": [2, 7.25, 2.246, 7.494], "texture": "#0"},
				"up": {"uv": [2, 7.25, 2.246, 7.494], "texture": "#0"},
				"down": {"uv": [2, 7.25, 2.246, 7.494], "texture": "#0"}
			}
		},
		{
			"name": "Voxels-000000",
			"from": [-6.75, 11.25, 7.75],
			"to": [-6.5, 15.25, 8.25],
			"faces": {
				"north": {"uv": [2, 7.25, 2.246, 7.494], "texture": "#0"},
				"east": {"uv": [2, 7.25, 2.246, 7.494], "texture": "#0"},
				"south": {"uv": [2, 7.25, 2.246, 7.494], "texture": "#0"},
				"west": {"uv": [2, 7.25, 2.246, 7.494], "texture": "#0"},
				"up": {"uv": [2, 7.25, 2.246, 7.494], "texture": "#0"},
				"down": {"uv": [2, 7.25, 2.246, 7.494], "texture": "#0"}
			}
		},
		{
			"name": "Voxels-000000",
			"from": [4, 11.25, 7.75],
			"to": [4.25, 12.75, 8.25],
			"faces": {
				"north": {"uv": [2, 7.25, 2.246, 7.494], "texture": "#0"},
				"east": {"uv": [2, 7.25, 2.246, 7.494], "texture": "#0"},
				"south": {"uv": [2, 7.25, 2.246, 7.494], "texture": "#0"},
				"west": {"uv": [2, 7.25, 2.246, 7.494], "texture": "#0"},
				"up": {"uv": [2, 7.25, 2.246, 7.494], "texture": "#0"},
				"down": {"uv": [2, 7.25, 2.246, 7.494], "texture": "#0"}
			}
		},
		{
			"name": "Voxels-000000",
			"from": [10.75, 11.25, 7.75],
			"to": [11, 12.75, 8.25],
			"faces": {
				"north": {"uv": [2, 7.25, 2.246, 7.494], "texture": "#0"},
				"east": {"uv": [2, 7.25, 2.246, 7.494], "texture": "#0"},
				"south": {"uv": [2, 7.25, 2.246, 7.494], "texture": "#0"},
				"west": {"uv": [2, 7.25, 2.246, 7.494], "texture": "#0"},
				"up": {"uv": [2, 7.25, 2.246, 7.494], "texture": "#0"},
				"down": {"uv": [2, 7.25, 2.246, 7.494], "texture": "#0"}
			}
		},
		{
			"name": "Voxels-000000",
			"from": [21.5, 11.25, 7.75],
			"to": [21.75, 15.25, 8.25],
			"faces": {
				"north": {"uv": [2, 7.25, 2.246, 7.494], "texture": "#0"},
				"east": {"uv": [2, 7.25, 2.246, 7.494], "texture": "#0"},
				"south": {"uv": [2, 7.25, 2.246, 7.494], "texture": "#0"},
				"west": {"uv": [2, 7.25, 2.246, 7.494], "texture": "#0"},
				"up": {"uv": [2, 7.25, 2.246, 7.494], "texture": "#0"},
				"down": {"uv": [2, 7.25, 2.246, 7.494], "texture": "#0"}
			}
		},
		{
			"name": "Voxels-000000",
			"from": [-7, 12, 7.75],
			"to": [-6.75, 14.5, 8.25],
			"faces": {
				"north": {"uv": [2, 7.25, 2.246, 7.494], "texture": "#0"},
				"east": {"uv": [2, 7.25, 2.246, 7.494], "texture": "#0"},
				"south": {"uv": [2, 7.25, 2.246, 7.494], "texture": "#0"},
				"west": {"uv": [2, 7.25, 2.246, 7.494], "texture": "#0"},
				"up": {"uv": [2, 7.25, 2.246, 7.494], "texture": "#0"},
				"down": {"uv": [2, 7.25, 2.246, 7.494], "texture": "#0"}
			}
		},
		{
			"name": "Voxels-000000",
			"from": [4.25, 12, 7.75],
			"to": [4.5, 12.75, 8.25],
			"faces": {
				"north": {"uv": [2, 7.25, 2.246, 7.494], "texture": "#0"},
				"east": {"uv": [2, 7.25, 2.246, 7.494], "texture": "#0"},
				"south": {"uv": [2, 7.25, 2.246, 7.494], "texture": "#0"},
				"west": {"uv": [2, 7.25, 2.246, 7.494], "texture": "#0"},
				"up": {"uv": [2, 7.25, 2.246, 7.494], "texture": "#0"},
				"down": {"uv": [2, 7.25, 2.246, 7.494], "texture": "#0"}
			}
		},
		{
			"name": "Voxels-000000",
			"from": [10.5, 12, 7.75],
			"to": [10.75, 14.5, 8.25],
			"faces": {
				"north": {"uv": [2, 7.25, 2.246, 7.494], "texture": "#0"},
				"east": {"uv": [2, 7.25, 2.246, 7.494], "texture": "#0"},
				"south": {"uv": [2, 7.25, 2.246, 7.494], "texture": "#0"},
				"west": {"uv": [2, 7.25, 2.246, 7.494], "texture": "#0"},
				"up": {"uv": [2, 7.25, 2.246, 7.494], "texture": "#0"},
				"down": {"uv": [2, 7.25, 2.246, 7.494], "texture": "#0"}
			}
		},
		{
			"name": "Voxels-000000",
			"from": [21.75, 12, 7.75],
			"to": [22, 14.5, 8.25],
			"faces": {
				"north": {"uv": [2, 7.25, 2.246, 7.494], "texture": "#0"},
				"east": {"uv": [2, 7.25, 2.246, 7.494], "texture": "#0"},
				"south": {"uv": [2, 7.25, 2.246, 7.494], "texture": "#0"},
				"west": {"uv": [2, 7.25, 2.246, 7.494], "texture": "#0"},
				"up": {"uv": [2, 7.25, 2.246, 7.494], "texture": "#0"},
				"down": {"uv": [2, 7.25, 2.246, 7.494], "texture": "#0"}
			}
		},
		{
			"name": "Voxels-000000",
			"from": [3.75, 13, 7.75],
			"to": [4.5, 13.5, 8.25],
			"faces": {
				"north": {"uv": [2, 7.25, 2.246, 7.494], "texture": "#0"},
				"east": {"uv": [2, 7.25, 2.246, 7.494], "texture": "#0"},
				"south": {"uv": [2, 7.25, 2.246, 7.494], "texture": "#0"},
				"west": {"uv": [2, 7.25, 2.246, 7.494], "texture": "#0"},
				"up": {"uv": [2, 7.25, 2.246, 7.494], "texture": "#0"},
				"down": {"uv": [2, 7.25, 2.246, 7.494], "texture": "#0"}
			}
		},
		{
			"name": "Voxels-000000",
			"from": [10.75, 13, 7.75],
			"to": [11.25, 13.5, 8.25],
			"faces": {
				"north": {"uv": [2, 7.25, 2.246, 7.494], "texture": "#0"},
				"east": {"uv": [2, 7.25, 2.246, 7.494], "texture": "#0"},
				"south": {"uv": [2, 7.25, 2.246, 7.494], "texture": "#0"},
				"west": {"uv": [2, 7.25, 2.246, 7.494], "texture": "#0"},
				"up": {"uv": [2, 7.25, 2.246, 7.494], "texture": "#0"},
				"down": {"uv": [2, 7.25, 2.246, 7.494], "texture": "#0"}
			}
		},
		{
			"name": "Voxels-000000",
			"from": [3.75, 13.75, 7.75],
			"to": [4, 16, 8.25],
			"faces": {
				"north": {"uv": [2, 7.25, 2.246, 7.494], "texture": "#0"},
				"east": {"uv": [2, 7.25, 2.246, 7.494], "texture": "#0"},
				"south": {"uv": [2, 7.25, 2.246, 7.494], "texture": "#0"},
				"west": {"uv": [2, 7.25, 2.246, 7.494], "texture": "#0"},
				"up": {"uv": [2, 7.25, 2.246, 7.494], "texture": "#0"},
				"down": {"uv": [2, 7.25, 2.246, 7.494], "texture": "#0"}
			}
		},
		{
			"name": "Voxels-000000",
			"from": [4, 13.75, 7.75],
			"to": [4.25, 15.25, 8.25],
			"faces": {
				"north": {"uv": [2, 7.25, 2.246, 7.494], "texture": "#0"},
				"east": {"uv": [2, 7.25, 2.246, 7.494], "texture": "#0"},
				"south": {"uv": [2, 7.25, 2.246, 7.494], "texture": "#0"},
				"west": {"uv": [2, 7.25, 2.246, 7.494], "texture": "#0"},
				"up": {"uv": [2, 7.25, 2.246, 7.494], "texture": "#0"},
				"down": {"uv": [2, 7.25, 2.246, 7.494], "texture": "#0"}
			}
		},
		{
			"name": "Voxels-000000",
			"from": [4.25, 13.75, 7.75],
			"to": [4.5, 14.5, 8.25],
			"faces": {
				"north": {"uv": [2, 7.25, 2.246, 7.494], "texture": "#0"},
				"east": {"uv": [2, 7.25, 2.246, 7.494], "texture": "#0"},
				"south": {"uv": [2, 7.25, 2.246, 7.494], "texture": "#0"},
				"west": {"uv": [2, 7.25, 2.246, 7.494], "texture": "#0"},
				"up": {"uv": [2, 7.25, 2.246, 7.494], "texture": "#0"},
				"down": {"uv": [2, 7.25, 2.246, 7.494], "texture": "#0"}
			}
		},
		{
			"name": "Voxels-000000",
			"from": [10.75, 13.75, 7.75],
			"to": [11.25, 15.25, 8.25],
			"faces": {
				"north": {"uv": [2, 7.25, 2.246, 7.494], "texture": "#0"},
				"east": {"uv": [2, 7.25, 2.246, 7.494], "texture": "#0"},
				"south": {"uv": [2, 7.25, 2.246, 7.494], "texture": "#0"},
				"west": {"uv": [2, 7.25, 2.246, 7.494], "texture": "#0"},
				"up": {"uv": [2, 7.25, 2.246, 7.494], "texture": "#0"},
				"down": {"uv": [2, 7.25, 2.246, 7.494], "texture": "#0"}
			}
		},
		{
			"name": "Voxels-000000",
			"from": [-6.25, 14.75, 7.75],
			"to": [-6, 16.25, 8.25],
			"faces": {
				"north": {"uv": [2, 7.25, 2.246, 7.494], "texture": "#0"},
				"east": {"uv": [2, 7.25, 2.246, 7.494], "texture": "#0"},
				"south": {"uv": [2, 7.25, 2.246, 7.494], "texture": "#0"},
				"west": {"uv": [2, 7.25, 2.246, 7.494], "texture": "#0"},
				"up": {"uv": [2, 7.25, 2.246, 7.494], "texture": "#0"},
				"down": {"uv": [2, 7.25, 2.246, 7.494], "texture": "#0"}
			}
		},
		{
			"name": "Voxels-000000",
			"from": [3.5, 14.75, 7.75],
			"to": [3.75, 16.25, 8.25],
			"faces": {
				"north": {"uv": [2, 7.25, 2.246, 7.494], "texture": "#0"},
				"east": {"uv": [2, 7.25, 2.246, 7.494], "texture": "#0"},
				"south": {"uv": [2, 7.25, 2.246, 7.494], "texture": "#0"},
				"west": {"uv": [2, 7.25, 2.246, 7.494], "texture": "#0"},
				"up": {"uv": [2, 7.25, 2.246, 7.494], "texture": "#0"},
				"down": {"uv": [2, 7.25, 2.246, 7.494], "texture": "#0"}
			}
		},
		{
			"name": "Voxels-000000",
			"from": [11.25, 14.75, 7.75],
			"to": [11.5, 16.25, 8.25],
			"faces": {
				"north": {"uv": [2, 7.25, 2.246, 7.494], "texture": "#0"},
				"east": {"uv": [2, 7.25, 2.246, 7.494], "texture": "#0"},
				"south": {"uv": [2, 7.25, 2.246, 7.494], "texture": "#0"},
				"west": {"uv": [2, 7.25, 2.246, 7.494], "texture": "#0"},
				"up": {"uv": [2, 7.25, 2.246, 7.494], "texture": "#0"},
				"down": {"uv": [2, 7.25, 2.246, 7.494], "texture": "#0"}
			}
		},
		{
			"name": "Voxels-000000",
			"from": [21, 14.75, 7.75],
			"to": [21.25, 16.25, 8.25],
			"faces": {
				"north": {"uv": [2, 7.25, 2.246, 7.494], "texture": "#0"},
				"east": {"uv": [2, 7.25, 2.246, 7.494], "texture": "#0"},
				"south": {"uv": [2, 7.25, 2.246, 7.494], "texture": "#0"},
				"west": {"uv": [2, 7.25, 2.246, 7.494], "texture": "#0"},
				"up": {"uv": [2, 7.25, 2.246, 7.494], "texture": "#0"},
				"down": {"uv": [2, 7.25, 2.246, 7.494], "texture": "#0"}
			}
		},
		{
			"name": "Voxels-000000",
			"from": [11, 15.25, 7.75],
			"to": [11.25, 16, 8.25],
			"faces": {
				"north": {"uv": [2, 7.25, 2.246, 7.494], "texture": "#0"},
				"east": {"uv": [2, 7.25, 2.246, 7.494], "texture": "#0"},
				"south": {"uv": [2, 7.25, 2.246, 7.494], "texture": "#0"},
				"west": {"uv": [2, 7.25, 2.246, 7.494], "texture": "#0"},
				"up": {"uv": [2, 7.25, 2.246, 7.494], "texture": "#0"},
				"down": {"uv": [2, 7.25, 2.246, 7.494], "texture": "#0"}
			}
		},
		{
			"name": "Voxels-000000",
			"from": [-6, 15.5, 7.75],
			"to": [-5.75, 16.75, 8.25],
			"faces": {
				"north": {"uv": [2, 7.25, 2.246, 7.494], "texture": "#0"},
				"east": {"uv": [2, 7.25, 2.246, 7.494], "texture": "#0"},
				"south": {"uv": [2, 7.25, 2.246, 7.494], "texture": "#0"},
				"west": {"uv": [2, 7.25, 2.246, 7.494], "texture": "#0"},
				"up": {"uv": [2, 7.25, 2.246, 7.494], "texture": "#0"},
				"down": {"uv": [2, 7.25, 2.246, 7.494], "texture": "#0"}
			}
		},
		{
			"name": "Voxels-000000",
			"from": [3.25, 15.5, 7.75],
			"to": [3.5, 16.75, 8.25],
			"faces": {
				"north": {"uv": [2, 7.25, 2.246, 7.494], "texture": "#0"},
				"east": {"uv": [2, 7.25, 2.246, 7.494], "texture": "#0"},
				"south": {"uv": [2, 7.25, 2.246, 7.494], "texture": "#0"},
				"west": {"uv": [2, 7.25, 2.246, 7.494], "texture": "#0"},
				"up": {"uv": [2, 7.25, 2.246, 7.494], "texture": "#0"},
				"down": {"uv": [2, 7.25, 2.246, 7.494], "texture": "#0"}
			}
		},
		{
			"name": "Voxels-000000",
			"from": [11.5, 15.5, 7.75],
			"to": [11.75, 16.75, 8.25],
			"faces": {
				"north": {"uv": [2, 7.25, 2.246, 7.494], "texture": "#0"},
				"east": {"uv": [2, 7.25, 2.246, 7.494], "texture": "#0"},
				"south": {"uv": [2, 7.25, 2.246, 7.494], "texture": "#0"},
				"west": {"uv": [2, 7.25, 2.246, 7.494], "texture": "#0"},
				"up": {"uv": [2, 7.25, 2.246, 7.494], "texture": "#0"},
				"down": {"uv": [2, 7.25, 2.246, 7.494], "texture": "#0"}
			}
		},
		{
			"name": "Voxels-000000",
			"from": [20.75, 15.5, 7.75],
			"to": [21, 16.75, 8.25],
			"faces": {
				"north": {"uv": [2, 7.25, 2.246, 7.494], "texture": "#0"},
				"east": {"uv": [2, 7.25, 2.246, 7.494], "texture": "#0"},
				"south": {"uv": [2, 7.25, 2.246, 7.494], "texture": "#0"},
				"west": {"uv": [2, 7.25, 2.246, 7.494], "texture": "#0"},
				"up": {"uv": [2, 7.25, 2.246, 7.494], "texture": "#0"},
				"down": {"uv": [2, 7.25, 2.246, 7.494], "texture": "#0"}
			}
		},
		{
			"name": "Voxels-000000",
			"from": [-5.75, 16, 7.75],
			"to": [-5.5, 17, 8.25],
			"faces": {
				"north": {"uv": [2, 7.25, 2.246, 7.494], "texture": "#0"},
				"east": {"uv": [2, 7.25, 2.246, 7.494], "texture": "#0"},
				"south": {"uv": [2, 7.25, 2.246, 7.494], "texture": "#0"},
				"west": {"uv": [2, 7.25, 2.246, 7.494], "texture": "#0"},
				"up": {"uv": [2, 7.25, 2.246, 7.494], "texture": "#0"},
				"down": {"uv": [2, 7.25, 2.246, 7.494], "texture": "#0"}
			}
		},
		{
			"name": "Voxels-000000",
			"from": [3, 16, 7.75],
			"to": [3.25, 17, 8.25],
			"faces": {
				"north": {"uv": [2, 7.25, 2.246, 7.494], "texture": "#0"},
				"east": {"uv": [2, 7.25, 2.246, 7.494], "texture": "#0"},
				"south": {"uv": [2, 7.25, 2.246, 7.494], "texture": "#0"},
				"west": {"uv": [2, 7.25, 2.246, 7.494], "texture": "#0"},
				"up": {"uv": [2, 7.25, 2.246, 7.494], "texture": "#0"},
				"down": {"uv": [2, 7.25, 2.246, 7.494], "texture": "#0"}
			}
		},
		{
			"name": "Voxels-000000",
			"from": [11.75, 16, 7.75],
			"to": [12, 17, 8.25],
			"faces": {
				"north": {"uv": [2, 7.25, 2.246, 7.494], "texture": "#0"},
				"east": {"uv": [2, 7.25, 2.246, 7.494], "texture": "#0"},
				"south": {"uv": [2, 7.25, 2.246, 7.494], "texture": "#0"},
				"west": {"uv": [2, 7.25, 2.246, 7.494], "texture": "#0"},
				"up": {"uv": [2, 7.25, 2.246, 7.494], "texture": "#0"},
				"down": {"uv": [2, 7.25, 2.246, 7.494], "texture": "#0"}
			}
		},
		{
			"name": "Voxels-000000",
			"from": [20.5, 16, 7.75],
			"to": [20.75, 17, 8.25],
			"faces": {
				"north": {"uv": [2, 7.25, 2.246, 7.494], "texture": "#0"},
				"east": {"uv": [2, 7.25, 2.246, 7.494], "texture": "#0"},
				"south": {"uv": [2, 7.25, 2.246, 7.494], "texture": "#0"},
				"west": {"uv": [2, 7.25, 2.246, 7.494], "texture": "#0"},
				"up": {"uv": [2, 7.25, 2.246, 7.494], "texture": "#0"},
				"down": {"uv": [2, 7.25, 2.246, 7.494], "texture": "#0"}
			}
		},
		{
			"name": "Voxels-000000",
			"from": [-5.5, 16.25, 7.75],
			"to": [-5.25, 17.25, 8.25],
			"faces": {
				"north": {"uv": [2, 7.25, 2.246, 7.494], "texture": "#0"},
				"east": {"uv": [2, 7.25, 2.246, 7.494], "texture": "#0"},
				"south": {"uv": [2, 7.25, 2.246, 7.494], "texture": "#0"},
				"west": {"uv": [2, 7.25, 2.246, 7.494], "texture": "#0"},
				"up": {"uv": [2, 7.25, 2.246, 7.494], "texture": "#0"},
				"down": {"uv": [2, 7.25, 2.246, 7.494], "texture": "#0"}
			}
		},
		{
			"name": "Voxels-000000",
			"from": [2.75, 16.25, 7.75],
			"to": [3, 17.25, 8.25],
			"faces": {
				"north": {"uv": [2, 7.25, 2.246, 7.494], "texture": "#0"},
				"east": {"uv": [2, 7.25, 2.246, 7.494], "texture": "#0"},
				"south": {"uv": [2, 7.25, 2.246, 7.494], "texture": "#0"},
				"west": {"uv": [2, 7.25, 2.246, 7.494], "texture": "#0"},
				"up": {"uv": [2, 7.25, 2.246, 7.494], "texture": "#0"},
				"down": {"uv": [2, 7.25, 2.246, 7.494], "texture": "#0"}
			}
		},
		{
			"name": "Voxels-000000",
			"from": [12, 16.25, 7.75],
			"to": [12.25, 17.25, 8.25],
			"faces": {
				"north": {"uv": [2, 7.25, 2.246, 7.494], "texture": "#0"},
				"east": {"uv": [2, 7.25, 2.246, 7.494], "texture": "#0"},
				"south": {"uv": [2, 7.25, 2.246, 7.494], "texture": "#0"},
				"west": {"uv": [2, 7.25, 2.246, 7.494], "texture": "#0"},
				"up": {"uv": [2, 7.25, 2.246, 7.494], "texture": "#0"},
				"down": {"uv": [2, 7.25, 2.246, 7.494], "texture": "#0"}
			}
		},
		{
			"name": "Voxels-000000",
			"from": [20.25, 16.25, 7.75],
			"to": [20.5, 17.25, 8.25],
			"faces": {
				"north": {"uv": [2, 7.25, 2.246, 7.494], "texture": "#0"},
				"east": {"uv": [2, 7.25, 2.246, 7.494], "texture": "#0"},
				"south": {"uv": [2, 7.25, 2.246, 7.494], "texture": "#0"},
				"west": {"uv": [2, 7.25, 2.246, 7.494], "texture": "#0"},
				"up": {"uv": [2, 7.25, 2.246, 7.494], "texture": "#0"},
				"down": {"uv": [2, 7.25, 2.246, 7.494], "texture": "#0"}
			}
		},
		{
			"name": "Voxels-000000",
			"from": [-5.25, 16.5, 7.75],
			"to": [-5, 17.5, 8.25],
			"faces": {
				"north": {"uv": [2, 7.25, 2.246, 7.494], "texture": "#0"},
				"east": {"uv": [2, 7.25, 2.246, 7.494], "texture": "#0"},
				"south": {"uv": [2, 7.25, 2.246, 7.494], "texture": "#0"},
				"west": {"uv": [2, 7.25, 2.246, 7.494], "texture": "#0"},
				"up": {"uv": [2, 7.25, 2.246, 7.494], "texture": "#0"},
				"down": {"uv": [2, 7.25, 2.246, 7.494], "texture": "#0"}
			}
		},
		{
			"name": "Voxels-000000",
			"from": [2.5, 16.5, 7.75],
			"to": [2.75, 17.5, 8.25],
			"faces": {
				"north": {"uv": [2, 7.25, 2.246, 7.494], "texture": "#0"},
				"east": {"uv": [2, 7.25, 2.246, 7.494], "texture": "#0"},
				"south": {"uv": [2, 7.25, 2.246, 7.494], "texture": "#0"},
				"west": {"uv": [2, 7.25, 2.246, 7.494], "texture": "#0"},
				"up": {"uv": [2, 7.25, 2.246, 7.494], "texture": "#0"},
				"down": {"uv": [2, 7.25, 2.246, 7.494], "texture": "#0"}
			}
		},
		{
			"name": "Voxels-000000",
			"from": [12.25, 16.5, 7.75],
			"to": [12.5, 17.5, 8.25],
			"faces": {
				"north": {"uv": [2, 7.25, 2.246, 7.494], "texture": "#0"},
				"east": {"uv": [2, 7.25, 2.246, 7.494], "texture": "#0"},
				"south": {"uv": [2, 7.25, 2.246, 7.494], "texture": "#0"},
				"west": {"uv": [2, 7.25, 2.246, 7.494], "texture": "#0"},
				"up": {"uv": [2, 7.25, 2.246, 7.494], "texture": "#0"},
				"down": {"uv": [2, 7.25, 2.246, 7.494], "texture": "#0"}
			}
		},
		{
			"name": "Voxels-000000",
			"from": [20, 16.5, 7.75],
			"to": [20.25, 17.5, 8.25],
			"faces": {
				"north": {"uv": [2, 7.25, 2.246, 7.494], "texture": "#0"},
				"east": {"uv": [2, 7.25, 2.246, 7.494], "texture": "#0"},
				"south": {"uv": [2, 7.25, 2.246, 7.494], "texture": "#0"},
				"west": {"uv": [2, 7.25, 2.246, 7.494], "texture": "#0"},
				"up": {"uv": [2, 7.25, 2.246, 7.494], "texture": "#0"},
				"down": {"uv": [2, 7.25, 2.246, 7.494], "texture": "#0"}
			}
		},
		{
			"name": "Voxels-000000",
			"from": [-5, 17, 7.75],
			"to": [-4.5, 17.75, 8.25],
			"faces": {
				"north": {"uv": [2, 7.25, 2.246, 7.494], "texture": "#0"},
				"east": {"uv": [2, 7.25, 2.246, 7.494], "texture": "#0"},
				"south": {"uv": [2, 7.25, 2.246, 7.494], "texture": "#0"},
				"west": {"uv": [2, 7.25, 2.246, 7.494], "texture": "#0"},
				"up": {"uv": [2, 7.25, 2.246, 7.494], "texture": "#0"},
				"down": {"uv": [2, 7.25, 2.246, 7.494], "texture": "#0"}
			}
		},
		{
			"name": "Voxels-000000",
			"from": [2, 17, 7.75],
			"to": [2.25, 18, 8.25],
			"faces": {
				"north": {"uv": [2, 7.25, 2.246, 7.494], "texture": "#0"},
				"east": {"uv": [2, 7.25, 2.246, 7.494], "texture": "#0"},
				"south": {"uv": [2, 7.25, 2.246, 7.494], "texture": "#0"},
				"west": {"uv": [2, 7.25, 2.246, 7.494], "texture": "#0"},
				"up": {"uv": [2, 7.25, 2.246, 7.494], "texture": "#0"},
				"down": {"uv": [2, 7.25, 2.246, 7.494], "texture": "#0"}
			}
		},
		{
			"name": "Voxels-000000",
			"from": [2.25, 17, 7.75],
			"to": [2.5, 17.75, 8.25],
			"faces": {
				"north": {"uv": [2, 7.25, 2.246, 7.494], "texture": "#0"},
				"east": {"uv": [2, 7.25, 2.246, 7.494], "texture": "#0"},
				"south": {"uv": [2, 7.25, 2.246, 7.494], "texture": "#0"},
				"west": {"uv": [2, 7.25, 2.246, 7.494], "texture": "#0"},
				"up": {"uv": [2, 7.25, 2.246, 7.494], "texture": "#0"},
				"down": {"uv": [2, 7.25, 2.246, 7.494], "texture": "#0"}
			}
		},
		{
			"name": "Voxels-000000",
			"from": [12.5, 17, 7.75],
			"to": [13, 17.75, 8.25],
			"faces": {
				"north": {"uv": [2, 7.25, 2.246, 7.494], "texture": "#0"},
				"east": {"uv": [2, 7.25, 2.246, 7.494], "texture": "#0"},
				"south": {"uv": [2, 7.25, 2.246, 7.494], "texture": "#0"},
				"west": {"uv": [2, 7.25, 2.246, 7.494], "texture": "#0"},
				"up": {"uv": [2, 7.25, 2.246, 7.494], "texture": "#0"},
				"down": {"uv": [2, 7.25, 2.246, 7.494], "texture": "#0"}
			}
		},
		{
			"name": "Voxels-000000",
			"from": [19.5, 17, 7.75],
			"to": [19.75, 18, 8.25],
			"faces": {
				"north": {"uv": [2, 7.25, 2.246, 7.494], "texture": "#0"},
				"east": {"uv": [2, 7.25, 2.246, 7.494], "texture": "#0"},
				"south": {"uv": [2, 7.25, 2.246, 7.494], "texture": "#0"},
				"west": {"uv": [2, 7.25, 2.246, 7.494], "texture": "#0"},
				"up": {"uv": [2, 7.25, 2.246, 7.494], "texture": "#0"},
				"down": {"uv": [2, 7.25, 2.246, 7.494], "texture": "#0"}
			}
		},
		{
			"name": "Voxels-000000",
			"from": [19.75, 17, 7.75],
			"to": [20, 17.75, 8.25],
			"faces": {
				"north": {"uv": [2, 7.25, 2.246, 7.494], "texture": "#0"},
				"east": {"uv": [2, 7.25, 2.246, 7.494], "texture": "#0"},
				"south": {"uv": [2, 7.25, 2.246, 7.494], "texture": "#0"},
				"west": {"uv": [2, 7.25, 2.246, 7.494], "texture": "#0"},
				"up": {"uv": [2, 7.25, 2.246, 7.494], "texture": "#0"},
				"down": {"uv": [2, 7.25, 2.246, 7.494], "texture": "#0"}
			}
		},
		{
			"name": "Voxels-000000",
			"from": [-4.5, 17.25, 7.75],
			"to": [-4.25, 18, 8.25],
			"faces": {
				"north": {"uv": [2, 7.25, 2.246, 7.494], "texture": "#0"},
				"east": {"uv": [2, 7.25, 2.246, 7.494], "texture": "#0"},
				"south": {"uv": [2, 7.25, 2.246, 7.494], "texture": "#0"},
				"west": {"uv": [2, 7.25, 2.246, 7.494], "texture": "#0"},
				"up": {"uv": [2, 7.25, 2.246, 7.494], "texture": "#0"},
				"down": {"uv": [2, 7.25, 2.246, 7.494], "texture": "#0"}
			}
		},
		{
			"name": "Voxels-000000",
			"from": [1.75, 17.25, 7.75],
			"to": [2, 18, 8.25],
			"faces": {
				"north": {"uv": [2, 7.25, 2.246, 7.494], "texture": "#0"},
				"east": {"uv": [2, 7.25, 2.246, 7.494], "texture": "#0"},
				"south": {"uv": [2, 7.25, 2.246, 7.494], "texture": "#0"},
				"west": {"uv": [2, 7.25, 2.246, 7.494], "texture": "#0"},
				"up": {"uv": [2, 7.25, 2.246, 7.494], "texture": "#0"},
				"down": {"uv": [2, 7.25, 2.246, 7.494], "texture": "#0"}
			}
		},
		{
			"name": "Voxels-000000",
			"from": [13, 17.25, 7.75],
			"to": [13.25, 18, 8.25],
			"faces": {
				"north": {"uv": [2, 7.25, 2.246, 7.494], "texture": "#0"},
				"east": {"uv": [2, 7.25, 2.246, 7.494], "texture": "#0"},
				"south": {"uv": [2, 7.25, 2.246, 7.494], "texture": "#0"},
				"west": {"uv": [2, 7.25, 2.246, 7.494], "texture": "#0"},
				"up": {"uv": [2, 7.25, 2.246, 7.494], "texture": "#0"},
				"down": {"uv": [2, 7.25, 2.246, 7.494], "texture": "#0"}
			}
		},
		{
			"name": "Voxels-000000",
			"from": [19.25, 17.25, 7.75],
			"to": [19.5, 18, 8.25],
			"faces": {
				"north": {"uv": [2, 7.25, 2.246, 7.494], "texture": "#0"},
				"east": {"uv": [2, 7.25, 2.246, 7.494], "texture": "#0"},
				"south": {"uv": [2, 7.25, 2.246, 7.494], "texture": "#0"},
				"west": {"uv": [2, 7.25, 2.246, 7.494], "texture": "#0"},
				"up": {"uv": [2, 7.25, 2.246, 7.494], "texture": "#0"},
				"down": {"uv": [2, 7.25, 2.246, 7.494], "texture": "#0"}
			}
		},
		{
			"name": "Voxels-000000",
			"from": [-4.25, 17.5, 7.75],
			"to": [-4, 18.25, 8.25],
			"faces": {
				"north": {"uv": [2, 7.25, 2.246, 7.494], "texture": "#0"},
				"east": {"uv": [2, 7.25, 2.246, 7.494], "texture": "#0"},
				"south": {"uv": [2, 7.25, 2.246, 7.494], "texture": "#0"},
				"west": {"uv": [2, 7.25, 2.246, 7.494], "texture": "#0"},
				"up": {"uv": [2, 7.25, 2.246, 7.494], "texture": "#0"},
				"down": {"uv": [2, 7.25, 2.246, 7.494], "texture": "#0"}
			}
		},
		{
			"name": "Voxels-000000",
			"from": [1.5, 17.5, 7.75],
			"to": [1.75, 18.25, 8.25],
			"faces": {
				"north": {"uv": [2, 7.25, 2.246, 7.494], "texture": "#0"},
				"east": {"uv": [2, 7.25, 2.246, 7.494], "texture": "#0"},
				"south": {"uv": [2, 7.25, 2.246, 7.494], "texture": "#0"},
				"west": {"uv": [2, 7.25, 2.246, 7.494], "texture": "#0"},
				"up": {"uv": [2, 7.25, 2.246, 7.494], "texture": "#0"},
				"down": {"uv": [2, 7.25, 2.246, 7.494], "texture": "#0"}
			}
		},
		{
			"name": "Voxels-000000",
			"from": [13.25, 17.5, 7.75],
			"to": [13.5, 18.25, 8.25],
			"faces": {
				"north": {"uv": [2, 7.25, 2.246, 7.494], "texture": "#0"},
				"east": {"uv": [2, 7.25, 2.246, 7.494], "texture": "#0"},
				"south": {"uv": [2, 7.25, 2.246, 7.494], "texture": "#0"},
				"west": {"uv": [2, 7.25, 2.246, 7.494], "texture": "#0"},
				"up": {"uv": [2, 7.25, 2.246, 7.494], "texture": "#0"},
				"down": {"uv": [2, 7.25, 2.246, 7.494], "texture": "#0"}
			}
		},
		{
			"name": "Voxels-000000",
			"from": [19, 17.5, 7.75],
			"to": [19.25, 18.25, 8.25],
			"faces": {
				"north": {"uv": [2, 7.25, 2.246, 7.494], "texture": "#0"},
				"east": {"uv": [2, 7.25, 2.246, 7.494], "texture": "#0"},
				"south": {"uv": [2, 7.25, 2.246, 7.494], "texture": "#0"},
				"west": {"uv": [2, 7.25, 2.246, 7.494], "texture": "#0"},
				"up": {"uv": [2, 7.25, 2.246, 7.494], "texture": "#0"},
				"down": {"uv": [2, 7.25, 2.246, 7.494], "texture": "#0"}
			}
		},
		{
			"name": "Voxels-000000",
			"from": [-4.75, 17.75, 7.75],
			"to": [-4.5, 18, 8.25],
			"faces": {
				"north": {"uv": [2, 7.25, 2.246, 7.494], "texture": "#0"},
				"east": {"uv": [2, 7.25, 2.246, 7.494], "texture": "#0"},
				"south": {"uv": [2, 7.25, 2.246, 7.494], "texture": "#0"},
				"west": {"uv": [2, 7.25, 2.246, 7.494], "texture": "#0"},
				"up": {"uv": [2, 7.25, 2.246, 7.494], "texture": "#0"},
				"down": {"uv": [2, 7.25, 2.246, 7.494], "texture": "#0"}
			}
		},
		{
			"name": "Voxels-000000",
			"from": [-4, 17.75, 7.75],
			"to": [-3.5, 18.5, 8.25],
			"faces": {
				"north": {"uv": [2, 7.25, 2.246, 7.494], "texture": "#0"},
				"east": {"uv": [2, 7.25, 2.246, 7.494], "texture": "#0"},
				"south": {"uv": [2, 7.25, 2.246, 7.494], "texture": "#0"},
				"west": {"uv": [2, 7.25, 2.246, 7.494], "texture": "#0"},
				"up": {"uv": [2, 7.25, 2.246, 7.494], "texture": "#0"},
				"down": {"uv": [2, 7.25, 2.246, 7.494], "texture": "#0"}
			}
		},
		{
			"name": "Voxels-000000",
			"from": [1, 17.75, 7.75],
			"to": [1.5, 18.5, 8.25],
			"faces": {
				"north": {"uv": [2, 7.25, 2.246, 7.494], "texture": "#0"},
				"east": {"uv": [2, 7.25, 2.246, 7.494], "texture": "#0"},
				"south": {"uv": [2, 7.25, 2.246, 7.494], "texture": "#0"},
				"west": {"uv": [2, 7.25, 2.246, 7.494], "texture": "#0"},
				"up": {"uv": [2, 7.25, 2.246, 7.494], "texture": "#0"},
				"down": {"uv": [2, 7.25, 2.246, 7.494], "texture": "#0"}
			}
		},
		{
			"name": "Voxels-000000",
			"from": [12.75, 17.75, 7.75],
			"to": [13, 18, 8.25],
			"faces": {
				"north": {"uv": [2, 7.25, 2.246, 7.494], "texture": "#0"},
				"east": {"uv": [2, 7.25, 2.246, 7.494], "texture": "#0"},
				"south": {"uv": [2, 7.25, 2.246, 7.494], "texture": "#0"},
				"west": {"uv": [2, 7.25, 2.246, 7.494], "texture": "#0"},
				"up": {"uv": [2, 7.25, 2.246, 7.494], "texture": "#0"},
				"down": {"uv": [2, 7.25, 2.246, 7.494], "texture": "#0"}
			}
		},
		{
			"name": "Voxels-000000",
			"from": [13.5, 17.75, 7.75],
			"to": [14, 18.5, 8.25],
			"faces": {
				"north": {"uv": [2, 7.25, 2.246, 7.494], "texture": "#0"},
				"east": {"uv": [2, 7.25, 2.246, 7.494], "texture": "#0"},
				"south": {"uv": [2, 7.25, 2.246, 7.494], "texture": "#0"},
				"west": {"uv": [2, 7.25, 2.246, 7.494], "texture": "#0"},
				"up": {"uv": [2, 7.25, 2.246, 7.494], "texture": "#0"},
				"down": {"uv": [2, 7.25, 2.246, 7.494], "texture": "#0"}
			}
		},
		{
			"name": "Voxels-000000",
			"from": [18.5, 17.75, 7.75],
			"to": [19, 18.5, 8.25],
			"faces": {
				"north": {"uv": [2, 7.25, 2.246, 7.494], "texture": "#0"},
				"east": {"uv": [2, 7.25, 2.246, 7.494], "texture": "#0"},
				"south": {"uv": [2, 7.25, 2.246, 7.494], "texture": "#0"},
				"west": {"uv": [2, 7.25, 2.246, 7.494], "texture": "#0"},
				"up": {"uv": [2, 7.25, 2.246, 7.494], "texture": "#0"},
				"down": {"uv": [2, 7.25, 2.246, 7.494], "texture": "#0"}
			}
		},
		{
			"name": "Voxels-000000",
			"from": [-3.5, 18, 7.75],
			"to": [-2.75, 18.5, 8.25],
			"faces": {
				"north": {"uv": [2, 7.25, 2.246, 7.494], "texture": "#0"},
				"east": {"uv": [2, 7.25, 2.246, 7.494], "texture": "#0"},
				"south": {"uv": [2, 7.25, 2.246, 7.494], "texture": "#0"},
				"west": {"uv": [2, 7.25, 2.246, 7.494], "texture": "#0"},
				"up": {"uv": [2, 7.25, 2.246, 7.494], "texture": "#0"},
				"down": {"uv": [2, 7.25, 2.246, 7.494], "texture": "#0"}
			}
		},
		{
			"name": "Voxels-000000",
			"from": [0.25, 18, 7.75],
			"to": [0.75, 18.75, 8.25],
			"faces": {
				"north": {"uv": [2, 7.25, 2.246, 7.494], "texture": "#0"},
				"east": {"uv": [2, 7.25, 2.246, 7.494], "texture": "#0"},
				"south": {"uv": [2, 7.25, 2.246, 7.494], "texture": "#0"},
				"west": {"uv": [2, 7.25, 2.246, 7.494], "texture": "#0"},
				"up": {"uv": [2, 7.25, 2.246, 7.494], "texture": "#0"},
				"down": {"uv": [2, 7.25, 2.246, 7.494], "texture": "#0"}
			}
		},
		{
			"name": "Voxels-000000",
			"from": [0.75, 18, 7.75],
			"to": [1, 18.5, 8.25],
			"faces": {
				"north": {"uv": [2, 7.25, 2.246, 7.494], "texture": "#0"},
				"east": {"uv": [2, 7.25, 2.246, 7.494], "texture": "#0"},
				"south": {"uv": [2, 7.25, 2.246, 7.494], "texture": "#0"},
				"west": {"uv": [2, 7.25, 2.246, 7.494], "texture": "#0"},
				"up": {"uv": [2, 7.25, 2.246, 7.494], "texture": "#0"},
				"down": {"uv": [2, 7.25, 2.246, 7.494], "texture": "#0"}
			}
		},
		{
			"name": "Voxels-000000",
			"from": [14, 18, 7.75],
			"to": [14.75, 18.5, 8.25],
			"faces": {
				"north": {"uv": [2, 7.25, 2.246, 7.494], "texture": "#0"},
				"east": {"uv": [2, 7.25, 2.246, 7.494], "texture": "#0"},
				"south": {"uv": [2, 7.25, 2.246, 7.494], "texture": "#0"},
				"west": {"uv": [2, 7.25, 2.246, 7.494], "texture": "#0"},
				"up": {"uv": [2, 7.25, 2.246, 7.494], "texture": "#0"},
				"down": {"uv": [2, 7.25, 2.246, 7.494], "texture": "#0"}
			}
		},
		{
			"name": "Voxels-000000",
			"from": [17.75, 18, 7.75],
			"to": [18.25, 18.75, 8.25],
			"faces": {
				"north": {"uv": [2, 7.25, 2.246, 7.494], "texture": "#0"},
				"east": {"uv": [2, 7.25, 2.246, 7.494], "texture": "#0"},
				"south": {"uv": [2, 7.25, 2.246, 7.494], "texture": "#0"},
				"west": {"uv": [2, 7.25, 2.246, 7.494], "texture": "#0"},
				"up": {"uv": [2, 7.25, 2.246, 7.494], "texture": "#0"},
				"down": {"uv": [2, 7.25, 2.246, 7.494], "texture": "#0"}
			}
		},
		{
			"name": "Voxels-000000",
			"from": [18.25, 18, 7.75],
			"to": [18.5, 18.5, 8.25],
			"faces": {
				"north": {"uv": [2, 7.25, 2.246, 7.494], "texture": "#0"},
				"east": {"uv": [2, 7.25, 2.246, 7.494], "texture": "#0"},
				"south": {"uv": [2, 7.25, 2.246, 7.494], "texture": "#0"},
				"west": {"uv": [2, 7.25, 2.246, 7.494], "texture": "#0"},
				"up": {"uv": [2, 7.25, 2.246, 7.494], "texture": "#0"},
				"down": {"uv": [2, 7.25, 2.246, 7.494], "texture": "#0"}
			}
		},
		{
			"name": "Voxels-000000",
			"from": [-2.75, 18.25, 7.75],
			"to": [0.25, 18.75, 8.25],
			"faces": {
				"north": {"uv": [2, 7.25, 2.246, 7.494], "texture": "#0"},
				"east": {"uv": [2, 7.25, 2.246, 7.494], "texture": "#0"},
				"south": {"uv": [2, 7.25, 2.246, 7.494], "texture": "#0"},
				"west": {"uv": [2, 7.25, 2.246, 7.494], "texture": "#0"},
				"up": {"uv": [2, 7.25, 2.246, 7.494], "texture": "#0"},
				"down": {"uv": [2, 7.25, 2.246, 7.494], "texture": "#0"}
			}
		},
		{
			"name": "Voxels-000000",
			"from": [14.75, 18.25, 7.75],
			"to": [17.75, 18.75, 8.25],
			"faces": {
				"north": {"uv": [2, 7.25, 2.246, 7.494], "texture": "#0"},
				"east": {"uv": [2, 7.25, 2.246, 7.494], "texture": "#0"},
				"south": {"uv": [2, 7.25, 2.246, 7.494], "texture": "#0"},
				"west": {"uv": [2, 7.25, 2.246, 7.494], "texture": "#0"},
				"up": {"uv": [2, 7.25, 2.246, 7.494], "texture": "#0"},
				"down": {"uv": [2, 7.25, 2.246, 7.494], "texture": "#0"}
			}
		},
		{
			"name": "Voxels-000000",
			"from": [-3.25, 18.5, 7.75],
			"to": [-2.75, 18.75, 8.25],
			"faces": {
				"north": {"uv": [2, 7.25, 2.246, 7.494], "texture": "#0"},
				"east": {"uv": [2, 7.25, 2.246, 7.494], "texture": "#0"},
				"south": {"uv": [2, 7.25, 2.246, 7.494], "texture": "#0"},
				"west": {"uv": [2, 7.25, 2.246, 7.494], "texture": "#0"},
				"up": {"uv": [2, 7.25, 2.246, 7.494], "texture": "#0"},
				"down": {"uv": [2, 7.25, 2.246, 7.494], "texture": "#0"}
			}
		},
		{
			"name": "Voxels-000000",
			"from": [14.25, 18.5, 7.75],
			"to": [14.75, 18.75, 8.25],
			"faces": {
				"north": {"uv": [2, 7.25, 2.246, 7.494], "texture": "#0"},
				"east": {"uv": [2, 7.25, 2.246, 7.494], "texture": "#0"},
				"south": {"uv": [2, 7.25, 2.246, 7.494], "texture": "#0"},
				"west": {"uv": [2, 7.25, 2.246, 7.494], "texture": "#0"},
				"up": {"uv": [2, 7.25, 2.246, 7.494], "texture": "#0"},
				"down": {"uv": [2, 7.25, 2.246, 7.494], "texture": "#0"}
			}
		},
		{
			"name": "Voxels-000000",
			"from": [-2.5, 18.75, 7.75],
			"to": [0, 19, 8.25],
			"faces": {
				"north": {"uv": [2, 7.25, 2.246, 7.494], "texture": "#0"},
				"east": {"uv": [2, 7.25, 2.246, 7.494], "texture": "#0"},
				"south": {"uv": [2, 7.25, 2.246, 7.494], "texture": "#0"},
				"west": {"uv": [2, 7.25, 2.246, 7.494], "texture": "#0"},
				"up": {"uv": [2, 7.25, 2.246, 7.494], "texture": "#0"},
				"down": {"uv": [2, 7.25, 2.246, 7.494], "texture": "#0"}
			}
		},
		{
			"name": "Voxels-000000",
			"from": [15, 18.75, 7.75],
			"to": [17.5, 19, 8.25],
			"faces": {
				"north": {"uv": [2, 7.25, 2.246, 7.494], "texture": "#0"},
				"east": {"uv": [2, 7.25, 2.246, 7.494], "texture": "#0"},
				"south": {"uv": [2, 7.25, 2.246, 7.494], "texture": "#0"},
				"west": {"uv": [2, 7.25, 2.246, 7.494], "texture": "#0"},
				"up": {"uv": [2, 7.25, 2.246, 7.494], "texture": "#0"},
				"down": {"uv": [2, 7.25, 2.246, 7.494], "texture": "#0"}
			}
		},
		{
			"name": "Voxels-000000",
			"from": [10.5, 12.75, 7.5],
			"to": [10.75, 13, 7.75],
			"faces": {
				"north": {"uv": [2, 7.25, 2.246, 7.494], "texture": "#0"},
				"east": {"uv": [2, 7.25, 2.246, 7.494], "texture": "#0"},
				"south": {"uv": [2, 7.25, 2.246, 7.494], "texture": "#0"},
				"west": {"uv": [2, 7.25, 2.246, 7.494], "texture": "#0"},
				"up": {"uv": [2, 7.25, 2.246, 7.494], "texture": "#0"},
				"down": {"uv": [2, 7.25, 2.246, 7.494], "texture": "#0"}
			}
		},
		{
			"name": "Voxels-000000",
			"from": [10.5, 13.5, 7.5],
			"to": [10.75, 13.75, 7.75],
			"faces": {
				"north": {"uv": [2, 7.25, 2.246, 7.494], "texture": "#0"},
				"east": {"uv": [2, 7.25, 2.246, 7.494], "texture": "#0"},
				"south": {"uv": [2, 7.25, 2.246, 7.494], "texture": "#0"},
				"west": {"uv": [2, 7.25, 2.246, 7.494], "texture": "#0"},
				"up": {"uv": [2, 7.25, 2.246, 7.494], "texture": "#0"},
				"down": {"uv": [2, 7.25, 2.246, 7.494], "texture": "#0"}
			}
		},
		{
			"from": [-0.309, 10.3, 5.43],
			"to": [2.309, 15.44, 7.81],
			"faces": {
				"north": {"uv": [7, 7.5, 7.246, 7.744], "texture": "#0"},
				"east": {"uv": [7, 7.5, 7.246, 7.744], "texture": "#0"},
				"south": {"uv": [7, 7.5, 7.246, 7.744], "texture": "#0"},
				"west": {"uv": [7, 7.5, 7.246, 7.744], "texture": "#0"},
				"up": {"uv": [7, 7.5, 7.246, 7.744], "texture": "#0"},
				"down": {"uv": [7, 7.5, 7.246, 7.744], "texture": "#0"}
			}
		},
		{
			"from": [13.691, 10.3, 5.43],
			"to": [16.309, 15.44, 7.81],
			"faces": {
				"north": {"uv": [7, 7.5, 7.246, 7.744], "texture": "#0"},
				"east": {"uv": [7, 7.5, 7.246, 7.744], "texture": "#0"},
				"south": {"uv": [7, 7.5, 7.246, 7.744], "texture": "#0"},
				"west": {"uv": [7, 7.5, 7.246, 7.744], "texture": "#0"},
				"up": {"uv": [7, 7.5, 7.246, 7.744], "texture": "#0"},
				"down": {"uv": [7, 7.5, 7.246, 7.744], "texture": "#0"}
			}
		}
	],
	"display": {
		"gui": {
			"rotation": [0, 180, 0],
			"translation": [0, -1.75, 0],
			"scale": [0.57, 0.57, 0.57]
		},
		"head": {
			"translation": [0, 5, -1.245],
			"scale": [0.8954, 0.8345, 1.29]
		},
		"fixed": {
			"translation": [0, -4, -1.25],
			"scale": [0.72, 0.72, 0.72]
		}
	},
	"groups": [
		{
			"name": "Christmas_ears",
			"children": [
				{
					"name": "Christmas_ears",
					"children": [
						{
							"name": "Christmas_ears",
							"children": [
								{
									"name": "Christmas_ears",
									"children": [
										{
											"name": "Christmas_ears",
											"children": [
												{
													"name": "Christmas_ears",
													"children": [
														{
															"name": "bow left",
															"children": []
														},
														{
															"name": "Bow  right and center",
															"children": [0]
														}
													]
												}, 1, 2, 3, 4, 5, 6,
												{
													"name": "mickey_ears",
													"children": [7, 8, 9, 10, 11, 12, 13, 14, 15, 16, 17, 18, 19, 20, 21, 22, 23, 24, 25, 26, 27, 28, 29, 30, 31, 32, 33, 34, 35, 36, 37, 38, 39, 40, 41, 42, 43, 44, 45, 46, 47, 48, 49, 50, 51, 52, 53, 54, 55, 56, 57, 58, 59, 60, 61, 62, 63, 64, 65, 66, 67, 68, 69, 70, 71, 72, 73, 74, 75, 76, 77, 78, 79, 80, 81, 82, 83, 84, 85, 86, 87, 88, 89, 90, 91, 92, 93, 94, 95, 96, 97, 98, 99, 100, 101, 102, 103, 104, 105, 106, 107, 108, 109, 110, 111, 112, 113, 114, 115, 116, 117, 118, 119, 120, 121, 122, 123, 124, 125, 126, 127, 128, 129, 130, 131, 132, 133, 134, 135, 136, 137, 138, 139, 140, 141, 142, 143, 144, 145, 146, 147, 148, 149, 150, 151, 152, 153, 154, 155, 156, 157, 158, 159, 160, 161, 162, 163, 164, 165, 166, 167, 168, 169, 170, 171, 172, 173, 174, 175, 176, 177, 178, 179]
												}, 180, 181]
										}
									]
								}
							]
						}
					]
				}
			]
		}
	]
}
