{
	"credit": "Made with Blockbench",
	"textures": {
		"1": "blocks/wool_colored_white",
		"2": "custom/palacelogo",
		"3": "blocks/wool_colored_purple",
		"particle": "blocks/wool_colored_white"
	},
	"elements": [
		{
			"name": "octagon",
			"from": [5.51472, 0.0421, 4.05267],
			"to": [10.48528, 3.0421, 4.55267],
			"rotation": {"angle": 45, "axis": "y", "origin": [8, 0.5421, 10.05267]},
			"faces": {
				"north": {"uv": [0, 0, 0.5, 0.5], "texture": "#1"},
				"east": {"uv": [0, 0, 0.5, 0.5], "texture": "#1"},
				"south": {"uv": [0, 0, 0.5, 0.5], "texture": "#1"},
				"west": {"uv": [0, 0, 0.5, 0.5], "texture": "#1"},
				"up": {"uv": [0, 0, 0.5, 0.5], "texture": "#1"},
				"down": {"uv": [0, 0, 0.5, 0.5], "texture": "#1"}
			}
		},
		{
			"name": "octagon",
			"from": [5.51472, 0.0421, 4.05267],
			"to": [10.48528, 3.0421, 4.55267],
			"rotation": {"angle": 0, "axis": "y", "origin": [8, 0.5421, 10.05267]},
			"faces": {
				"north": {"uv": [1.5625, 10.5625, 1.6625, 10.6625], "texture": "#1"},
				"east": {"uv": [1.5625, 10.5625, 1.6625, 10.6625], "texture": "#1"},
				"south": {"uv": [1.5625, 10.5625, 1.6625, 10.6625], "texture": "#1"},
				"west": {"uv": [1.5625, 10.5625, 1.6625, 10.6625], "texture": "#1"},
				"up": {"uv": [1.5625, 10.5625, 1.6625, 10.6625], "texture": "#1"},
				"down": {"uv": [1.5625, 10.5625, 1.6625, 10.6625], "texture": "#1"}
			}
		},
		{
			"name": "octagon",
			"from": [5.51472, 0.0421, 15.55267],
			"to": [10.48528, 3.0421, 16.05267],
			"rotation": {"angle": 45, "axis": "y", "origin": [8, 0.5421, 10.05267]},
			"faces": {
				"north": {"uv": [0, 0, 0.5, 0.5], "texture": "#1"},
				"east": {"uv": [0, 0, 0.5, 0.5], "texture": "#1"},
				"south": {"uv": [0, 0, 0.5, 0.5], "texture": "#1"},
				"west": {"uv": [0, 0, 0.5, 0.5], "texture": "#1"},
				"up": {"uv": [0, 0, 0.5, 0.5], "texture": "#1"},
				"down": {"uv": [0, 0, 0.5, 0.5], "texture": "#1"}
			}
		},
		{
			"name": "octagon",
			"from": [5.51472, 0.0421, 15.55267],
			"to": [10.48528, 3.0421, 16.05267],
			"rotation": {"angle": 0, "axis": "y", "origin": [8, 0.5421, 10.05267]},
			"faces": {
				"north": {"uv": [0, 0, 0.5, 0.5], "texture": "#3"},
				"east": {"uv": [0, 0, 0.5, 0.5], "texture": "#3"},
				"south": {"uv": [0, 0, 0.5, 0.5], "texture": "#3"},
				"west": {"uv": [0, 0, 0.5, 0.5], "texture": "#3"},
				"up": {"uv": [0, 0, 0.5, 0.5], "texture": "#3"},
				"down": {"uv": [0, 0, 0.5, 0.5], "texture": "#3"}
			}
		},
		{
			"name": "octagon",
			"from": [5.51472, 0.70794, 15.81805],
			"to": [10.48528, 1.70794, 16.31805],
			"rotation": {"angle": -22.5, "axis": "x", "origin": [8, 1.20794, 10.31805]},
			"faces": {
				"north": {"uv": [0, 0, 0.5, 0.5], "texture": "#3"},
				"east": {"uv": [0, 0, 0.5, 0.5], "texture": "#3"},
				"south": {"uv": [0, 0, 0.5, 0.5], "texture": "#3"},
				"west": {"uv": [0, 0, 0.5, 0.5], "texture": "#3"},
				"up": {"uv": [0, 0, 0.5, 0.5], "texture": "#3"},
				"down": {"uv": [0, 0, 0.5, 0.5], "texture": "#3"}
			}
		},
		{
			"name": "octagon",
			"from": [1.73462, 0.70794, 7.56739],
			"to": [2.23462, 1.70794, 12.53795],
			"rotation": {"angle": -22.5, "axis": "z", "origin": [7.73462, 1.20794, 10.05267]},
			"faces": {
				"north": {"uv": [0, 0, 0.5, 0.5], "texture": "#3"},
				"east": {"uv": [0, 0, 0.5, 0.5], "texture": "#3"},
				"south": {"uv": [0, 0, 0.5, 0.5], "texture": "#3"},
				"west": {"uv": [0, 0, 0.5, 0.5], "texture": "#3"},
				"up": {"uv": [0, 0, 0.5, 0.5], "rotation": 90, "texture": "#3"},
				"down": {"uv": [0, 0, 0.5, 0.5], "rotation": 270, "texture": "#3"}
			}
		},
		{
			"name": "octagon",
			"from": [5.51472, 0.70794, 3.78729],
			"to": [10.48528, 1.70794, 4.28729],
			"rotation": {"angle": 22.5, "axis": "x", "origin": [8, 1.20794, 9.78729]},
			"faces": {
				"north": {"uv": [1.5625, 10.5625, 1.6625, 10.6625], "texture": "#1"},
				"east": {"uv": [1.5625, 10.5625, 1.6625, 10.6625], "texture": "#1"},
				"south": {"uv": [1.5625, 10.5625, 1.6625, 10.6625], "texture": "#1"},
				"west": {"uv": [1.5625, 10.5625, 1.6625, 10.6625], "texture": "#1"},
				"up": {"uv": [1.5625, 10.5625, 1.6625, 10.6625], "texture": "#1"},
				"down": {"uv": [1.5625, 10.5625, 1.6625, 10.6625], "texture": "#1"}
			}
		},
		{
			"name": "octagon",
			"from": [13.76538, 0.70794, 7.56739],
			"to": [14.26538, 1.70794, 12.53795],
			"rotation": {"angle": 22.5, "axis": "z", "origin": [8.26538, 1.20794, 10.05267]},
			"faces": {
				"north": {"uv": [0.5, 0, 0, 0.5], "texture": "#3"},
				"east": {"uv": [0.5, 0, 0, 0.5], "texture": "#3"},
				"south": {"uv": [0.5, 0, 0, 0.5], "texture": "#3"},
				"west": {"uv": [0.5, 0, 0, 0.5], "texture": "#3"},
				"up": {"uv": [0, 0.5, 0.5, 0], "rotation": 90, "texture": "#3"},
				"down": {"uv": [0, 0.5, 0.5, 0], "rotation": 270, "texture": "#3"}
			}
		},
		{
			"name": "octagon",
			"from": [5.51472, 5.57689, 9.57379],
			"to": [10.48528, 6.07689, 11.57379],
			"rotation": {"angle": 45, "axis": "x", "origin": [8, 0.07689, 11.07379]},
			"faces": {
				"north": {"uv": [0, 0, 0.5, 0.5], "rotation": 180, "texture": "#3"},
				"east": {"uv": [0, 0, 0.5, 0.5], "rotation": 90, "texture": "#3"},
				"south": {"uv": [0, 0, 0.5, 0.5], "texture": "#3"},
				"west": {"uv": [0, 0, 0.5, 0.5], "rotation": 270, "texture": "#3"},
				"up": {"uv": [0, 0, 0.5, 0.5], "texture": "#3"},
				"down": {"uv": [0, 0, 0.5, 0.5], "rotation": 180, "texture": "#3"}
			}
		},
		{
			"name": "octagon",
			"from": [6.47888, 5.57689, 7.56739],
			"to": [8.47888, 6.07689, 12.53795],
			"rotation": {"angle": 45, "axis": "z", "origin": [6.97888, 0.07689, 10.05267]},
			"faces": {
				"north": {"uv": [0, 0, 0.5, 0.5], "rotation": 270, "texture": "#3"},
				"east": {"uv": [0, 0, 0.5, 0.5], "rotation": 180, "texture": "#3"},
				"south": {"uv": [0, 0, 0.5, 0.5], "rotation": 90, "texture": "#3"},
				"west": {"uv": [0, 0, 0.5, 0.5], "texture": "#3"},
				"up": {"uv": [0, 0, 0.5, 0.5], "rotation": 90, "texture": "#3"},
				"down": {"uv": [0, 0, 0.5, 0.5], "rotation": 90, "texture": "#3"}
			}
		},
		{
			"name": "octagon",
			"from": [5.51472, 5.57689, 8.53155],
			"to": [10.48528, 6.07689, 10.53155],
			"rotation": {"angle": -45, "axis": "x", "origin": [8, 0.07689, 9.03155]},
			"faces": {
				"north": {"uv": [1.5625, 10.5625, 1.6625, 10.6625], "texture": "#1"},
				"east": {"uv": [1.5625, 10.5625, 1.6625, 10.6625], "texture": "#1"},
				"south": {"uv": [1.5625, 10.5625, 1.6625, 10.6625], "texture": "#1"},
				"west": {"uv": [1.5625, 10.5625, 1.6625, 10.6625], "texture": "#1"},
				"up": {"uv": [1.5625, 10.5625, 1.6625, 10.6625], "texture": "#1"},
				"down": {"uv": [1.5625, 10.5625, 1.6625, 10.6625], "texture": "#1"}
			}
		},
		{
			"name": "octagon",
			"from": [7.52112, 5.57689, 7.56739],
			"to": [9.52112, 6.07689, 12.53795],
			"rotation": {"angle": -45, "axis": "z", "origin": [9.02112, 0.07689, 10.05267]},
			"faces": {
				"north": {"uv": [0, 0.5, 0.5, 0], "rotation": 270, "texture": "#3"},
				"east": {"uv": [0.5, 0, 0, 0.5], "texture": "#3"},
				"south": {"uv": [0, 0.5, 0.5, 0], "rotation": 90, "texture": "#3"},
				"west": {"uv": [0.5, 0, 0, 0.5], "rotation": 180, "texture": "#3"},
				"up": {"uv": [0, 0.5, 0.5, 0], "rotation": 90, "texture": "#3"},
				"down": {"uv": [0, 0.5, 0.5, 0], "rotation": 90, "texture": "#3"}
			}
		},
		{
			"name": "octagon",
			"from": [5.51472, 5.52826, 10.13805],
			"to": [10.48528, 6.02905, 11.99773],
			"rotation": {"angle": 22.5, "axis": "x", "origin": [8, 0.02826, 11.49773]},
			"faces": {
				"north": {"uv": [0, 0, 0.5, 0.5], "rotation": 180, "texture": "#3"},
				"east": {"uv": [0, 0, 0.5, 0.5], "rotation": 90, "texture": "#3"},
				"south": {"uv": [0, 0, 0.5, 0.5], "texture": "#3"},
				"west": {"uv": [0, 0, 0.5, 0.5], "rotation": 270, "texture": "#3"},
				"up": {"uv": [0, 0, 0.5, 0.5], "texture": "#3"},
				"down": {"uv": [0, 0, 0.5, 0.5], "rotation": 180, "texture": "#3"}
			}
		},
		{
			"name": "octagon",
			"from": [6.05494, 5.52826, 7.56739],
			"to": [7.91462, 6.02905, 12.53795],
			"rotation": {"angle": 22.5, "axis": "z", "origin": [6.55494, 0.02826, 10.05267]},
			"faces": {
				"north": {"uv": [0, 0, 0.5, 0.5], "rotation": 270, "texture": "#3"},
				"east": {"uv": [0, 0, 0.5, 0.5], "rotation": 180, "texture": "#3"},
				"south": {"uv": [0, 0, 0.5, 0.5], "rotation": 90, "texture": "#3"},
				"west": {"uv": [0, 0, 0.5, 0.5], "texture": "#3"},
				"up": {"uv": [0, 0, 0.5, 0.5], "rotation": 90, "texture": "#3"},
				"down": {"uv": [0, 0, 0.5, 0.5], "rotation": 90, "texture": "#3"}
			}
		},
		{
			"name": "octagon",
			"from": [5.51472, 5.52826, 8.10761],
			"to": [10.48528, 6.02905, 9.96729],
			"rotation": {"angle": -22.5, "axis": "x", "origin": [8, 0.02826, 8.60761]},
			"faces": {
				"north": {"uv": [1.5625, 10.5625, 1.6625, 10.6625], "texture": "#1"},
				"east": {"uv": [1.5625, 10.5625, 1.6625, 10.6625], "texture": "#1"},
				"south": {"uv": [1.5625, 10.5625, 1.6625, 10.6625], "texture": "#1"},
				"west": {"uv": [1.5625, 10.5625, 1.6625, 10.6625], "texture": "#1"},
				"up": {"uv": [1.5625, 10.5625, 1.6625, 10.6625], "texture": "#1"},
				"down": {"uv": [1.5625, 10.5625, 1.6625, 10.6625], "texture": "#1"}
			}
		},
		{
			"name": "octagon",
			"from": [8.08538, 5.52826, 7.56739],
			"to": [9.94506, 6.02905, 12.53795],
			"rotation": {"angle": -22.5, "axis": "z", "origin": [9.44506, 0.02826, 10.05267]},
			"faces": {
				"north": {"uv": [0, 0.5, 0.5, 0], "rotation": 270, "texture": "#3"},
				"east": {"uv": [0.5, 0, 0, 0.5], "texture": "#3"},
				"south": {"uv": [0, 0.5, 0.5, 0], "rotation": 90, "texture": "#3"},
				"west": {"uv": [0.5, 0, 0, 0.5], "rotation": 180, "texture": "#3"},
				"up": {"uv": [0, 0.5, 0.5, 0], "rotation": 90, "texture": "#3"},
				"down": {"uv": [0, 0.5, 0.5, 0], "rotation": 90, "texture": "#3"}
			}
		},
		{
			"name": "octagon",
			"from": [5.51472, 5.5926, 7.56739],
			"to": [10.48528, 6.0926, 12.53795],
			"rotation": {"angle": 0, "axis": "y", "origin": [8, 0.0926, 11.77808]},
			"faces": {
				"north": {"uv": [0, 0, 0.5, 0.5], "rotation": 180, "texture": "#3"},
				"east": {"uv": [0, 0, 0.5, 0.5], "rotation": 90, "texture": "#3"},
				"south": {"uv": [0, 0, 0.5, 0.5], "texture": "#3"},
				"west": {"uv": [0, 0, 0.5, 0.5], "rotation": 270, "texture": "#3"},
				"up": {"uv": [0, 0, 0.5, 0.5], "texture": "#3"},
				"down": {"uv": [0, 0, 0.5, 0.5], "rotation": 180, "texture": "#3"}
			}
		},
		{
			"name": "octagon",
			"from": [2, 0.0421, 7.56739],
			"to": [2.5, 3.0421, 12.53795],
			"rotation": {"angle": 45, "axis": "y", "origin": [8, 0.5421, 10.05267]},
			"faces": {
				"north": {"uv": [0, 0, 0.5, 0.5], "texture": "#1"},
				"east": {"uv": [0, 0, 0.5, 0.5], "texture": "#1"},
				"south": {"uv": [0, 0, 0.5, 0.5], "texture": "#1"},
				"west": {"uv": [0, 0, 0.5, 0.5], "texture": "#1"},
				"up": {"uv": [0, 0, 0.5, 0.5], "texture": "#1"},
				"down": {"uv": [0, 0, 0.5, 0.5], "texture": "#1"}
			}
		},
		{
			"name": "octagon",
			"from": [2, 0.0421, 7.56739],
			"to": [2.5, 3.0421, 12.53795],
			"rotation": {"angle": 0, "axis": "y", "origin": [8, 0.5421, 10.05267]},
			"faces": {
				"north": {"uv": [0, 0, 0.5, 0.5], "texture": "#3"},
				"east": {"uv": [0, 0, 0.5, 0.5], "texture": "#3"},
				"south": {"uv": [0, 0, 0.5, 0.5], "texture": "#3"},
				"west": {"uv": [0, 0, 0.5, 0.5], "texture": "#3"},
				"up": {"uv": [0, 0, 0.5, 0.5], "texture": "#3"},
				"down": {"uv": [0, 0, 0.5, 0.5], "texture": "#3"}
			}
		},
		{
			"name": "octagon",
			"from": [13.5, 0.0421, 7.56739],
			"to": [14, 3.0421, 12.53795],
			"rotation": {"angle": 45, "axis": "y", "origin": [8, 0.5421, 10.05267]},
			"faces": {
				"north": {"uv": [0, 0, 0.5, 0.5], "texture": "#1"},
				"east": {"uv": [0, 0, 0.5, 0.5], "texture": "#1"},
				"south": {"uv": [0, 0, 0.5, 0.5], "texture": "#1"},
				"west": {"uv": [0, 0, 0.5, 0.5], "texture": "#1"},
				"up": {"uv": [0, 0, 0.5, 0.5], "texture": "#1"},
				"down": {"uv": [0, 0, 0.5, 0.5], "texture": "#1"}
			}
		},
		{
			"name": "octagon",
			"from": [13.5, 0.0421, 7.56739],
			"to": [14, 3.0421, 12.53795],
			"rotation": {"angle": 0, "axis": "y", "origin": [8, 0.5421, 10.05267]},
			"faces": {
				"north": {"uv": [0, 0, 0.5, 0.5], "texture": "#3"},
				"east": {"uv": [0, 0, 0.5, 0.5], "texture": "#3"},
				"south": {"uv": [0, 0, 0.5, 0.5], "texture": "#3"},
				"west": {"uv": [0, 0, 0.5, 0.5], "texture": "#3"},
				"up": {"uv": [0, 0, 0.5, 0.5], "texture": "#3"},
				"down": {"uv": [0, 0, 0.5, 0.5], "texture": "#3"}
			}
		},
		{
			"name": "octagon",
			"from": [5.78532, 3.0421, 4.32327],
			"to": [10.21468, 3.96598, 5.05267],
			"rotation": {"angle": 45, "axis": "y", "origin": [8, 3.5421, 10.05267]},
			"faces": {
				"north": {"uv": [0, 0, 0.5, 0.5], "texture": "#1"},
				"east": {"uv": [0, 0, 0.5, 0.5], "texture": "#1"},
				"south": {"uv": [0, 0, 0.5, 0.5], "texture": "#1"},
				"west": {"uv": [0, 0, 0.5, 0.5], "texture": "#1"},
				"up": {"uv": [0, 0, 0.5, 0.5], "texture": "#1"},
				"down": {"uv": [0, 0, 0.5, 0.5], "texture": "#1"}
			}
		},
		{
			"name": "octagon",
			"from": [5.78532, 3.0421, 15.05267],
			"to": [10.21468, 3.96598, 15.78207],
			"rotation": {"angle": 45, "axis": "y", "origin": [8, 3.5421, 10.05267]},
			"faces": {
				"north": {"uv": [0, 0, 0.5, 0.5], "texture": "#1"},
				"east": {"uv": [0, 0, 0.5, 0.5], "texture": "#1"},
				"south": {"uv": [0, 0, 0.5, 0.5], "texture": "#1"},
				"west": {"uv": [0, 0, 0.5, 0.5], "texture": "#1"},
				"up": {"uv": [0, 0, 0.5, 0.5], "texture": "#1"},
				"down": {"uv": [0, 0, 0.5, 0.5], "texture": "#1"}
			}
		},
		{
			"name": "octagon",
			"from": [2.2706, 3.0421, 7.83799],
			"to": [3, 3.96598, 12.26735],
			"rotation": {"angle": 45, "axis": "y", "origin": [8, 3.5421, 10.05267]},
			"faces": {
				"north": {"uv": [0, 0, 0.5, 0.5], "texture": "#1"},
				"east": {"uv": [0, 0, 0.5, 0.5], "texture": "#1"},
				"south": {"uv": [0, 0, 0.5, 0.5], "texture": "#1"},
				"west": {"uv": [0, 0, 0.5, 0.5], "texture": "#1"},
				"up": {"uv": [0, 0, 0.5, 0.5], "texture": "#1"},
				"down": {"uv": [0, 0, 0.5, 0.5], "texture": "#1"}
			}
		},
		{
			"name": "octagon",
			"from": [13, 3.0421, 7.83799],
			"to": [13.7294, 3.96598, 12.26735],
			"rotation": {"angle": 45, "axis": "y", "origin": [8, 3.5421, 10.05267]},
			"faces": {
				"north": {"uv": [0, 0, 0.5, 0.5], "texture": "#1"},
				"east": {"uv": [0, 0, 0.5, 0.5], "texture": "#1"},
				"south": {"uv": [0, 0, 0.5, 0.5], "texture": "#1"},
				"west": {"uv": [0, 0, 0.5, 0.5], "texture": "#1"},
				"up": {"uv": [0, 0, 0.5, 0.5], "texture": "#1"},
				"down": {"uv": [0, 0, 0.5, 0.5], "texture": "#1"}
			}
		},
		{
			"name": "octagon",
			"from": [7.78532, 4.65631, 5.73748],
			"to": [10.21468, 5.38019, 6.46688],
			"rotation": {"angle": 45, "axis": "y", "origin": [8, 4.95631, 11.46688]},
			"faces": {
				"north": {"uv": [0, 0, 0.5, 0.5], "texture": "#1"},
				"east": {"uv": [0, 0, 0.5, 0.5], "texture": "#1"},
				"south": {"uv": [0, 0, 0.5, 0.5], "texture": "#1"},
				"west": {"uv": [0, 0, 0.5, 0.5], "texture": "#1"},
				"up": {"uv": [0, 0, 0.5, 0.5], "texture": "#1"},
				"down": {"uv": [0, 0, 0.5, 0.5], "texture": "#1"}
			}
		},
		{
			"name": "octagon",
			"from": [5.78532, 4.65631, 5.73748],
			"to": [8.21468, 5.38019, 6.46688],
			"rotation": {"angle": -45, "axis": "y", "origin": [8, 4.95631, 11.46688]},
			"faces": {
				"north": {"uv": [0.5, 0, 0, 0.5], "texture": "#1"},
				"east": {"uv": [0.5, 0, 0, 0.5], "texture": "#1"},
				"south": {"uv": [0.5, 0, 0, 0.5], "texture": "#1"},
				"west": {"uv": [0.5, 0, 0, 0.5], "texture": "#1"},
				"up": {"uv": [0.5, 0, 0, 0.5], "texture": "#1"},
				"down": {"uv": [0.5, 0, 0, 0.5], "texture": "#1"}
			}
		},
		{
			"name": "octagon",
			"from": [5.78532, 4.65631, 13.63846],
			"to": [8.21468, 5.38019, 14.36786],
			"rotation": {"angle": 45, "axis": "y", "origin": [8, 4.95631, 8.63846]},
			"faces": {
				"north": {"uv": [0, 0, 0.5, 0.5], "texture": "#1"},
				"east": {"uv": [0, 0, 0.5, 0.5], "texture": "#1"},
				"south": {"uv": [0, 0, 0.5, 0.5], "texture": "#1"},
				"west": {"uv": [0, 0, 0.5, 0.5], "texture": "#1"},
				"up": {"uv": [0.5, 0.5, 0, 0], "texture": "#1"},
				"down": {"uv": [0.5, 0.5, 0, 0], "texture": "#1"}
			}
		},
		{
			"name": "octagon",
			"from": [7.78532, 4.65631, 13.63846],
			"to": [10.21468, 5.38019, 14.36786],
			"rotation": {"angle": -45, "axis": "y", "origin": [8, 4.95631, 8.63846]},
			"faces": {
				"north": {"uv": [0.5, 0, 0, 0.5], "texture": "#1"},
				"east": {"uv": [0.5, 0, 0, 0.5], "texture": "#1"},
				"south": {"uv": [0.5, 0, 0, 0.5], "texture": "#1"},
				"west": {"uv": [0.5, 0, 0, 0.5], "texture": "#1"},
				"up": {"uv": [0, 0.5, 0.5, 0], "texture": "#1"},
				"down": {"uv": [0, 0.5, 0.5, 0], "texture": "#1"}
			}
		},
		{
			"name": "octagon",
			"from": [8.28532, 5.15631, 6.23748],
			"to": [9.71468, 5.63019, 6.96688],
			"rotation": {"angle": 45, "axis": "y", "origin": [8, 4.95631, 11.46688]},
			"faces": {
				"north": {"uv": [0, 0, 0.5, 0.5], "texture": "#1"},
				"east": {"uv": [0, 0, 0.5, 0.5], "texture": "#1"},
				"south": {"uv": [0, 0, 0.5, 0.5], "texture": "#1"},
				"west": {"uv": [0, 0, 0.5, 0.5], "texture": "#1"},
				"up": {"uv": [0, 0, 0.5, 0.5], "texture": "#1"},
				"down": {"uv": [0, 0, 0.5, 0.5], "texture": "#1"}
			}
		},
		{
			"name": "octagon",
			"from": [6.28532, 5.15631, 6.23748],
			"to": [7.71468, 5.63019, 6.96688],
			"rotation": {"angle": -45, "axis": "y", "origin": [8, 4.95631, 11.46688]},
			"faces": {
				"north": {"uv": [0.5, 0, 0, 0.5], "texture": "#1"},
				"east": {"uv": [0.5, 0, 0, 0.5], "texture": "#1"},
				"south": {"uv": [0.5, 0, 0, 0.5], "texture": "#1"},
				"west": {"uv": [0.5, 0, 0, 0.5], "texture": "#1"},
				"up": {"uv": [0.5, 0, 0, 0.5], "texture": "#1"},
				"down": {"uv": [0.5, 0, 0, 0.5], "texture": "#1"}
			}
		},
		{
			"name": "octagon",
			"from": [6.28532, 5.15631, 13.13846],
			"to": [7.71468, 5.63019, 13.86786],
			"rotation": {"angle": 45, "axis": "y", "origin": [8, 4.95631, 8.63846]},
			"faces": {
				"north": {"uv": [0, 0, 0.5, 0.5], "texture": "#1"},
				"east": {"uv": [0, 0, 0.5, 0.5], "texture": "#1"},
				"south": {"uv": [0, 0, 0.5, 0.5], "texture": "#1"},
				"west": {"uv": [0, 0, 0.5, 0.5], "texture": "#1"},
				"up": {"uv": [0.5, 0.5, 0, 0], "texture": "#1"},
				"down": {"uv": [0.5, 0.5, 0, 0], "texture": "#1"}
			}
		},
		{
			"name": "octagon",
			"from": [8.28532, 5.15631, 13.13846],
			"to": [9.71468, 5.63019, 13.86786],
			"rotation": {"angle": -45, "axis": "y", "origin": [8, 4.95631, 8.63846]},
			"faces": {
				"north": {"uv": [0.5, 0, 0, 0.5], "texture": "#1"},
				"east": {"uv": [0.5, 0, 0, 0.5], "texture": "#1"},
				"south": {"uv": [0.5, 0, 0, 0.5], "texture": "#1"},
				"west": {"uv": [0.5, 0, 0, 0.5], "texture": "#1"},
				"up": {"uv": [0, 0.5, 0.5, 0], "texture": "#1"},
				"down": {"uv": [0, 0.5, 0.5, 0], "texture": "#1"}
			}
		},
		{
			"name": "octagon",
			"from": [7.28532, 3.55631, 5.23748],
			"to": [10.71468, 4.68019, 5.96688],
			"rotation": {"angle": 45, "axis": "y", "origin": [8, 4.05631, 11.46688]},
			"faces": {
				"north": {"uv": [0, 0, 0.5, 0.5], "texture": "#1"},
				"east": {"uv": [0, 0, 0.5, 0.5], "texture": "#1"},
				"south": {"uv": [0, 0, 0.5, 0.5], "texture": "#1"},
				"west": {"uv": [0, 0, 0.5, 0.5], "texture": "#1"},
				"up": {"uv": [0, 0, 0.5, 0.5], "texture": "#1"},
				"down": {"uv": [0, 0, 0.5, 0.5], "texture": "#1"}
			}
		},
		{
			"name": "octagon",
			"from": [5.28532, 3.55631, 5.23748],
			"to": [8.71468, 4.68019, 5.96688],
			"rotation": {"angle": -45, "axis": "y", "origin": [8, 4.05631, 11.46688]},
			"faces": {
				"north": {"uv": [0.5, 0, 0, 0.5], "texture": "#1"},
				"east": {"uv": [0.5, 0, 0, 0.5], "texture": "#1"},
				"south": {"uv": [0.5, 0, 0, 0.5], "texture": "#1"},
				"west": {"uv": [0.5, 0, 0, 0.5], "texture": "#1"},
				"up": {"uv": [0.5, 0, 0, 0.5], "texture": "#1"},
				"down": {"uv": [0.5, 0, 0, 0.5], "texture": "#1"}
			}
		},
		{
			"name": "octagon",
			"from": [5.28532, 3.55631, 14.13846],
			"to": [8.71468, 4.68019, 14.86786],
			"rotation": {"angle": 45, "axis": "y", "origin": [8, 4.05631, 8.63846]},
			"faces": {
				"north": {"uv": [0, 0, 0.5, 0.5], "texture": "#1"},
				"east": {"uv": [0, 0, 0.5, 0.5], "texture": "#1"},
				"south": {"uv": [0, 0, 0.5, 0.5], "texture": "#1"},
				"west": {"uv": [0, 0, 0.5, 0.5], "texture": "#1"},
				"up": {"uv": [0.5, 0.5, 0, 0], "texture": "#1"},
				"down": {"uv": [0.5, 0.5, 0, 0], "texture": "#1"}
			}
		},
		{
			"name": "octagon",
			"from": [7.28532, 3.55631, 14.13846],
			"to": [10.71468, 4.68019, 14.86786],
			"rotation": {"angle": -45, "axis": "y", "origin": [8, 4.05631, 8.63846]},
			"faces": {
				"north": {"uv": [0.5, 0, 0, 0.5], "texture": "#1"},
				"east": {"uv": [0.5, 0, 0, 0.5], "texture": "#1"},
				"south": {"uv": [0.5, 0, 0, 0.5], "texture": "#1"},
				"west": {"uv": [0.5, 0, 0, 0.5], "texture": "#1"},
				"up": {"uv": [0, 0.5, 0.5, 0], "texture": "#1"},
				"down": {"uv": [0, 0.5, 0.5, 0], "texture": "#1"}
			}
		},
		{
			"name": "hexadecagon",
			"from": [6.80653, 0.0421, -1.12609],
			"to": [9.19347, 0.8171, 3.87391],
			"rotation": {"angle": -45, "axis": "y", "origin": [8, 0.5421, 4.87391]},
			"faces": {
				"north": {"uv": [0, 0, 0.5, 0.5], "texture": "#3"},
				"east": {"uv": [0, 0, 0.5, 0.5], "texture": "#3"},
				"south": {"uv": [0, 0, 0.5, 0.5], "texture": "#3"},
				"west": {"uv": [0, 0, 0.5, 0.5], "texture": "#3"},
				"up": {"uv": [0, 0, 0.5, 0.5], "texture": "#3"},
				"down": {"uv": [0, 0, 0.5, 0.5], "texture": "#3"}
			}
		},
		{
			"name": "hexadecagon",
			"from": [6.80653, 0.0421, -1.12609],
			"to": [9.19347, 0.8171, 3.87391],
			"rotation": {"angle": -22.5, "axis": "y", "origin": [8, 0.5421, 4.87391]},
			"faces": {
				"north": {"uv": [0, 0, 0.5, 0.5], "texture": "#3"},
				"east": {"uv": [0, 0, 0.5, 0.5], "texture": "#3"},
				"south": {"uv": [0, 0, 0.5, 0.5], "texture": "#3"},
				"west": {"uv": [0, 0, 0.5, 0.5], "texture": "#3"},
				"up": {"uv": [0, 0, 0.5, 0.5], "texture": "#3"},
				"down": {"uv": [0, 0, 0.5, 0.5], "texture": "#3"}
			}
		},
		{
			"name": "hexadecagon",
			"from": [6.80653, 0.0421, -1.12609],
			"to": [9.19347, 0.8171, 4.87391],
			"rotation": {"angle": 0, "axis": "y", "origin": [8, 0.5421, 4.87391]},
			"faces": {
				"north": {"uv": [0, 0, 0.5, 0.5], "texture": "#3"},
				"east": {"uv": [0, 0, 0.5, 0.5], "texture": "#3"},
				"south": {"uv": [0, 0, 0.5, 0.5], "texture": "#3"},
				"west": {"uv": [0, 0, 0.5, 0.5], "texture": "#3"},
				"up": {"uv": [0, 0, 0.5, 0.5], "texture": "#3"},
				"down": {"uv": [0, 0, 0.5, 0.5], "texture": "#3"}
			}
		},
		{
			"name": "hexadecagon",
			"from": [6.80653, 0.0421, -1.12609],
			"to": [9.19347, 0.8171, 3.87391],
			"rotation": {"angle": 22.5, "axis": "y", "origin": [8, 0.5421, 4.87391]},
			"faces": {
				"north": {"uv": [0, 0, 0.5, 0.5], "texture": "#3"},
				"east": {"uv": [0, 0, 0.5, 0.5], "texture": "#3"},
				"south": {"uv": [0, 0, 0.5, 0.5], "texture": "#3"},
				"west": {"uv": [0, 0, 0.5, 0.5], "texture": "#3"},
				"up": {"uv": [0, 0, 0.5, 0.5], "texture": "#3"},
				"down": {"uv": [0, 0, 0.5, 0.5], "texture": "#3"}
			}
		},
		{
			"name": "hexadecagon",
			"from": [6.80653, 0.0421, -1.12609],
			"to": [9.19347, 0.8171, 3.87391],
			"rotation": {"angle": 45, "axis": "y", "origin": [8, 0.5421, 4.87391]},
			"faces": {
				"north": {"uv": [0, 0, 0.5, 0.5], "texture": "#3"},
				"east": {"uv": [0, 0, 0.5, 0.5], "texture": "#3"},
				"south": {"uv": [0, 0, 0.5, 0.5], "texture": "#3"},
				"west": {"uv": [0, 0, 0.5, 0.5], "texture": "#3"},
				"up": {"uv": [0, 0, 0.5, 0.5], "texture": "#3"},
				"down": {"uv": [0, 0, 0.5, 0.5], "texture": "#3"}
			}
		},
		{
			"name": "hexadecagon",
			"from": [2, 0.0421, 3.68044],
			"to": [7, 0.8171, 6.06739],
			"rotation": {"angle": -22.5, "axis": "y", "origin": [8, 0.5421, 4.87391]},
			"faces": {
				"north": {"uv": [0, 0, 0.5, 0.5], "texture": "#3"},
				"east": {"uv": [0, 0, 0.5, 0.5], "texture": "#3"},
				"south": {"uv": [0, 0, 0.5, 0.5], "texture": "#3"},
				"west": {"uv": [0, 0, 0.5, 0.5], "texture": "#3"},
				"up": {"uv": [0, 0, 0.5, 0.5], "texture": "#3"},
				"down": {"uv": [0, 0, 0.5, 0.5], "texture": "#3"}
			}
		},
		{
			"name": "hexadecagon",
			"from": [2, 0.0421, 3.68044],
			"to": [14, 0.8171, 7.56739],
			"rotation": {"angle": 0, "axis": "y", "origin": [8, 0.5421, 4.87391]},
			"faces": {
				"north": {"uv": [0, 0, 0.5, 0.5], "texture": "#3"},
				"east": {"uv": [0, 0, 0.5, 0.5], "texture": "#3"},
				"south": {"uv": [0, 0, 0.5, 0.5], "texture": "#3"},
				"west": {"uv": [0, 0, 0.5, 0.5], "texture": "#3"},
				"up": {"uv": [0, 0, 0.5, 0.5], "texture": "#3"},
				"down": {"uv": [0, 0, 0.5, 0.5], "texture": "#3"}
			}
		},
		{
			"name": "hexadecagon",
			"from": [9, 0.0421, 3.68044],
			"to": [14, 0.8171, 6.06739],
			"rotation": {"angle": 22.5, "axis": "y", "origin": [8, 0.5421, 4.87391]},
			"faces": {
				"north": {"uv": [0, 0, 0.5, 0.5], "texture": "#3"},
				"east": {"uv": [0, 0, 0.5, 0.5], "texture": "#3"},
				"south": {"uv": [0, 0, 0.5, 0.5], "texture": "#3"},
				"west": {"uv": [0, 0, 0.5, 0.5], "texture": "#3"},
				"up": {"uv": [0, 0, 0.5, 0.5], "texture": "#3"},
				"down": {"uv": [0, 0, 0.5, 0.5], "texture": "#3"}
			}
		},
		{
			"name": "octagon",
			"from": [6, 2.0421, 3.95267],
			"to": [10, 3.0421, 4.45267],
			"rotation": {"angle": 0, "axis": "y", "origin": [7.51472, 0.5421, 9.95267]},
			"faces": {
				"north": {"uv": [0, 11.875, 16, 16], "texture": "#2"},
				"east": {"uv": [0, 0, 0, 0], "texture": "#2"},
				"south": {"uv": [0, 0, 0, 0], "texture": "#2"},
				"west": {"uv": [0, 0, 0, 0], "texture": "#2"},
				"up": {"uv": [0, 0, 0, 0], "texture": "#2"},
				"down": {"uv": [0, 0, 0, 0], "texture": "#2"}
			}
		},
		{
			"name": "octagon",
			"from": [6, 0.70794, 3.68729],
			"to": [10, 1.70794, 4.18729],
			"rotation": {"angle": 22.5, "axis": "x", "origin": [7.51472, 1.20794, 9.68729]},
			"faces": {
				"north": {"uv": [0, 7.938, 16, 11.874], "texture": "#2"},
				"east": {"uv": [0, 0, 0, 0], "texture": "#2"},
				"south": {"uv": [0, 0, 0, 0], "texture": "#2"},
				"west": {"uv": [0, 0, 0, 0], "texture": "#2"},
				"up": {"uv": [0, 0, 0, 0], "texture": "#2"},
				"down": {"uv": [0, 0, 0, 0], "texture": "#2"}
			}
		},
		{
			"name": "octagon",
			"from": [6, 5.57689, 8.43155],
			"to": [10, 6.07689, 10.43155],
			"rotation": {"angle": -45, "axis": "x", "origin": [7.51472, 0.07689, 8.93155]},
			"faces": {
				"north": {"uv": [0, 0, 0, 0], "texture": "#2"},
				"east": {"uv": [0, 0, 0, 0], "texture": "#2"},
				"south": {"uv": [0, 0, 0, 0], "texture": "#2"},
				"west": {"uv": [0, 0, 0, 0], "texture": "#2"},
				"up": {"uv": [0, 0, 16, 7.999], "rotation": 180, "texture": "#2"},
				"down": {"uv": [0, 0, 0, 0], "texture": "#2"}
			}
		}
	],
	"gui_light": "front",
	"display": {
		"thirdperson_righthand": {
			"rotation": [67, 0, 0],
			"translation": [1, 1.25, 2.25],
			"scale": [0.5, 0.5, 0.5]
		},
		"thirdperson_lefthand": {
			"rotation": [67, 0, 0],
			"translation": [1, 1.25, 2.25],
			"scale": [0.5, 0.5, 0.5]
		},
		"firstperson_righthand": {
			"rotation": [0, -180, 0],
			"translation": [-1.25, 7.25, 0.25],
			"scale": [0.5, 0.5, 0.5]
		},
		"firstperson_lefthand": {
			"rotation": [0, -180, 0],
			"translation": [-1.25, 7.25, 0.25],
			"scale": [0.5, 0.5, 0.5]
		},
		"ground": {
			"translation": [0, 2, 0],
			"scale": [0.7, 0.7, 0.7]
		},
		"gui": {
			"rotation": [23, 150, 0],
			"translation": [0.5, 4.5, 0],
			"scale": [0.86, 0.86, 0.86]
		},
		"head": {
			"translation": [0, 15.5, 0],
			"scale": [1.07, 1.14, 1.18]
		},
		"fixed": {
			"translation": [0, 5, -0.75]
		}
	},
	"groups": [
		{
			"name": "pridebaseballcap",
			"origin": [8, 8, 8],
			"children": [
				{
					"name": "hat_body",
					"origin": [8, 8, 8],
					"children": [0, 1, 2, 3, 4, 5, 6, 7, 8, 9, 10, 11, 12, 13, 14, 15, 16, 17, 18, 19, 20, 21, 22, 23, 24, 25, 26, 27, 28, 29, 30, 31, 32, 33, 34, 35, 36]
				},
				{
					"name": "hat_rim",
					"origin": [8, 8, 8],
					"children": [37, 38, 39, 40, 41, 42, 43, 44]
				},
				{
					"name": "group",
					"origin": [8, 0.5, 8],
					"children": [45, 46, 47]
				}
			]
		}
	]
}
