{
	"credit": "Made with Blockbench",
	"textures": {
		"0": "blocks/wool_colored_black",
		"1": "blocks/wool_colored_white",
		"2": "custom/palette",
		"particle": "blocks/wool_colored_black"
	},
	"elements": [
		{
			"from": [-1, 0, 11],
			"to": [21, 1, 13],
			"faces": {
				"north": {"uv": [5.61832, 7.6458, 5.88702, 7.9145], "texture": "#2"},
				"east": {"uv": [5.61832, 7.6458, 5.88702, 7.9145], "texture": "#2"},
				"south": {"uv": [5.61832, 7.6458, 5.88702, 7.9145], "texture": "#2"},
				"west": {"uv": [5.61832, 7.6458, 5.88702, 7.9145], "texture": "#2"},
				"up": {"uv": [5.61832, 7.6458, 5.88702, 7.9145], "texture": "#2"},
				"down": {"uv": [5.61832, 7.6458, 5.88702, 7.9145], "texture": "#2"}
			}
		},
		{
			"from": [-1, 0, 9],
			"to": [21, 1, 11],
			"faces": {
				"north": {"uv": [8.6229, 6.71756, 8.81832, 6.88855], "texture": "#2"},
				"east": {"uv": [8.6229, 6.71756, 8.81832, 6.88855], "texture": "#2"},
				"south": {"uv": [8.6229, 6.71756, 8.81832, 6.88855], "texture": "#2"},
				"west": {"uv": [8.6229, 6.71756, 8.81832, 6.88855], "texture": "#2"},
				"up": {"uv": [8.6229, 6.71756, 8.81832, 6.88855], "texture": "#2"},
				"down": {"uv": [8.6229, 6.71756, 8.81832, 6.88855], "texture": "#2"}
			}
		},
		{
			"from": [-1, 0, 7],
			"to": [21, 1, 9],
			"faces": {
				"north": {"uv": [12.5313, 4.20153, 12.84885, 4.49466], "texture": "#2"},
				"east": {"uv": [12.5313, 4.20153, 12.84885, 4.49466], "texture": "#2"},
				"south": {"uv": [12.5313, 4.20153, 12.84885, 4.49466], "texture": "#2"},
				"west": {"uv": [12.5313, 4.20153, 12.84885, 4.49466], "texture": "#2"},
				"up": {"uv": [12.5313, 4.20153, 12.84885, 4.49466], "texture": "#2"},
				"down": {"uv": [12.5313, 4.20153, 12.84885, 4.49466], "texture": "#2"}
			}
		},
		{
			"from": [-1, 0, 5],
			"to": [21, 1, 7],
			"faces": {
				"north": {"uv": [13.65496, 2.68702, 13.85038, 2.98015], "texture": "#2"},
				"east": {"uv": [13.65496, 2.68702, 13.85038, 2.98015], "texture": "#2"},
				"south": {"uv": [13.65496, 2.68702, 13.85038, 2.98015], "texture": "#2"},
				"west": {"uv": [13.65496, 2.68702, 13.85038, 2.98015], "texture": "#2"},
				"up": {"uv": [13.65496, 2.68702, 13.85038, 2.98015], "texture": "#2"},
				"down": {"uv": [13.65496, 2.68702, 13.85038, 2.98015], "texture": "#2"}
			}
		},
		{
			"from": [-1, 0, 3],
			"to": [21, 1, 5],
			"faces": {
				"north": {"uv": [8.0855, 2.2229, 8.37863, 2.46718], "texture": "#2"},
				"east": {"uv": [8.0855, 2.2229, 8.37863, 2.46718], "texture": "#2"},
				"south": {"uv": [8.0855, 2.2229, 8.37863, 2.46718], "texture": "#2"},
				"west": {"uv": [8.0855, 2.2229, 8.37863, 2.46718], "texture": "#2"},
				"up": {"uv": [8.0855, 2.2229, 8.37863, 2.46718], "texture": "#2"},
				"down": {"uv": [8.0855, 2.2229, 8.37863, 2.46718], "texture": "#2"}
			}
		},
		{
			"from": [-1, 0, 1],
			"to": [21, 1, 3],
			"faces": {
				"north": {"uv": [2.14962, 1.66107, 2.41832, 2.02748], "texture": "#2"},
				"east": {"uv": [2.14962, 1.66107, 2.41832, 2.02748], "texture": "#2"},
				"south": {"uv": [2.14962, 1.66107, 2.41832, 2.02748], "texture": "#2"},
				"west": {"uv": [2.14962, 1.66107, 2.41832, 2.02748], "texture": "#2"},
				"up": {"uv": [2.14962, 1.66107, 2.41832, 2.02748], "texture": "#2"},
				"down": {"uv": [2.14962, 1.66107, 2.41832, 2.02748], "texture": "#2"}
			}
		},
		{
			"from": [-1, 0, -1],
			"to": [21, 1, 1],
			"faces": {
				"north": {"uv": [15.0229, 10.23511, 15.24275, 10.45496], "texture": "#2"},
				"east": {"uv": [15.0229, 10.23511, 15.24275, 10.45496], "texture": "#2"},
				"south": {"uv": [15.0229, 10.23511, 15.24275, 10.45496], "texture": "#2"},
				"west": {"uv": [15.0229, 10.23511, 15.24275, 10.45496], "texture": "#2"},
				"up": {"uv": [15.0229, 10.23511, 15.24275, 10.45496], "texture": "#2"},
				"down": {"uv": [15.0229, 10.23511, 15.24275, 10.45496], "texture": "#2"}
			}
		},
		{
			"from": [-1, 0, -3],
			"to": [21, 1, -1],
			"faces": {
				"north": {"uv": [9.08702, 13.65496, 9.38015, 13.85038], "texture": "#2"},
				"east": {"uv": [9.08702, 13.65496, 9.38015, 13.85038], "texture": "#2"},
				"south": {"uv": [9.08702, 13.65496, 9.38015, 13.85038], "texture": "#2"},
				"west": {"uv": [9.08702, 13.65496, 9.38015, 13.85038], "texture": "#2"},
				"up": {"uv": [9.08702, 13.65496, 9.38015, 13.85038], "texture": "#2"},
				"down": {"uv": [9.08702, 13.65496, 9.38015, 13.85038], "texture": "#2"}
			}
		},
		{
			"from": [-2, -1, 14],
			"to": [22, 0, 15],
			"faces": {
				"north": {"uv": [0, 0, 16, 1], "texture": "#0"},
				"east": {"uv": [0, 0, 1, 1], "texture": "#0"},
				"south": {"uv": [0, 0, 16, 1], "texture": "#0"},
				"west": {"uv": [0, 0, 1, 1], "texture": "#0"},
				"up": {"uv": [0, 0, 16, 1], "texture": "#0"},
				"down": {"uv": [0, 0, 16, 1], "texture": "#0"}
			}
		},
		{
			"from": [-2, -1, -5],
			"to": [22, 0, -4],
			"faces": {
				"north": {"uv": [0, 0, 16, 1], "texture": "#0"},
				"east": {"uv": [0, 0, 1, 1], "texture": "#0"},
				"south": {"uv": [0, 0, 16, 1], "texture": "#0"},
				"west": {"uv": [0, 0, 1, 1], "texture": "#0"},
				"up": {"uv": [0, 0, 16, 1], "texture": "#0"},
				"down": {"uv": [0, 0, 16, 1], "texture": "#0"}
			}
		},
		{
			"from": [-2, -1, 13],
			"to": [22, 0, 14],
			"faces": {
				"north": {"uv": [0, 0, 16, 1], "texture": "#1"},
				"east": {"uv": [0, 0, 16, 1], "texture": "#1"},
				"south": {"uv": [0, 0, 16, 1], "texture": "#1"},
				"west": {"uv": [0, 0, 16, 1], "texture": "#1"},
				"up": {"uv": [0, 0, 16, 1], "texture": "#1"},
				"down": {"uv": [0, 0, 16, 1], "texture": "#1"}
			}
		},
		{
			"from": [-2, -1, -4],
			"to": [22, 0, -3],
			"faces": {
				"north": {"uv": [0, 0, 16, 1], "texture": "#1"},
				"east": {"uv": [0, 0, 16, 1], "texture": "#1"},
				"south": {"uv": [0, 0, 16, 1], "texture": "#1"},
				"west": {"uv": [0, 0, 16, 1], "texture": "#1"},
				"up": {"uv": [0, 0, 16, 1], "texture": "#1"},
				"down": {"uv": [0, 0, 16, 1], "texture": "#1"}
			}
		},
		{
			"from": [-3, -1, -5],
			"to": [-2, 0, 15],
			"faces": {
				"north": {"uv": [0, 0, 1, 1], "texture": "#0"},
				"east": {"uv": [0, 0, 16, 1], "texture": "#0"},
				"south": {"uv": [0, 0, 1, 1], "texture": "#0"},
				"west": {"uv": [0, 0, 16, 1], "texture": "#0"},
				"up": {"uv": [0, 0, 1, 16], "texture": "#0"},
				"down": {"uv": [0, 0, 1, 16], "texture": "#0"}
			}
		},
		{
			"from": [22, -1, -5],
			"to": [23, 0, 15],
			"faces": {
				"north": {"uv": [0, 0, 1, 1], "texture": "#0"},
				"east": {"uv": [0, 0, 16, 1], "texture": "#0"},
				"south": {"uv": [0, 0, 1, 1], "texture": "#0"},
				"west": {"uv": [0, 0, 16, 1], "texture": "#0"},
				"up": {"uv": [0, 0, 1, 16], "texture": "#0"},
				"down": {"uv": [0, 0, 1, 16], "texture": "#0"}
			}
		},
		{
			"from": [-3, -2, -5],
			"to": [23, -1, 15],
			"faces": {
				"north": {"uv": [0, 0, 16, 1], "texture": "#0"},
				"east": {"uv": [0, 0, 16, 1], "texture": "#0"},
				"south": {"uv": [0, 0, 16, 1], "texture": "#0"},
				"west": {"uv": [0, 0, 16, 1], "texture": "#0"},
				"up": {"uv": [0, 0, 16, 16], "texture": "#0"},
				"down": {"uv": [0, 0, 16, 16], "texture": "#0"}
			}
		},
		{
			"from": [-2, -1, -3],
			"to": [-1, 0, 13],
			"faces": {
				"north": {"uv": [0, 0, 1, 16], "texture": "#1"},
				"east": {"uv": [0, 0, 1, 16], "texture": "#1"},
				"south": {"uv": [0, 0, 1, 16], "texture": "#1"},
				"west": {"uv": [0, 0, 1, 16], "texture": "#1"},
				"up": {"uv": [0, 0, 1, 16], "texture": "#1"},
				"down": {"uv": [0, 0, 1, 16], "texture": "#1"}
			}
		},
		{
			"from": [21, -1, -3],
			"to": [22, 0, 13],
			"faces": {
				"north": {"uv": [0, 0, 1, 16], "texture": "#1"},
				"east": {"uv": [0, 0, 1, 16], "texture": "#1"},
				"south": {"uv": [0, 0, 1, 16], "texture": "#1"},
				"west": {"uv": [0, 0, 1, 16], "texture": "#1"},
				"up": {"uv": [0, 0, 1, 16], "texture": "#1"},
				"down": {"uv": [0, 0, 1, 16], "texture": "#1"}
			}
		},
		{
			"from": [1, 1, -2],
			"to": [2, 2, -1],
			"faces": {
				"north": {"uv": [0, 0, 1, 1], "texture": "#1"},
				"east": {"uv": [0, 0, 1, 1], "texture": "#1"},
				"south": {"uv": [0, 0, 1, 1], "texture": "#1"},
				"west": {"uv": [0, 0, 1, 1], "texture": "#1"},
				"up": {"uv": [0, 0, 1, 1], "texture": "#1"},
				"down": {"uv": [0, 0, 1, 1], "texture": "#1"}
			}
		},
		{
			"from": [3, 1, 0],
			"to": [4, 2, 1],
			"faces": {
				"north": {"uv": [0, 0, 1, 1], "texture": "#1"},
				"east": {"uv": [0, 0, 1, 1], "texture": "#1"},
				"south": {"uv": [0, 0, 1, 1], "texture": "#1"},
				"west": {"uv": [0, 0, 1, 1], "texture": "#1"},
				"up": {"uv": [0, 0, 1, 1], "texture": "#1"},
				"down": {"uv": [0, 0, 1, 1], "texture": "#1"}
			}
		},
		{
			"from": [2, 1, -2],
			"to": [3, 2, -1],
			"faces": {
				"north": {"uv": [0, 0, 1, 1], "texture": "#1"},
				"east": {"uv": [0, 0, 1, 1], "texture": "#1"},
				"south": {"uv": [0, 0, 1, 1], "texture": "#1"},
				"west": {"uv": [0, 0, 1, 1], "texture": "#1"},
				"up": {"uv": [0, 0, 1, 1], "texture": "#1"},
				"down": {"uv": [0, 0, 1, 1], "texture": "#1"}
			}
		},
		{
			"from": [3, 1, -1],
			"to": [4, 2, 0],
			"faces": {
				"north": {"uv": [0, 0, 1, 1], "texture": "#1"},
				"east": {"uv": [0, 0, 1, 1], "texture": "#1"},
				"south": {"uv": [0, 0, 1, 1], "texture": "#1"},
				"west": {"uv": [0, 0, 1, 1], "texture": "#1"},
				"up": {"uv": [0, 0, 1, 1], "texture": "#1"},
				"down": {"uv": [0, 0, 1, 1], "texture": "#1"}
			}
		},
		{
			"from": [3, 1, -2],
			"to": [4, 2, -1],
			"faces": {
				"north": {"uv": [0, 0, 1, 1], "texture": "#1"},
				"east": {"uv": [0, 0, 1, 1], "texture": "#1"},
				"south": {"uv": [0, 0, 1, 1], "texture": "#1"},
				"west": {"uv": [0, 0, 1, 1], "texture": "#1"},
				"up": {"uv": [0, 0, 1, 1], "texture": "#1"},
				"down": {"uv": [0, 0, 1, 1], "texture": "#1"}
			}
		},
		{
			"from": [2, 1, 0],
			"to": [3, 2, 1],
			"faces": {
				"north": {"uv": [0, 0, 1, 1], "texture": "#1"},
				"east": {"uv": [0, 0, 1, 1], "texture": "#1"},
				"south": {"uv": [0, 0, 1, 1], "texture": "#1"},
				"west": {"uv": [0, 0, 1, 1], "texture": "#1"},
				"up": {"uv": [0, 0, 1, 1], "texture": "#1"},
				"down": {"uv": [0, 0, 1, 1], "texture": "#1"}
			}
		},
		{
			"from": [1, 1, 0],
			"to": [2, 2, 1],
			"faces": {
				"north": {"uv": [0, 0, 1, 1], "texture": "#1"},
				"east": {"uv": [0, 0, 1, 1], "texture": "#1"},
				"south": {"uv": [0, 0, 1, 1], "texture": "#1"},
				"west": {"uv": [0, 0, 1, 1], "texture": "#1"},
				"up": {"uv": [0, 0, 1, 1], "texture": "#1"},
				"down": {"uv": [0, 0, 1, 1], "texture": "#1"}
			}
		},
		{
			"from": [1, 1, 1],
			"to": [2, 2, 2],
			"faces": {
				"north": {"uv": [0, 0, 1, 1], "texture": "#1"},
				"east": {"uv": [0, 0, 1, 1], "texture": "#1"},
				"south": {"uv": [0, 0, 1, 1], "texture": "#1"},
				"west": {"uv": [0, 0, 1, 1], "texture": "#1"},
				"up": {"uv": [0, 0, 1, 1], "texture": "#1"},
				"down": {"uv": [0, 0, 1, 1], "texture": "#1"}
			}
		},
		{
			"from": [1, 1, 2],
			"to": [2, 2, 3],
			"faces": {
				"north": {"uv": [0, 0, 1, 1], "texture": "#1"},
				"east": {"uv": [0, 0, 1, 1], "texture": "#1"},
				"south": {"uv": [0, 0, 1, 1], "texture": "#1"},
				"west": {"uv": [0, 0, 1, 1], "texture": "#1"},
				"up": {"uv": [0, 0, 1, 1], "texture": "#1"},
				"down": {"uv": [0, 0, 1, 1], "texture": "#1"}
			}
		},
		{
			"from": [2, 1, 2],
			"to": [3, 2, 3],
			"faces": {
				"north": {"uv": [0, 0, 1, 1], "texture": "#1"},
				"east": {"uv": [0, 0, 1, 1], "texture": "#1"},
				"south": {"uv": [0, 0, 1, 1], "texture": "#1"},
				"west": {"uv": [0, 0, 1, 1], "texture": "#1"},
				"up": {"uv": [0, 0, 1, 1], "texture": "#1"},
				"down": {"uv": [0, 0, 1, 1], "texture": "#1"}
			}
		},
		{
			"from": [3, 1, 2],
			"to": [4, 2, 3],
			"faces": {
				"north": {"uv": [0, 0, 1, 1], "texture": "#1"},
				"east": {"uv": [0, 0, 1, 1], "texture": "#1"},
				"south": {"uv": [0, 0, 1, 1], "texture": "#1"},
				"west": {"uv": [0, 0, 1, 1], "texture": "#1"},
				"up": {"uv": [0, 0, 1, 1], "texture": "#1"},
				"down": {"uv": [0, 0, 1, 1], "texture": "#1"}
			}
		},
		{
			"from": [6, 1, -2],
			"to": [7.25, 2, -1],
			"faces": {
				"north": {"uv": [0, 0, 1.25, 1], "texture": "#1"},
				"east": {"uv": [0, 0, 1, 1], "texture": "#1"},
				"south": {"uv": [0, 0, 1.25, 1], "texture": "#1"},
				"west": {"uv": [0, 0, 1, 1], "texture": "#1"},
				"up": {"uv": [0, 0, 1.25, 1], "texture": "#1"},
				"down": {"uv": [0, 0, 1.25, 1], "texture": "#1"}
			}
		},
		{
			"from": [6, 1, 2],
			"to": [7.25, 2, 3],
			"faces": {
				"north": {"uv": [0, 0, 1.25, 1], "texture": "#1"},
				"east": {"uv": [0, 0, 1, 1], "texture": "#1"},
				"south": {"uv": [0, 0, 1.25, 1], "texture": "#1"},
				"west": {"uv": [0, 0, 1, 1], "texture": "#1"},
				"up": {"uv": [0, 0, 1.25, 1], "texture": "#1"},
				"down": {"uv": [0, 0, 1.25, 1], "texture": "#1"}
			}
		},
		{
			"from": [7.25, 1, -2],
			"to": [8.25, 2, 3],
			"faces": {
				"north": {"uv": [0, 0, 1, 1], "texture": "#1"},
				"east": {"uv": [0, 0, 5, 1], "texture": "#1"},
				"south": {"uv": [0, 0, 1, 1], "texture": "#1"},
				"west": {"uv": [0, 0, 5, 1], "texture": "#1"},
				"up": {"uv": [0, 0, 1, 5], "texture": "#1"},
				"down": {"uv": [0, 0, 1, 5], "texture": "#1"}
			}
		},
		{
			"from": [5, 1, -2],
			"to": [6, 2, 3],
			"faces": {
				"north": {"uv": [0, 0, 1, 1], "texture": "#1"},
				"east": {"uv": [0, 0, 5, 1], "texture": "#1"},
				"south": {"uv": [0, 0, 1, 1], "texture": "#1"},
				"west": {"uv": [0, 0, 5, 1], "texture": "#1"},
				"up": {"uv": [0, 0, 1, 5], "texture": "#1"},
				"down": {"uv": [0, 0, 1, 5], "texture": "#1"}
			}
		},
		{
			"from": [6.25, 1, 4],
			"to": [7.25, 2, 9],
			"faces": {
				"north": {"uv": [0, 0, 1, 1], "texture": "#1"},
				"east": {"uv": [0, 0, 5, 1], "texture": "#1"},
				"south": {"uv": [0, 0, 1, 1], "texture": "#1"},
				"west": {"uv": [0, 0, 5, 1], "texture": "#1"},
				"up": {"uv": [0, 0, 1, 5], "texture": "#1"},
				"down": {"uv": [0, 0, 1, 5], "texture": "#1"}
			}
		},
		{
			"from": [7.25, 1, 8],
			"to": [8.25, 2, 9],
			"faces": {
				"north": {"uv": [0, 0, 1, 1], "texture": "#1"},
				"east": {"uv": [0, 0, 1, 1], "texture": "#1"},
				"south": {"uv": [0, 0, 1, 1], "texture": "#1"},
				"west": {"uv": [0, 0, 1, 1], "texture": "#1"},
				"up": {"uv": [0, 0, 1, 1], "texture": "#1"},
				"down": {"uv": [0, 0, 1, 1], "texture": "#1"}
			}
		},
		{
			"from": [5.25, 1, 8],
			"to": [6.25, 2, 9],
			"faces": {
				"north": {"uv": [0, 0, 1, 1], "texture": "#1"},
				"east": {"uv": [0, 0, 1, 1], "texture": "#1"},
				"south": {"uv": [0, 0, 1, 1], "texture": "#1"},
				"west": {"uv": [0, 0, 1, 1], "texture": "#1"},
				"up": {"uv": [0, 0, 1, 1], "texture": "#1"},
				"down": {"uv": [0, 0, 1, 1], "texture": "#1"}
			}
		},
		{
			"from": [5.25, 1, 4],
			"to": [6.25, 2, 5],
			"faces": {
				"north": {"uv": [0, 0, 1, 1], "texture": "#1"},
				"east": {"uv": [0, 0, 1, 1], "texture": "#1"},
				"south": {"uv": [0, 0, 1, 1], "texture": "#1"},
				"west": {"uv": [0, 0, 1, 1], "texture": "#1"},
				"up": {"uv": [0, 0, 1, 1], "texture": "#1"},
				"down": {"uv": [0, 0, 1, 1], "texture": "#1"}
			}
		},
		{
			"from": [1, 1, 4],
			"to": [2, 2, 5],
			"faces": {
				"north": {"uv": [0, 0, 1, 1], "texture": "#1"},
				"east": {"uv": [0, 0, 1, 1], "texture": "#1"},
				"south": {"uv": [0, 0, 1, 1], "texture": "#1"},
				"west": {"uv": [0, 0, 1, 1], "texture": "#1"},
				"up": {"uv": [0, 0, 1, 1], "texture": "#1"},
				"down": {"uv": [0, 0, 1, 1], "texture": "#1"}
			}
		},
		{
			"from": [3, 1, 6],
			"to": [4, 2, 7],
			"faces": {
				"north": {"uv": [0, 0, 1, 1], "texture": "#1"},
				"east": {"uv": [0, 0, 1, 1], "texture": "#1"},
				"south": {"uv": [0, 0, 1, 1], "texture": "#1"},
				"west": {"uv": [0, 0, 1, 1], "texture": "#1"},
				"up": {"uv": [0, 0, 1, 1], "texture": "#1"},
				"down": {"uv": [0, 0, 1, 1], "texture": "#1"}
			}
		},
		{
			"from": [2, 1, 4],
			"to": [3, 2, 5],
			"faces": {
				"north": {"uv": [0, 0, 1, 1], "texture": "#1"},
				"east": {"uv": [0, 0, 1, 1], "texture": "#1"},
				"south": {"uv": [0, 0, 1, 1], "texture": "#1"},
				"west": {"uv": [0, 0, 1, 1], "texture": "#1"},
				"up": {"uv": [0, 0, 1, 1], "texture": "#1"},
				"down": {"uv": [0, 0, 1, 1], "texture": "#1"}
			}
		},
		{
			"from": [3, 1, 5],
			"to": [4, 2, 6],
			"faces": {
				"north": {"uv": [0, 0, 1, 1], "texture": "#1"},
				"east": {"uv": [0, 0, 1, 1], "texture": "#1"},
				"south": {"uv": [0, 0, 1, 1], "texture": "#1"},
				"west": {"uv": [0, 0, 1, 1], "texture": "#1"},
				"up": {"uv": [0, 0, 1, 1], "texture": "#1"},
				"down": {"uv": [0, 0, 1, 1], "texture": "#1"}
			}
		},
		{
			"from": [3, 1, 4],
			"to": [4, 2, 5],
			"faces": {
				"north": {"uv": [0, 0, 1, 1], "texture": "#1"},
				"east": {"uv": [0, 0, 1, 1], "texture": "#1"},
				"south": {"uv": [0, 0, 1, 1], "texture": "#1"},
				"west": {"uv": [0, 0, 1, 1], "texture": "#1"},
				"up": {"uv": [0, 0, 1, 1], "texture": "#1"},
				"down": {"uv": [0, 0, 1, 1], "texture": "#1"}
			}
		},
		{
			"from": [2, 1, 6],
			"to": [3, 2, 7],
			"faces": {
				"north": {"uv": [0, 0, 1, 1], "texture": "#1"},
				"east": {"uv": [0, 0, 1, 1], "texture": "#1"},
				"south": {"uv": [0, 0, 1, 1], "texture": "#1"},
				"west": {"uv": [0, 0, 1, 1], "texture": "#1"},
				"up": {"uv": [0, 0, 1, 1], "texture": "#1"},
				"down": {"uv": [0, 0, 1, 1], "texture": "#1"}
			}
		},
		{
			"from": [1, 1, 6],
			"to": [2, 2, 7],
			"faces": {
				"north": {"uv": [0, 0, 1, 1], "texture": "#1"},
				"east": {"uv": [0, 0, 1, 1], "texture": "#1"},
				"south": {"uv": [0, 0, 1, 1], "texture": "#1"},
				"west": {"uv": [0, 0, 1, 1], "texture": "#1"},
				"up": {"uv": [0, 0, 1, 1], "texture": "#1"},
				"down": {"uv": [0, 0, 1, 1], "texture": "#1"}
			}
		},
		{
			"from": [1, 1, 7],
			"to": [2, 2, 8],
			"faces": {
				"north": {"uv": [0, 0, 1, 1], "texture": "#1"},
				"east": {"uv": [0, 0, 1, 1], "texture": "#1"},
				"south": {"uv": [0, 0, 1, 1], "texture": "#1"},
				"west": {"uv": [0, 0, 1, 1], "texture": "#1"},
				"up": {"uv": [0, 0, 1, 1], "texture": "#1"},
				"down": {"uv": [0, 0, 1, 1], "texture": "#1"}
			}
		},
		{
			"from": [1, 1, 8],
			"to": [2, 2, 9],
			"faces": {
				"north": {"uv": [0, 0, 1, 1], "texture": "#1"},
				"east": {"uv": [0, 0, 1, 1], "texture": "#1"},
				"south": {"uv": [0, 0, 1, 1], "texture": "#1"},
				"west": {"uv": [0, 0, 1, 1], "texture": "#1"},
				"up": {"uv": [0, 0, 1, 1], "texture": "#1"},
				"down": {"uv": [0, 0, 1, 1], "texture": "#1"}
			}
		},
		{
			"from": [2, 1, 8],
			"to": [3, 2, 9],
			"faces": {
				"north": {"uv": [0, 0, 1, 1], "texture": "#1"},
				"east": {"uv": [0, 0, 1, 1], "texture": "#1"},
				"south": {"uv": [0, 0, 1, 1], "texture": "#1"},
				"west": {"uv": [0, 0, 1, 1], "texture": "#1"},
				"up": {"uv": [0, 0, 1, 1], "texture": "#1"},
				"down": {"uv": [0, 0, 1, 1], "texture": "#1"}
			}
		},
		{
			"from": [3, 1, 8],
			"to": [4, 2, 9],
			"faces": {
				"north": {"uv": [0, 0, 1, 1], "texture": "#1"},
				"east": {"uv": [0, 0, 1, 1], "texture": "#1"},
				"south": {"uv": [0, 0, 1, 1], "texture": "#1"},
				"west": {"uv": [0, 0, 1, 1], "texture": "#1"},
				"up": {"uv": [0, 0, 1, 1], "texture": "#1"},
				"down": {"uv": [0, 0, 1, 1], "texture": "#1"}
			}
		}
	],
	"display": {
		"thirdperson_righthand": {
			"rotation": [-24, -180, 0],
			"translation": [-7.5, 0.5, 7.75],
			"scale": [0.12, 0.12, 0.12]
		},
		"thirdperson_lefthand": {
			"rotation": [-24, -180, 0],
			"translation": [-3.5, 0.5, 7.75],
			"scale": [0.12, 0.12, 0.12]
		},
		"firstperson_righthand": {
			"translation": [0, -4.25, 0]
		},
		"firstperson_lefthand": {
			"translation": [0, -5, 0]
		},
		"ground": {
			"translation": [0, -2, 0],
			"scale": [0.16, 0.16, 0.16]
		},
		"gui": {
			"rotation": [99, 0, 0],
			"translation": [-1, -2.25, 0],
			"scale": [0.52, 0.52, 0.52]
		},
		"head": {
			"rotation": [-90, -180, 0],
			"translation": [-3.75, -10.75, -4.75],
			"scale": [0.16, 0.16, 0.16]
		},
		"fixed": {
			"rotation": [-90, -180, 0],
			"translation": [1, -0.75, -5],
			"scale": [0.48, 0.48, 0.48]
		}
	},
	"groups": [0, 1, 2, 3, 4, 5, 6, 7, 8, 9, 10, 11, 12, 13, 14, 15, 16,
		{
			"name": "2",
			"origin": [0, 0, 0],
			"children": [17, 18, 19, 20, 21, 22, 23, 24, 25, 26, 27]
		},
		{
			"name": "0",
			"origin": [0, 0, 0],
			"children": [28, 29, 30, 31]
		},
		{
			"name": "1",
			"origin": [0, 0, 0],
			"children": [32, 33, 34, 35]
		},
		{
			"name": "2",
			"origin": [0, 0, 0],
			"children": [36, 37, 38, 39, 40, 41, 42, 43, 44, 45, 46]
		}
	]
}
