{
	"credit": "Made with Blockbench",
	"textures": {
		"0": "blocks/wool_colored_pink",
		"1": "blocks/quartz_block_top",
		"2": "blocks/wool_colored_blue",
		"3": "blocks/wool_colored_light_blue",
		"particle": "blocks/wool_colored_pink"
	},
	"elements": [
		{
			"from": [23.27017, 14.91273, 7.5],
			"to": [24.27017, 16.91273, 8.5],
			"rotation": {"angle": 45, "axis": "z", "origin": [17.27017, 2.91273, 7.5]},
			"faces": {
				"north": {"uv": [0, 0, 16, 16], "texture": "#3"},
				"east": {"uv": [0, 0, 16, 16], "texture": "#3"},
				"south": {"uv": [0, 0, 16, 16], "texture": "#3"},
				"west": {"uv": [0, 0, 16, 16], "texture": "#3"},
				"up": {"uv": [0, 0, 16, 16], "texture": "#3"},
				"down": {"uv": [0, 0, 16, 16], "texture": "#3"}
			}
		},
		{
			"from": [-10.27017, 14.91273, 7.5],
			"to": [-9.27017, 16.91273, 8.5],
			"rotation": {"angle": -45, "axis": "z", "origin": [-3.27017, 2.91273, 7.5]},
			"faces": {
				"north": {"uv": [0, 0, 16, 16], "texture": "#3"},
				"east": {"uv": [0, 0, 16, 16], "texture": "#3"},
				"south": {"uv": [0, 0, 16, 16], "texture": "#3"},
				"west": {"uv": [0, 0, 16, 16], "texture": "#3"},
				"up": {"uv": [0, 0, 16, 16], "texture": "#3"},
				"down": {"uv": [0, 0, 16, 16], "texture": "#3"}
			}
		},
		{
			"from": [6.57595, 11.93725, 7.5],
			"to": [8.57595, 12.93725, 8.5],
			"rotation": {"angle": -22.5, "axis": "z", "origin": [22.57595, 5.93725, 7.5]},
			"faces": {
				"north": {"uv": [0, 0, 16, 16], "rotation": 90, "texture": "#3"},
				"east": {"uv": [0, 0, 16, 16], "rotation": 90, "texture": "#3"},
				"south": {"uv": [0, 0, 16, 16], "rotation": 90, "texture": "#3"},
				"west": {"uv": [0, 0, 16, 16], "rotation": 90, "texture": "#3"},
				"up": {"uv": [0, 0, 16, 16], "rotation": 90, "texture": "#3"},
				"down": {"uv": [0, 0, 16, 16], "rotation": 90, "texture": "#3"}
			}
		},
		{
			"from": [7.57595, 12.53725, 7.6],
			"to": [9.37595, 15.93725, 8.4],
			"rotation": {"angle": -22.5, "axis": "z", "origin": [22.57595, 5.93725, 7.5]},
			"faces": {
				"north": {"uv": [0, 0, 3.4, 1.8], "rotation": 90, "texture": "#0"},
				"east": {"uv": [0, 0, 3.4, 0.8], "rotation": 270, "texture": "#0"},
				"south": {"uv": [0, 0, 3.4, 1.8], "rotation": 270, "texture": "#0"},
				"west": {"uv": [0, 0, 3.4, 0.8], "rotation": 270, "texture": "#0"},
				"up": {"uv": [0, 0, 0.8, 1.8], "rotation": 270, "texture": "#0"},
				"down": {"uv": [0, 0, 0.8, 1.8], "rotation": 270, "texture": "#0"}
			}
		},
		{
			"from": [4.62405, 12.53725, 7.7],
			"to": [6.42405, 15.93725, 8.3],
			"rotation": {"angle": 22.5, "axis": "z", "origin": [-8.57595, 5.93725, 7.5]},
			"faces": {
				"north": {"uv": [0, 1.8, 3.4, 3.6], "rotation": 90, "texture": "#0"},
				"east": {"uv": [0, 0.8, 3.4, 1.4], "rotation": 270, "texture": "#0"},
				"south": {"uv": [0, 1.8, 3.4, 3.6], "rotation": 270, "texture": "#0"},
				"west": {"uv": [0, 0.8, 3.4, 1.4], "rotation": 270, "texture": "#0"},
				"up": {"uv": [0, 1.8, 0.6, 3.6], "rotation": 270, "texture": "#0"},
				"down": {"uv": [0, 1.8, 0.6, 3.6], "rotation": 270, "texture": "#0"}
			}
		},
		{
			"from": [6.77595, 12.03725, 7.6],
			"to": [8.97595, 14.43725, 8.4],
			"rotation": {"angle": -22.5, "axis": "z", "origin": [22.57595, 5.93725, 7.5]},
			"faces": {
				"north": {"uv": [0, 0, 2.4, 2.2], "rotation": 90, "texture": "#0"},
				"east": {"uv": [0, 0, 2.4, 0.8], "rotation": 270, "texture": "#0"},
				"south": {"uv": [0, 0, 2.4, 2.2], "rotation": 270, "texture": "#0"},
				"west": {"uv": [0, 0, 2.4, 0.8], "rotation": 270, "texture": "#0"},
				"up": {"uv": [0, 0, 0.8, 2.2], "rotation": 270, "texture": "#0"},
				"down": {"uv": [0, 0, 0.8, 2.2], "rotation": 270, "texture": "#0"}
			}
		},
		{
			"from": [5.02405, 12.03725, 7.8],
			"to": [7.12405, 14.43725, 8.2],
			"rotation": {"angle": 22.5, "axis": "z", "origin": [-8.57595, 5.93725, 7.5]},
			"faces": {
				"north": {"uv": [0, 1.8, 2.4, 3.9], "rotation": 90, "texture": "#0"},
				"east": {"uv": [0, 0.8, 2.4, 1.2], "rotation": 270, "texture": "#0"},
				"south": {"uv": [0, 1.8, 2.4, 3.9], "rotation": 270, "texture": "#0"},
				"west": {"uv": [0, 0.8, 2.4, 1.2], "rotation": 270, "texture": "#0"},
				"up": {"uv": [0, 1.8, 0.4, 3.9], "rotation": 270, "texture": "#0"},
				"down": {"uv": [0, 1.8, 0.4, 3.9], "rotation": 270, "texture": "#0"}
			}
		},
		{
			"from": [8.37595, 13.53725, 7.5],
			"to": [9.57595, 17.03725, 8.5],
			"rotation": {"angle": -22.5, "axis": "z", "origin": [22.57595, 5.93725, 7.5]},
			"faces": {
				"north": {"uv": [0, 0, 3.5, 1.2], "rotation": 90, "texture": "#0"},
				"east": {"uv": [0, 0, 3.5, 1], "rotation": 270, "texture": "#0"},
				"south": {"uv": [0, 0, 3.5, 1.2], "rotation": 270, "texture": "#0"},
				"west": {"uv": [0, 0, 3.5, 1], "rotation": 270, "texture": "#0"},
				"up": {"uv": [0, 0, 1, 1.2], "rotation": 270, "texture": "#0"},
				"down": {"uv": [0, 0, 1, 1.2], "rotation": 270, "texture": "#0"}
			}
		},
		{
			"from": [4.42405, 13.53725, 7.5],
			"to": [5.62405, 17.03725, 8.5],
			"rotation": {"angle": 22.5, "axis": "z", "origin": [-8.57595, 5.93725, 7.5]},
			"faces": {
				"north": {"uv": [0, 1.2, 3.5, 2.4], "rotation": 90, "texture": "#0"},
				"east": {"uv": [0, 1, 3.5, 2], "rotation": 270, "texture": "#0"},
				"south": {"uv": [0, 1.2, 3.5, 2.4], "rotation": 270, "texture": "#0"},
				"west": {"uv": [0, 1, 3.5, 2], "rotation": 270, "texture": "#0"},
				"up": {"uv": [0, 1.2, 1, 2.4], "rotation": 270, "texture": "#0"},
				"down": {"uv": [0, 1.2, 1, 2.4], "rotation": 270, "texture": "#0"}
			}
		},
		{
			"from": [6.37595, 7.13725, 7.6],
			"to": [8.17595, 11.53725, 8.4],
			"rotation": {"angle": -45, "axis": "z", "origin": [22.57595, 5.93725, 7.5]},
			"faces": {
				"north": {"uv": [0, 0, 4.4, 1.8], "rotation": 90, "texture": "#0"},
				"east": {"uv": [0, 0, 4.4, 0.8], "rotation": 270, "texture": "#0"},
				"south": {"uv": [0, 0, 4.4, 1.8], "rotation": 270, "texture": "#0"},
				"west": {"uv": [0, 0, 4.4, 0.8], "rotation": 270, "texture": "#0"},
				"up": {"uv": [0, 0, 0.8, 1.8], "rotation": 270, "texture": "#0"},
				"down": {"uv": [0, 0, 0.8, 1.8], "rotation": 270, "texture": "#0"}
			}
		},
		{
			"from": [5.82405, 7.13725, 7.6],
			"to": [7.62405, 11.53725, 8.4],
			"rotation": {"angle": 45, "axis": "z", "origin": [-8.57595, 5.93725, 7.5]},
			"faces": {
				"north": {"uv": [0, 1.8, 4.4, 3.6], "rotation": 90, "texture": "#0"},
				"east": {"uv": [0, 0.8, 4.4, 1.6], "rotation": 270, "texture": "#0"},
				"south": {"uv": [0, 1.8, 4.4, 3.6], "rotation": 270, "texture": "#0"},
				"west": {"uv": [0, 0.8, 4.4, 1.6], "rotation": 270, "texture": "#0"},
				"up": {"uv": [0, 1.8, 0.8, 3.6], "rotation": 270, "texture": "#0"},
				"down": {"uv": [0, 1.8, 0.8, 3.6], "rotation": 270, "texture": "#0"}
			}
		},
		{
			"from": [7.17595, 8.13725, 7.5],
			"to": [8.37595, 9.63725, 8.5],
			"rotation": {"angle": -45, "axis": "z", "origin": [22.57595, 5.93725, 7.5]},
			"faces": {
				"north": {"uv": [0, 0, 1.5, 1.2], "rotation": 90, "texture": "#0"},
				"east": {"uv": [0, 0, 1.5, 1], "rotation": 270, "texture": "#0"},
				"south": {"uv": [0, 0, 1.5, 1.2], "rotation": 270, "texture": "#0"},
				"west": {"uv": [0, 0, 1.5, 1], "rotation": 270, "texture": "#0"},
				"up": {"uv": [0, 0, 1, 1.2], "rotation": 270, "texture": "#0"},
				"down": {"uv": [0, 0, 1, 1.2], "rotation": 270, "texture": "#0"}
			}
		},
		{
			"from": [19.03262, 15.11885, 7.6],
			"to": [21.63262, 16.61885, 8.4],
			"rotation": {"angle": 22.5, "axis": "z", "origin": [12.33262, 0.91885, 7.5]},
			"faces": {
				"north": {"uv": [0, 0, 2.6, 1.5], "texture": "#0"},
				"east": {"uv": [0, 0, 0.8, 1.5], "texture": "#0"},
				"south": {"uv": [0, 0, 2.6, 1.5], "texture": "#0"},
				"west": {"uv": [0, 0, 0.8, 1.5], "texture": "#0"},
				"up": {"uv": [0, 0, 2.6, 0.8], "texture": "#0"},
				"down": {"uv": [0, 0, 2.6, 0.8], "texture": "#0"}
			}
		},
		{
			"from": [-7.63262, 15.11885, 7.6],
			"to": [-5.03262, 16.61885, 8.4],
			"rotation": {"angle": -22.5, "axis": "z", "origin": [1.66738, 0.91885, 7.5]},
			"faces": {
				"north": {"uv": [2.6, 0, 5.2, 1.5], "texture": "#0"},
				"east": {"uv": [0.8, 0, 1.6, 1.5], "texture": "#0"},
				"south": {"uv": [2.6, 0, 5.2, 1.5], "texture": "#0"},
				"west": {"uv": [0.8, 0, 1.6, 1.5], "texture": "#0"},
				"up": {"uv": [2.6, 0, 5.2, 0.8], "texture": "#0"},
				"down": {"uv": [2.6, 0, 5.2, 0.8], "texture": "#0"}
			}
		},
		{
			"from": [20.03262, 15.11885, 7.5],
			"to": [22.83262, 17.71885, 8.5],
			"rotation": {"angle": 22.5, "axis": "z", "origin": [12.33262, 0.91885, 7.5]},
			"faces": {
				"north": {"uv": [0, 0, 2.8, 2.6], "texture": "#0"},
				"east": {"uv": [0, 0, 1, 2.6], "texture": "#0"},
				"south": {"uv": [0, 0, 2.8, 2.6], "texture": "#0"},
				"west": {"uv": [0, 0, 1, 2.6], "texture": "#0"},
				"up": {"uv": [0, 0, 2.8, 1], "texture": "#0"},
				"down": {"uv": [0, 0, 2.8, 1], "texture": "#0"}
			}
		},
		{
			"from": [-8.83262, 15.11885, 7.5],
			"to": [-6.03262, 17.71885, 8.5],
			"rotation": {"angle": -22.5, "axis": "z", "origin": [1.66738, 0.91885, 7.5]},
			"faces": {
				"north": {"uv": [1.8, 0, 4.6, 2.6], "texture": "#0"},
				"east": {"uv": [1, 0, 2, 2.6], "texture": "#0"},
				"south": {"uv": [1.8, 0, 4.6, 2.6], "texture": "#0"},
				"west": {"uv": [1, 0, 2, 2.6], "texture": "#0"},
				"up": {"uv": [1.8, 0, 4.6, 1], "texture": "#0"},
				"down": {"uv": [1.8, 0, 4.6, 1], "texture": "#0"}
			}
		},
		{
			"from": [2.97727, 9.20562, 7.6],
			"to": [3.97727, 12.20562, 8.4],
			"rotation": {"angle": -45, "axis": "z", "origin": [17.97727, 2.20562, 7.5]},
			"faces": {
				"north": {"uv": [0, 0, 3, 1], "rotation": 90, "texture": "#0"},
				"east": {"uv": [0, 0, 3, 0.8], "rotation": 270, "texture": "#0"},
				"south": {"uv": [0, 0, 3, 1], "rotation": 270, "texture": "#0"},
				"west": {"uv": [0, 0, 3, 0.8], "rotation": 270, "texture": "#0"},
				"up": {"uv": [0, 0, 0.8, 1], "rotation": 270, "texture": "#0"},
				"down": {"uv": [0, 0, 0.8, 1], "rotation": 270, "texture": "#0"}
			}
		},
		{
			"from": [2.97727, 10.20562, 7.5],
			"to": [4.17727, 14.30562, 8.5],
			"rotation": {"angle": -45, "axis": "z", "origin": [17.97727, 2.20562, 7.5]},
			"faces": {
				"north": {"uv": [0, 0, 4.1, 1.2], "rotation": 90, "texture": "#0"},
				"east": {"uv": [0, 0, 4.1, 1], "rotation": 270, "texture": "#0"},
				"south": {"uv": [0, 0, 4.1, 1.2], "rotation": 270, "texture": "#0"},
				"west": {"uv": [0, 0, 4.1, 1], "rotation": 270, "texture": "#0"},
				"up": {"uv": [0, 0, 1, 1.2], "rotation": 270, "texture": "#0"},
				"down": {"uv": [0, 0, 1, 1.2], "rotation": 270, "texture": "#0"}
			}
		},
		{
			"from": [2.47727, 9.20562, 7.4],
			"to": [3.87727, 13.30562, 8.6],
			"rotation": {"angle": -45, "axis": "z", "origin": [17.97727, 2.20562, 7.5]},
			"faces": {
				"north": {"uv": [8, 12, 9, 14], "rotation": 90, "texture": "#0"},
				"east": {"uv": [8, 12, 9, 14], "rotation": 90, "texture": "#0"},
				"south": {"uv": [8, 12, 9, 14], "rotation": 90, "texture": "#0"},
				"west": {"uv": [8, 12, 9, 14], "rotation": 90, "texture": "#0"},
				"up": {"uv": [8, 12, 9, 14], "rotation": 90, "texture": "#0"},
				"down": {"uv": [8, 12, 9, 14], "rotation": 90, "texture": "#0"}
			}
		},
		{
			"from": [10.72273, 10.60562, 7.4],
			"to": [12.12273, 14.70562, 8.6],
			"rotation": {"angle": 45, "axis": "z", "origin": [-1.97727, 2.20562, 7.5]},
			"faces": {
				"north": {"uv": [8, 14, 9, 12], "rotation": 90, "texture": "#0"},
				"east": {"uv": [8, 14, 9, 12], "rotation": 90, "texture": "#0"},
				"south": {"uv": [8, 14, 9, 12], "rotation": 90, "texture": "#0"},
				"west": {"uv": [8, 14, 9, 12], "rotation": 90, "texture": "#0"},
				"up": {"uv": [8, 14, 9, 12], "rotation": 90, "texture": "#0"},
				"down": {"uv": [8, 14, 9, 12], "rotation": 90, "texture": "#0"}
			}
		},
		{
			"from": [9.82273, 10.20562, 7.5],
			"to": [11.02273, 14.30562, 8.5],
			"rotation": {"angle": 45, "axis": "z", "origin": [-3.97727, 2.20562, 7.5]},
			"faces": {
				"north": {"uv": [0, 1.2, 4.1, 2.4], "rotation": 90, "texture": "#0"},
				"east": {"uv": [0, 1, 4.1, 2], "rotation": 270, "texture": "#0"},
				"south": {"uv": [0, 1.2, 4.1, 2.4], "rotation": 270, "texture": "#0"},
				"west": {"uv": [0, 1, 4.1, 2], "rotation": 270, "texture": "#0"},
				"up": {"uv": [0, 1.2, 1, 2.4], "rotation": 270, "texture": "#0"},
				"down": {"uv": [0, 1.2, 1, 2.4], "rotation": 270, "texture": "#0"}
			}
		},
		{
			"from": [5.52405, 11.93725, 7.6],
			"to": [7.32405, 12.93725, 8.4],
			"rotation": {"angle": 22.5, "axis": "z", "origin": [-8.57595, 5.93725, 7.5]},
			"faces": {
				"north": {"uv": [0, 0, 16, 16], "rotation": 90, "texture": "#3"},
				"east": {"uv": [0, 0, 16, 16], "rotation": 90, "texture": "#3"},
				"south": {"uv": [0, 0, 16, 16], "rotation": 90, "texture": "#3"},
				"west": {"uv": [0, 0, 16, 16], "rotation": 90, "texture": "#3"},
				"up": {"uv": [0, 0, 16, 16], "rotation": 90, "texture": "#3"},
				"down": {"uv": [0, 0, 16, 16], "rotation": 90, "texture": "#3"}
			}
		},
		{
			"from": [3.52734, 17.52734, 7.5],
			"to": [10.52734, 18.52734, 8.5],
			"rotation": {"angle": 0, "axis": "z", "origin": [-13.47266, 11.52734, 7.5]},
			"faces": {
				"north": {"uv": [0, 0, 16, 16], "rotation": 90, "texture": "#3"},
				"east": {"uv": [0, 0, 16, 16], "rotation": 90, "texture": "#3"},
				"south": {"uv": [0, 0, 16, 16], "rotation": 90, "texture": "#3"},
				"west": {"uv": [0, 0, 16, 16], "rotation": 90, "texture": "#3"},
				"up": {"uv": [0, 0, 16, 16], "rotation": 90, "texture": "#3"},
				"down": {"uv": [0, 0, 16, 16], "rotation": 90, "texture": "#3"}
			}
		},
		{
			"from": [6.32734, 19.12734, 5.9],
			"to": [7.72734, 20.12734, 6.9],
			"rotation": {"angle": 0, "axis": "z", "origin": [-13.47266, 11.52734, 7.5]},
			"faces": {
				"north": {"uv": [1, 14, 1, 14], "rotation": 90, "texture": "#0"},
				"east": {"uv": [1, 14, 1, 14], "rotation": 90, "texture": "#0"},
				"south": {"uv": [1, 14, 1, 14], "rotation": 90, "texture": "#0"},
				"west": {"uv": [1, 14, 1, 14], "rotation": 90, "texture": "#0"},
				"up": {"uv": [1, 14, 1, 14], "rotation": 90, "texture": "#0"},
				"down": {"uv": [1, 14, 1, 14], "rotation": 90, "texture": "#0"}
			}
		},
		{
			"from": [6.12734, 20.12734, 5.5],
			"to": [7.92734, 21.32734, 6.6],
			"rotation": {"angle": 0, "axis": "z", "origin": [-13.47266, 11.52734, 7.5]},
			"faces": {
				"north": {"uv": [1, 5, 1, 5], "rotation": 90, "texture": "#2"},
				"east": {"uv": [1, 5, 1, 5], "rotation": 90, "texture": "#2"},
				"south": {"uv": [1, 5, 1, 5], "rotation": 90, "texture": "#2"},
				"west": {"uv": [1, 5, 1, 5], "rotation": 90, "texture": "#2"},
				"up": {"uv": [1, 5, 1, 5], "rotation": 90, "texture": "#2"},
				"down": {"uv": [1, 5, 1, 5], "rotation": 90, "texture": "#2"}
			}
		},
		{
			"from": [6.02734, 19.22734, 6.1],
			"to": [8.02734, 20.02734, 6.9],
			"rotation": {"angle": 0, "axis": "z", "origin": [-13.47266, 11.52734, 7.5]},
			"faces": {
				"north": {"uv": [1, 14, 1, 14], "rotation": 90, "texture": "#0"},
				"east": {"uv": [1, 14, 1, 14], "rotation": 90, "texture": "#0"},
				"south": {"uv": [1, 14, 1, 14], "rotation": 90, "texture": "#0"},
				"west": {"uv": [1, 14, 1, 14], "rotation": 90, "texture": "#0"},
				"up": {"uv": [1, 14, 1, 14], "rotation": 90, "texture": "#0"},
				"down": {"uv": [1, 14, 1, 14], "rotation": 90, "texture": "#0"}
			}
		},
		{
			"from": [5.82734, 20.22734, 5.8],
			"to": [8.22734, 21.22734, 6.6],
			"rotation": {"angle": 0, "axis": "z", "origin": [-13.47266, 11.52734, 7.5]},
			"faces": {
				"north": {"uv": [1, 5, 1, 5], "rotation": 90, "texture": "#2"},
				"east": {"uv": [1, 5, 1, 5], "rotation": 90, "texture": "#2"},
				"south": {"uv": [1, 5, 1, 5], "rotation": 90, "texture": "#2"},
				"west": {"uv": [1, 5, 1, 5], "rotation": 90, "texture": "#2"},
				"up": {"uv": [1, 5, 1, 5], "rotation": 90, "texture": "#2"},
				"down": {"uv": [1, 5, 1, 5], "rotation": 90, "texture": "#2"}
			}
		},
		{
			"from": [9.12202, 20.32734, -2.09788],
			"to": [9.92202, 21.12734, -0.39788],
			"rotation": {"angle": -22.5, "axis": "y", "origin": [-11.17798, 11.52734, -0.39788]},
			"faces": {
				"north": {"uv": [1, 5, 1, 5], "rotation": 90, "texture": "#2"},
				"east": {"uv": [1, 5, 1, 5], "rotation": 90, "texture": "#2"},
				"south": {"uv": [1, 5, 1, 5], "rotation": 90, "texture": "#2"},
				"west": {"uv": [1, 5, 1, 5], "rotation": 90, "texture": "#2"},
				"up": {"uv": [1, 5, 1, 5], "rotation": 90, "texture": "#2"},
				"down": {"uv": [1, 5, 1, 5], "rotation": 90, "texture": "#2"}
			}
		},
		{
			"from": [4.89802, 20.32734, -2.25012],
			"to": [5.69802, 21.12734, -0.55012],
			"rotation": {"angle": 22.5, "axis": "y", "origin": [25.99802, 11.52734, 1.44988]},
			"faces": {
				"north": {"uv": [1, 5, 1, 5], "rotation": 90, "texture": "#2"},
				"east": {"uv": [1, 5, 1, 5], "rotation": 90, "texture": "#2"},
				"south": {"uv": [1, 5, 1, 5], "rotation": 90, "texture": "#2"},
				"west": {"uv": [1, 5, 1, 5], "rotation": 90, "texture": "#2"},
				"up": {"uv": [1, 5, 1, 5], "rotation": 90, "texture": "#2"},
				"down": {"uv": [1, 5, 1, 5], "rotation": 90, "texture": "#2"}
			}
		},
		{
			"name": "hexadecagon",
			"from": [6.80109, 17.9, 7],
			"to": [7.19891, 18.9, 9],
			"rotation": {"angle": -45, "axis": "y", "origin": [7, 18.4, 8]},
			"faces": {
				"north": {"uv": [0, 0, 16, 16], "texture": "#1"},
				"east": {"uv": [0, 0, 16, 16], "texture": "#1"},
				"south": {"uv": [0, 0, 16, 16], "texture": "#1"},
				"west": {"uv": [0, 0, 16, 16], "texture": "#1"},
				"up": {"uv": [0, 0, 16, 16], "texture": "#1"},
				"down": {"uv": [0, 0, 16, 16], "texture": "#1"}
			}
		},
		{
			"name": "hexadecagon",
			"from": [6.80109, 17.9, 7],
			"to": [7.19891, 18.9, 9],
			"rotation": {"angle": -22.5, "axis": "y", "origin": [7, 18.4, 8]},
			"faces": {
				"north": {"uv": [0, 0, 16, 16], "texture": "#1"},
				"east": {"uv": [0, 0, 16, 16], "texture": "#1"},
				"south": {"uv": [0, 0, 16, 16], "texture": "#1"},
				"west": {"uv": [0, 0, 16, 16], "texture": "#1"},
				"up": {"uv": [0, 0, 16, 16], "texture": "#1"},
				"down": {"uv": [0, 0, 16, 16], "texture": "#1"}
			}
		},
		{
			"name": "hexadecagon",
			"from": [6.80109, 17.9, 7],
			"to": [7.19891, 18.9, 9],
			"rotation": {"angle": 0, "axis": "y", "origin": [7, 18.4, 8]},
			"faces": {
				"north": {"uv": [0, 0, 16, 16], "texture": "#1"},
				"east": {"uv": [0, 0, 16, 16], "texture": "#1"},
				"south": {"uv": [0, 0, 16, 16], "texture": "#1"},
				"west": {"uv": [0, 0, 16, 16], "texture": "#1"},
				"up": {"uv": [0, 0, 16, 16], "texture": "#1"},
				"down": {"uv": [0, 0, 16, 16], "texture": "#1"}
			}
		},
		{
			"name": "hexadecagon",
			"from": [6.80109, 17.9, 7],
			"to": [7.19891, 18.9, 9],
			"rotation": {"angle": 22.5, "axis": "y", "origin": [7, 18.4, 8]},
			"faces": {
				"north": {"uv": [0, 0, 16, 16], "texture": "#1"},
				"east": {"uv": [0, 0, 16, 16], "texture": "#1"},
				"south": {"uv": [0, 0, 16, 16], "texture": "#1"},
				"west": {"uv": [0, 0, 16, 16], "texture": "#1"},
				"up": {"uv": [0, 0, 16, 16], "texture": "#1"},
				"down": {"uv": [0, 0, 16, 16], "texture": "#1"}
			}
		},
		{
			"name": "hexadecagon",
			"from": [6.80109, 17.9, 7],
			"to": [7.19891, 18.9, 9],
			"rotation": {"angle": 45, "axis": "y", "origin": [7, 18.4, 8]},
			"faces": {
				"north": {"uv": [0, 0, 16, 16], "texture": "#1"},
				"east": {"uv": [0, 0, 16, 16], "texture": "#1"},
				"south": {"uv": [0, 0, 16, 16], "texture": "#1"},
				"west": {"uv": [0, 0, 16, 16], "texture": "#1"},
				"up": {"uv": [0, 0, 16, 16], "texture": "#1"},
				"down": {"uv": [0, 0, 16, 16], "texture": "#1"}
			}
		},
		{
			"name": "hexadecagon",
			"from": [6, 17.9, 7.80109],
			"to": [8, 18.9, 8.19891],
			"rotation": {"angle": -22.5, "axis": "y", "origin": [7, 18.4, 8]},
			"faces": {
				"north": {"uv": [0, 0, 16, 16], "texture": "#1"},
				"east": {"uv": [0, 0, 16, 16], "texture": "#1"},
				"south": {"uv": [0, 0, 16, 16], "texture": "#1"},
				"west": {"uv": [0, 0, 16, 16], "texture": "#1"},
				"up": {"uv": [0, 0, 16, 16], "texture": "#1"},
				"down": {"uv": [0, 0, 16, 16], "texture": "#1"}
			}
		},
		{
			"name": "hexadecagon",
			"from": [6, 17.9, 7.80109],
			"to": [8, 18.9, 8.19891],
			"rotation": {"angle": 0, "axis": "y", "origin": [7, 18.4, 8]},
			"faces": {
				"north": {"uv": [0, 0, 16, 16], "texture": "#1"},
				"east": {"uv": [0, 0, 16, 16], "texture": "#1"},
				"south": {"uv": [0, 0, 16, 16], "texture": "#1"},
				"west": {"uv": [0, 0, 16, 16], "texture": "#1"},
				"up": {"uv": [0, 0, 16, 16], "texture": "#1"},
				"down": {"uv": [0, 0, 16, 16], "texture": "#1"}
			}
		},
		{
			"name": "hexadecagon",
			"from": [6, 17.9, 7.80109],
			"to": [8, 18.9, 8.19891],
			"rotation": {"angle": 22.5, "axis": "y", "origin": [7, 18.4, 8]},
			"faces": {
				"north": {"uv": [0, 0, 16, 16], "texture": "#1"},
				"east": {"uv": [0, 0, 16, 16], "texture": "#1"},
				"south": {"uv": [0, 0, 16, 16], "texture": "#1"},
				"west": {"uv": [0, 0, 16, 16], "texture": "#1"},
				"up": {"uv": [0, 0, 16, 16], "texture": "#1"},
				"down": {"uv": [0, 0, 16, 16], "texture": "#1"}
			}
		},
		{
			"name": "hexadecagon",
			"from": [6.60218, 18.7, 6],
			"to": [7.39782, 20.5, 10],
			"rotation": {"angle": -45, "axis": "y", "origin": [7, 19, 8]},
			"faces": {
				"north": {"uv": [0, 0, 16, 16], "texture": "#1"},
				"east": {"uv": [0, 0, 16, 16], "texture": "#1"},
				"south": {"uv": [0, 0, 16, 16], "texture": "#1"},
				"west": {"uv": [0, 0, 16, 16], "texture": "#1"},
				"up": {"uv": [0, 0, 16, 16], "texture": "#1"},
				"down": {"uv": [0, 0, 16, 16], "texture": "#1"}
			}
		},
		{
			"name": "hexadecagon",
			"from": [6.60218, 18.7, 6],
			"to": [7.39782, 20.5, 10],
			"rotation": {"angle": -22.5, "axis": "y", "origin": [7, 19, 8]},
			"faces": {
				"north": {"uv": [0, 0, 16, 16], "texture": "#1"},
				"east": {"uv": [0, 0, 16, 16], "texture": "#1"},
				"south": {"uv": [0, 0, 16, 16], "texture": "#1"},
				"west": {"uv": [0, 0, 16, 16], "texture": "#1"},
				"up": {"uv": [0, 0, 16, 16], "texture": "#1"},
				"down": {"uv": [0, 0, 16, 16], "texture": "#1"}
			}
		},
		{
			"name": "hexadecagon",
			"from": [6.60218, 18.7, 6],
			"to": [7.39782, 20.5, 10],
			"rotation": {"angle": 0, "axis": "y", "origin": [7, 19, 8]},
			"faces": {
				"north": {"uv": [0, 0, 16, 16], "texture": "#1"},
				"east": {"uv": [0, 0, 16, 16], "texture": "#1"},
				"south": {"uv": [0, 0, 16, 16], "texture": "#1"},
				"west": {"uv": [0, 0, 16, 16], "texture": "#1"},
				"up": {"uv": [0, 0, 16, 16], "texture": "#1"},
				"down": {"uv": [0, 0, 16, 16], "texture": "#1"}
			}
		},
		{
			"name": "hexadecagon",
			"from": [6.60218, 18.7, 6],
			"to": [7.39782, 20.5, 10],
			"rotation": {"angle": 22.5, "axis": "y", "origin": [7, 19, 8]},
			"faces": {
				"north": {"uv": [0, 0, 16, 16], "texture": "#1"},
				"east": {"uv": [0, 0, 16, 16], "texture": "#1"},
				"south": {"uv": [0, 0, 16, 16], "texture": "#1"},
				"west": {"uv": [0, 0, 16, 16], "texture": "#1"},
				"up": {"uv": [0, 0, 16, 16], "texture": "#1"},
				"down": {"uv": [0, 0, 16, 16], "texture": "#1"}
			}
		},
		{
			"name": "hexadecagon",
			"from": [6.60218, 18.7, 6],
			"to": [7.39782, 20.5, 10],
			"rotation": {"angle": 45, "axis": "y", "origin": [7, 19, 8]},
			"faces": {
				"north": {"uv": [0, 0, 16, 16], "texture": "#1"},
				"east": {"uv": [0, 0, 16, 16], "texture": "#1"},
				"south": {"uv": [0, 0, 16, 16], "texture": "#1"},
				"west": {"uv": [0, 0, 16, 16], "texture": "#1"},
				"up": {"uv": [0, 0, 16, 16], "texture": "#1"},
				"down": {"uv": [0, 0, 16, 16], "texture": "#1"}
			}
		},
		{
			"name": "hexadecagon",
			"from": [5, 18.7, 7.60218],
			"to": [9, 20.5, 8.39782],
			"rotation": {"angle": -22.5, "axis": "y", "origin": [7, 19, 8]},
			"faces": {
				"north": {"uv": [0, 0, 16, 16], "texture": "#1"},
				"east": {"uv": [0, 0, 16, 16], "texture": "#1"},
				"south": {"uv": [0, 0, 16, 16], "texture": "#1"},
				"west": {"uv": [0, 0, 16, 16], "texture": "#1"},
				"up": {"uv": [0, 0, 16, 16], "texture": "#1"},
				"down": {"uv": [0, 0, 16, 16], "texture": "#1"}
			}
		},
		{
			"name": "hexadecagon",
			"from": [5, 18.7, 7.60218],
			"to": [9, 20.5, 8.39782],
			"rotation": {"angle": 0, "axis": "y", "origin": [7, 19, 8]},
			"faces": {
				"north": {"uv": [0, 0, 16, 16], "texture": "#1"},
				"east": {"uv": [0, 0, 16, 16], "texture": "#1"},
				"south": {"uv": [0, 0, 16, 16], "texture": "#1"},
				"west": {"uv": [0, 0, 16, 16], "texture": "#1"},
				"up": {"uv": [0, 0, 16, 16], "texture": "#1"},
				"down": {"uv": [0, 0, 16, 16], "texture": "#1"}
			}
		},
		{
			"name": "hexadecagon",
			"from": [9, 20.8, 7.80218],
			"to": [10, 21, 8.19782],
			"rotation": {"angle": 0, "axis": "y", "origin": [7, 19.5, 8]},
			"faces": {
				"north": {"uv": [0, 0, 16, 16], "texture": "#1"},
				"east": {"uv": [0, 0, 16, 16], "texture": "#1"},
				"south": {"uv": [0, 0, 16, 16], "texture": "#1"},
				"west": {"uv": [0, 0, 16, 16], "texture": "#1"},
				"up": {"uv": [0, 0, 16, 16], "texture": "#1"},
				"down": {"uv": [0, 0, 16, 16], "texture": "#1"}
			}
		},
		{
			"name": "hexadecagon",
			"from": [4, 20.8, 7.80218],
			"to": [5, 21, 8.19782],
			"rotation": {"angle": 0, "axis": "y", "origin": [7, 19.5, 8]},
			"faces": {
				"north": {"uv": [0, 0, 16, 16], "texture": "#1"},
				"east": {"uv": [0, 0, 16, 16], "texture": "#1"},
				"south": {"uv": [0, 0, 16, 16], "texture": "#1"},
				"west": {"uv": [0, 0, 16, 16], "texture": "#1"},
				"up": {"uv": [16, 16, 0, 0], "texture": "#1"},
				"down": {"uv": [16, 16, 0, 0], "texture": "#1"}
			}
		},
		{
			"name": "hexadecagon",
			"from": [9, 19.9, 7.80218],
			"to": [10, 20.1, 8.19782],
			"rotation": {"angle": 0, "axis": "y", "origin": [7, 21.4, 8]},
			"faces": {
				"north": {"uv": [16, 16, 0, 0], "texture": "#1"},
				"east": {"uv": [16, 16, 0, 0], "texture": "#1"},
				"south": {"uv": [16, 16, 0, 0], "texture": "#1"},
				"west": {"uv": [16, 16, 0, 0], "texture": "#1"},
				"up": {"uv": [0, 0, 16, 16], "texture": "#1"},
				"down": {"uv": [0, 0, 16, 16], "texture": "#1"}
			}
		},
		{
			"name": "hexadecagon",
			"from": [4, 19.9, 7.80218],
			"to": [5, 20.1, 8.19782],
			"rotation": {"angle": 0, "axis": "y", "origin": [7, 21.4, 8]},
			"faces": {
				"north": {"uv": [16, 16, 0, 0], "texture": "#1"},
				"east": {"uv": [16, 16, 0, 0], "texture": "#1"},
				"south": {"uv": [16, 16, 0, 0], "texture": "#1"},
				"west": {"uv": [16, 16, 0, 0], "texture": "#1"},
				"up": {"uv": [16, 16, 0, 0], "texture": "#1"},
				"down": {"uv": [16, 16, 0, 0], "texture": "#1"}
			}
		},
		{
			"name": "hexadecagon",
			"from": [8.8, 20.4, 7.80218],
			"to": [10.8, 20.6, 8.19782],
			"rotation": {"angle": 0, "axis": "y", "origin": [7, 21, 8]},
			"faces": {
				"north": {"uv": [16, 16, 0, 0], "texture": "#1"},
				"east": {"uv": [16, 16, 0, 0], "texture": "#1"},
				"south": {"uv": [16, 16, 0, 0], "texture": "#1"},
				"west": {"uv": [16, 16, 0, 0], "texture": "#1"},
				"up": {"uv": [0, 0, 16, 16], "texture": "#1"},
				"down": {"uv": [0, 0, 16, 16], "texture": "#1"}
			}
		},
		{
			"name": "hexadecagon",
			"from": [3.2, 20.4, 7.80218],
			"to": [5.2, 20.6, 8.19782],
			"rotation": {"angle": 0, "axis": "y", "origin": [7, 21, 8]},
			"faces": {
				"north": {"uv": [16, 16, 0, 0], "texture": "#1"},
				"east": {"uv": [16, 16, 0, 0], "texture": "#1"},
				"south": {"uv": [16, 16, 0, 0], "texture": "#1"},
				"west": {"uv": [16, 16, 0, 0], "texture": "#1"},
				"up": {"uv": [16, 16, 0, 0], "texture": "#1"},
				"down": {"uv": [16, 16, 0, 0], "texture": "#1"}
			}
		},
		{
			"name": "hexadecagon",
			"from": [10.72543, 19.353, 7.80218],
			"to": [11.72543, 19.553, 8.19782],
			"rotation": {"angle": 22.5, "axis": "z", "origin": [6.72543, 18.053, 8]},
			"faces": {
				"north": {"uv": [0, 0, 16, 16], "texture": "#1"},
				"east": {"uv": [0, 0, 16, 16], "texture": "#1"},
				"south": {"uv": [0, 0, 16, 16], "texture": "#1"},
				"west": {"uv": [0, 0, 16, 16], "texture": "#1"},
				"up": {"uv": [0, 0, 16, 16], "texture": "#1"},
				"down": {"uv": [0, 0, 16, 16], "texture": "#1"}
			}
		},
		{
			"name": "hexadecagon",
			"from": [2.27457, 19.353, 7.80218],
			"to": [3.27457, 19.553, 8.19782],
			"rotation": {"angle": -22.5, "axis": "z", "origin": [7.27457, 18.053, 8]},
			"faces": {
				"north": {"uv": [0, 0, 16, 16], "texture": "#1"},
				"east": {"uv": [0, 0, 16, 16], "texture": "#1"},
				"south": {"uv": [0, 0, 16, 16], "texture": "#1"},
				"west": {"uv": [0, 0, 16, 16], "texture": "#1"},
				"up": {"uv": [16, 16, 0, 0], "texture": "#1"},
				"down": {"uv": [16, 16, 0, 0], "texture": "#1"}
			}
		},
		{
			"name": "hexadecagon",
			"from": [10.72543, 21.347, 7.80218],
			"to": [11.72543, 21.547, 8.19782],
			"rotation": {"angle": -22.5, "axis": "z", "origin": [6.72543, 22.847, 8]},
			"faces": {
				"north": {"uv": [16, 16, 0, 0], "texture": "#1"},
				"east": {"uv": [16, 16, 0, 0], "texture": "#1"},
				"south": {"uv": [16, 16, 0, 0], "texture": "#1"},
				"west": {"uv": [16, 16, 0, 0], "texture": "#1"},
				"up": {"uv": [0, 0, 16, 16], "texture": "#1"},
				"down": {"uv": [0, 0, 16, 16], "texture": "#1"}
			}
		},
		{
			"name": "hexadecagon",
			"from": [2.27457, 21.347, 7.80218],
			"to": [3.27457, 21.547, 8.19782],
			"rotation": {"angle": 22.5, "axis": "z", "origin": [7.27457, 22.847, 8]},
			"faces": {
				"north": {"uv": [16, 16, 0, 0], "texture": "#1"},
				"east": {"uv": [16, 16, 0, 0], "texture": "#1"},
				"south": {"uv": [16, 16, 0, 0], "texture": "#1"},
				"west": {"uv": [16, 16, 0, 0], "texture": "#1"},
				"up": {"uv": [16, 16, 0, 0], "texture": "#1"},
				"down": {"uv": [16, 16, 0, 0], "texture": "#1"}
			}
		},
		{
			"name": "hexadecagon",
			"from": [13.45906, 17.26223, 7.80218],
			"to": [14.45906, 17.46223, 8.19782],
			"rotation": {"angle": 45, "axis": "z", "origin": [7.45906, 15.96223, 8]},
			"faces": {
				"north": {"uv": [0, 0, 16, 16], "texture": "#1"},
				"east": {"uv": [0, 0, 16, 16], "texture": "#1"},
				"south": {"uv": [0, 0, 16, 16], "texture": "#1"},
				"west": {"uv": [0, 0, 16, 16], "texture": "#1"},
				"up": {"uv": [0, 0, 16, 16], "texture": "#1"},
				"down": {"uv": [0, 0, 16, 16], "texture": "#1"}
			}
		},
		{
			"name": "hexadecagon",
			"from": [-0.45906, 17.26223, 7.80218],
			"to": [0.54094, 17.46223, 8.19782],
			"rotation": {"angle": -45, "axis": "z", "origin": [6.54094, 15.96223, 8]},
			"faces": {
				"north": {"uv": [0, 0, 16, 16], "texture": "#1"},
				"east": {"uv": [0, 0, 16, 16], "texture": "#1"},
				"south": {"uv": [0, 0, 16, 16], "texture": "#1"},
				"west": {"uv": [0, 0, 16, 16], "texture": "#1"},
				"up": {"uv": [16, 16, 0, 0], "texture": "#1"},
				"down": {"uv": [16, 16, 0, 0], "texture": "#1"}
			}
		},
		{
			"name": "hexadecagon",
			"from": [13.45906, 23.43777, 7.80218],
			"to": [14.45906, 23.63777, 8.19782],
			"rotation": {"angle": -45, "axis": "z", "origin": [7.45906, 24.93777, 8]},
			"faces": {
				"north": {"uv": [16, 16, 0, 0], "texture": "#1"},
				"east": {"uv": [16, 16, 0, 0], "texture": "#1"},
				"south": {"uv": [16, 16, 0, 0], "texture": "#1"},
				"west": {"uv": [16, 16, 0, 0], "texture": "#1"},
				"up": {"uv": [0, 0, 16, 16], "texture": "#1"},
				"down": {"uv": [0, 0, 16, 16], "texture": "#1"}
			}
		},
		{
			"name": "hexadecagon",
			"from": [-0.45906, 23.43777, 7.80218],
			"to": [0.54094, 23.63777, 8.19782],
			"rotation": {"angle": 45, "axis": "z", "origin": [6.54094, 24.93777, 8]},
			"faces": {
				"north": {"uv": [16, 16, 0, 0], "texture": "#1"},
				"east": {"uv": [16, 16, 0, 0], "texture": "#1"},
				"south": {"uv": [16, 16, 0, 0], "texture": "#1"},
				"west": {"uv": [16, 16, 0, 0], "texture": "#1"},
				"up": {"uv": [16, 16, 0, 0], "texture": "#1"},
				"down": {"uv": [16, 16, 0, 0], "texture": "#1"}
			}
		},
		{
			"name": "hexadecagon",
			"from": [5, 18.7, 7.60218],
			"to": [9, 20.5, 8.39782],
			"rotation": {"angle": 22.5, "axis": "y", "origin": [7, 19, 8]},
			"faces": {
				"north": {"uv": [0, 0, 16, 16], "texture": "#1"},
				"east": {"uv": [0, 0, 16, 16], "texture": "#1"},
				"south": {"uv": [0, 0, 16, 16], "texture": "#1"},
				"west": {"uv": [0, 0, 16, 16], "texture": "#1"},
				"up": {"uv": [0, 0, 16, 16], "texture": "#1"},
				"down": {"uv": [0, 0, 16, 16], "texture": "#1"}
			}
		},
		{
			"name": "hexadecagon",
			"from": [6.85245, 20.5, 6.05],
			"to": [7.14755, 27.5, 9.95],
			"rotation": {"angle": -45, "axis": "y", "origin": [7, 21, 8]},
			"faces": {
				"north": {"uv": [0, 0, 16, 16], "texture": "#1"},
				"east": {"uv": [0, 0, 16, 16], "texture": "#1"},
				"south": {"uv": [0, 0, 16, 16], "texture": "#1"},
				"west": {"uv": [0, 0, 16, 16], "texture": "#1"},
				"up": {"uv": [0, 0, 16, 16], "texture": "#1"},
				"down": {"uv": [0, 0, 16, 16], "texture": "#1"}
			}
		},
		{
			"name": "hexadecagon",
			"from": [6.65245, 20.5, 5.85],
			"to": [7.34755, 27.5, 10.15],
			"rotation": {"angle": -22.5, "axis": "y", "origin": [7, 21, 8]},
			"faces": {
				"north": {"uv": [0, 0, 16, 16], "texture": "#1"},
				"east": {"uv": [0, 0, 16, 16], "texture": "#1"},
				"south": {"uv": [0, 0, 16, 16], "texture": "#1"},
				"west": {"uv": [0, 0, 16, 16], "texture": "#1"},
				"up": {"uv": [0, 0, 16, 16], "texture": "#1"},
				"down": {"uv": [0, 0, 16, 16], "texture": "#1"}
			}
		},
		{
			"name": "hexadecagon",
			"from": [6.85245, 20.5, 6.05],
			"to": [7.14755, 27.5, 9.95],
			"rotation": {"angle": 0, "axis": "y", "origin": [7, 21, 8]},
			"faces": {
				"north": {"uv": [0, 0, 16, 16], "texture": "#1"},
				"east": {"uv": [0, 0, 16, 16], "texture": "#1"},
				"south": {"uv": [0, 0, 16, 16], "texture": "#1"},
				"west": {"uv": [0, 0, 16, 16], "texture": "#1"},
				"up": {"uv": [0, 0, 16, 16], "texture": "#1"},
				"down": {"uv": [0, 0, 16, 16], "texture": "#1"}
			}
		},
		{
			"name": "hexadecagon",
			"from": [6.65245, 20.5, 5.85],
			"to": [7.34755, 27.5, 10.15],
			"rotation": {"angle": 22.5, "axis": "y", "origin": [7, 21, 8]},
			"faces": {
				"north": {"uv": [0, 0, 16, 16], "texture": "#1"},
				"east": {"uv": [0, 0, 16, 16], "texture": "#1"},
				"south": {"uv": [0, 0, 16, 16], "texture": "#1"},
				"west": {"uv": [0, 0, 16, 16], "texture": "#1"},
				"up": {"uv": [0, 0, 16, 16], "texture": "#1"},
				"down": {"uv": [0, 0, 16, 16], "texture": "#1"}
			}
		},
		{
			"name": "hexadecagon",
			"from": [6.85245, 20.5, 6.05],
			"to": [7.14755, 27.5, 9.95],
			"rotation": {"angle": 45, "axis": "y", "origin": [7, 21, 8]},
			"faces": {
				"north": {"uv": [0, 0, 16, 16], "texture": "#1"},
				"east": {"uv": [0, 0, 16, 16], "texture": "#1"},
				"south": {"uv": [0, 0, 16, 16], "texture": "#1"},
				"west": {"uv": [0, 0, 16, 16], "texture": "#1"},
				"up": {"uv": [0, 0, 16, 16], "texture": "#1"},
				"down": {"uv": [0, 0, 16, 16], "texture": "#1"}
			}
		},
		{
			"name": "hexadecagon",
			"from": [4.85, 20.5, 7.65245],
			"to": [9.15, 27.5, 8.34755],
			"rotation": {"angle": -22.5, "axis": "y", "origin": [7, 21, 8]},
			"faces": {
				"north": {"uv": [0, 0, 16, 16], "texture": "#1"},
				"east": {"uv": [0, 0, 16, 16], "texture": "#1"},
				"south": {"uv": [0, 0, 16, 16], "texture": "#1"},
				"west": {"uv": [0, 0, 16, 16], "texture": "#1"},
				"up": {"uv": [0, 0, 16, 16], "texture": "#1"},
				"down": {"uv": [0, 0, 16, 16], "texture": "#1"}
			}
		},
		{
			"name": "hexadecagon",
			"from": [5.05, 20.5, 7.85245],
			"to": [8.95, 27.5, 8.14755],
			"rotation": {"angle": 0, "axis": "y", "origin": [7, 21, 8]},
			"faces": {
				"north": {"uv": [0, 0, 16, 16], "texture": "#1"},
				"east": {"uv": [0, 0, 16, 16], "texture": "#1"},
				"south": {"uv": [0, 0, 16, 16], "texture": "#1"},
				"west": {"uv": [0, 0, 16, 16], "texture": "#1"},
				"up": {"uv": [0, 0, 16, 16], "texture": "#1"},
				"down": {"uv": [0, 0, 16, 16], "texture": "#1"}
			}
		},
		{
			"name": "hexadecagon",
			"from": [4.85, 20.5, 7.65245],
			"to": [9.15, 27.5, 8.34755],
			"rotation": {"angle": 22.5, "axis": "y", "origin": [7, 21, 8]},
			"faces": {
				"north": {"uv": [0, 0, 16, 16], "texture": "#1"},
				"east": {"uv": [0, 0, 16, 16], "texture": "#1"},
				"south": {"uv": [0, 0, 16, 16], "texture": "#1"},
				"west": {"uv": [0, 0, 16, 16], "texture": "#1"},
				"up": {"uv": [0, 0, 16, 16], "texture": "#1"},
				"down": {"uv": [0, 0, 16, 16], "texture": "#1"}
			}
		},
		{
			"name": "hexadecagon",
			"from": [6.76239, 20.5, 6.2],
			"to": [7.13761, 23.5, 9.9],
			"rotation": {"angle": -45, "axis": "y", "origin": [7, 21, 8]},
			"faces": {
				"north": {"uv": [0, 0, 16, 16], "texture": "#1"},
				"east": {"uv": [0, 0, 16, 16], "texture": "#1"},
				"south": {"uv": [0, 0, 16, 16], "texture": "#1"},
				"west": {"uv": [0, 0, 16, 16], "texture": "#1"},
				"up": {"uv": [0, 0, 16, 16], "texture": "#1"},
				"down": {"uv": [0, 0, 16, 16], "texture": "#1"}
			}
		},
		{
			"name": "hexadecagon",
			"from": [6.76239, 20.5, 6.2],
			"to": [7.13761, 23.5, 9.9],
			"rotation": {"angle": -22.5, "axis": "y", "origin": [7, 21, 8]},
			"faces": {
				"north": {"uv": [0, 0, 16, 16], "texture": "#1"},
				"east": {"uv": [0, 0, 16, 16], "texture": "#1"},
				"south": {"uv": [0, 0, 16, 16], "texture": "#1"},
				"west": {"uv": [0, 0, 16, 16], "texture": "#1"},
				"up": {"uv": [0, 0, 16, 16], "texture": "#1"},
				"down": {"uv": [0, 0, 16, 16], "texture": "#1"}
			}
		},
		{
			"name": "hexadecagon",
			"from": [6.76239, 20.5, 6.8],
			"to": [7.13761, 23.5, 9.9],
			"rotation": {"angle": 0, "axis": "y", "origin": [7, 21, 8]},
			"faces": {
				"north": {"uv": [0, 0, 16, 16], "texture": "#1"},
				"east": {"uv": [0, 0, 16, 16], "texture": "#1"},
				"south": {"uv": [0, 0, 16, 16], "texture": "#1"},
				"west": {"uv": [0, 0, 16, 16], "texture": "#1"},
				"up": {"uv": [0, 0, 16, 16], "texture": "#1"},
				"down": {"uv": [0, 0, 16, 16], "texture": "#1"}
			}
		},
		{
			"name": "hexadecagon",
			"from": [6.76239, 20.5, 6.2],
			"to": [7.13761, 23.5, 9.9],
			"rotation": {"angle": 22.5, "axis": "y", "origin": [7, 21, 8]},
			"faces": {
				"north": {"uv": [0, 0, 16, 16], "texture": "#1"},
				"east": {"uv": [0, 0, 16, 16], "texture": "#1"},
				"south": {"uv": [0, 0, 16, 16], "texture": "#1"},
				"west": {"uv": [0, 0, 16, 16], "texture": "#1"},
				"up": {"uv": [0, 0, 16, 16], "texture": "#1"},
				"down": {"uv": [0, 0, 16, 16], "texture": "#1"}
			}
		},
		{
			"name": "hexadecagon",
			"from": [6.76239, 20.5, 6.2],
			"to": [7.13761, 23.5, 9.9],
			"rotation": {"angle": 45, "axis": "y", "origin": [7, 21, 8]},
			"faces": {
				"north": {"uv": [0, 0, 16, 16], "texture": "#1"},
				"east": {"uv": [0, 0, 16, 16], "texture": "#1"},
				"south": {"uv": [0, 0, 16, 16], "texture": "#1"},
				"west": {"uv": [0, 0, 16, 16], "texture": "#1"},
				"up": {"uv": [0, 0, 16, 16], "texture": "#1"},
				"down": {"uv": [0, 0, 16, 16], "texture": "#1"}
			}
		},
		{
			"name": "hexadecagon",
			"from": [5, 20.5, 7.96239],
			"to": [8.9, 23.5, 8.13761],
			"rotation": {"angle": -22.5, "axis": "y", "origin": [7, 21, 8]},
			"faces": {
				"north": {"uv": [0, 0, 16, 16], "texture": "#1"},
				"east": {"uv": [0, 0, 16, 16], "texture": "#1"},
				"south": {"uv": [0, 0, 16, 16], "texture": "#1"},
				"west": {"uv": [0, 0, 16, 16], "texture": "#1"},
				"up": {"uv": [0, 0, 16, 16], "texture": "#1"},
				"down": {"uv": [0, 0, 16, 16], "texture": "#1"}
			}
		},
		{
			"name": "hexadecagon",
			"from": [5, 20.5, 7.96239],
			"to": [8.9, 23.5, 8.13761],
			"rotation": {"angle": 0, "axis": "y", "origin": [7, 21, 8]},
			"faces": {
				"north": {"uv": [0, 0, 16, 16], "texture": "#1"},
				"east": {"uv": [0, 0, 16, 16], "texture": "#1"},
				"south": {"uv": [0, 0, 16, 16], "texture": "#1"},
				"west": {"uv": [0, 0, 16, 16], "texture": "#1"},
				"up": {"uv": [0, 0, 16, 16], "texture": "#1"},
				"down": {"uv": [0, 0, 16, 16], "texture": "#1"}
			}
		},
		{
			"name": "hexadecagon",
			"from": [5, 20.5, 7.96239],
			"to": [8.9, 23.5, 8.13761],
			"rotation": {"angle": 22.5, "axis": "y", "origin": [7, 21, 8]},
			"faces": {
				"north": {"uv": [0, 0, 16, 16], "texture": "#1"},
				"east": {"uv": [0, 0, 16, 16], "texture": "#1"},
				"south": {"uv": [0, 0, 16, 16], "texture": "#1"},
				"west": {"uv": [0, 0, 16, 16], "texture": "#1"},
				"up": {"uv": [0, 0, 16, 16], "texture": "#1"},
				"down": {"uv": [0, 0, 16, 16], "texture": "#1"}
			}
		},
		{
			"name": "hexadecagon",
			"from": [6.5425, 25.8, 5.7],
			"to": [7.4575, 29.5, 10.3],
			"rotation": {"angle": -45, "axis": "y", "origin": [7, 29, 8]},
			"faces": {
				"north": {"uv": [0, 0, 16, 16], "texture": "#1"},
				"east": {"uv": [0, 0, 16, 16], "texture": "#1"},
				"south": {"uv": [0, 0, 16, 16], "texture": "#1"},
				"west": {"uv": [0, 0, 16, 16], "texture": "#1"},
				"up": {"uv": [0, 0, 16, 16], "texture": "#1"},
				"down": {"uv": [0, 0, 16, 16], "texture": "#1"}
			}
		},
		{
			"name": "hexadecagon",
			"from": [6.7425, 26.5, 5.9],
			"to": [7.2575, 29.5, 10.1],
			"rotation": {"angle": -22.5, "axis": "y", "origin": [7, 29, 8]},
			"faces": {
				"north": {"uv": [0, 0, 16, 16], "texture": "#1"},
				"east": {"uv": [0, 0, 16, 16], "texture": "#1"},
				"south": {"uv": [0, 0, 16, 16], "texture": "#1"},
				"west": {"uv": [0, 0, 16, 16], "texture": "#1"},
				"up": {"uv": [0, 0, 16, 16], "texture": "#1"},
				"down": {"uv": [0, 0, 16, 16], "texture": "#1"}
			}
		},
		{
			"name": "hexadecagon",
			"from": [6.5425, 25.8, 5.7],
			"to": [7.4575, 29.5, 10.3],
			"rotation": {"angle": 0, "axis": "y", "origin": [7, 29, 8]},
			"faces": {
				"north": {"uv": [0, 0, 16, 16], "texture": "#1"},
				"east": {"uv": [0, 0, 16, 16], "texture": "#1"},
				"south": {"uv": [0, 0, 16, 16], "texture": "#1"},
				"west": {"uv": [0, 0, 16, 16], "texture": "#1"},
				"up": {"uv": [0, 0, 16, 16], "texture": "#1"},
				"down": {"uv": [0, 0, 16, 16], "texture": "#1"}
			}
		},
		{
			"name": "hexadecagon",
			"from": [6.7425, 26.5, 5.9],
			"to": [7.2575, 29.5, 10.1],
			"rotation": {"angle": 22.5, "axis": "y", "origin": [7, 29, 8]},
			"faces": {
				"north": {"uv": [0, 0, 16, 16], "texture": "#1"},
				"east": {"uv": [0, 0, 16, 16], "texture": "#1"},
				"south": {"uv": [0, 0, 16, 16], "texture": "#1"},
				"west": {"uv": [0, 0, 16, 16], "texture": "#1"},
				"up": {"uv": [0, 0, 16, 16], "texture": "#1"},
				"down": {"uv": [0, 0, 16, 16], "texture": "#1"}
			}
		},
		{
			"name": "hexadecagon",
			"from": [6.5425, 25.8, 5.7],
			"to": [7.4575, 29.5, 10.3],
			"rotation": {"angle": 45, "axis": "y", "origin": [7, 29, 8]},
			"faces": {
				"north": {"uv": [0, 0, 16, 16], "texture": "#1"},
				"east": {"uv": [0, 0, 16, 16], "texture": "#1"},
				"south": {"uv": [0, 0, 16, 16], "texture": "#1"},
				"west": {"uv": [0, 0, 16, 16], "texture": "#1"},
				"up": {"uv": [0, 0, 16, 16], "texture": "#1"},
				"down": {"uv": [0, 0, 16, 16], "texture": "#1"}
			}
		},
		{
			"name": "hexadecagon",
			"from": [4.9, 26.5, 7.7425],
			"to": [9.1, 29.5, 8.2575],
			"rotation": {"angle": -22.5, "axis": "y", "origin": [7, 29, 8]},
			"faces": {
				"north": {"uv": [0, 0, 16, 16], "texture": "#1"},
				"east": {"uv": [0, 0, 16, 16], "texture": "#1"},
				"south": {"uv": [0, 0, 16, 16], "texture": "#1"},
				"west": {"uv": [0, 0, 16, 16], "texture": "#1"},
				"up": {"uv": [0, 0, 16, 16], "texture": "#1"},
				"down": {"uv": [0, 0, 16, 16], "texture": "#1"}
			}
		},
		{
			"name": "hexadecagon",
			"from": [4.7, 25.8, 7.5425],
			"to": [9.3, 29.5, 8.4575],
			"rotation": {"angle": 0, "axis": "y", "origin": [7, 29, 8]},
			"faces": {
				"north": {"uv": [0, 0, 16, 16], "texture": "#1"},
				"east": {"uv": [0, 0, 16, 16], "texture": "#1"},
				"south": {"uv": [0, 0, 16, 16], "texture": "#1"},
				"west": {"uv": [0, 0, 16, 16], "texture": "#1"},
				"up": {"uv": [0, 0, 16, 16], "texture": "#1"},
				"down": {"uv": [0, 0, 16, 16], "texture": "#1"}
			}
		},
		{
			"name": "hexadecagon",
			"from": [4.9, 26.5, 7.7425],
			"to": [9.1, 29.5, 8.2575],
			"rotation": {"angle": 22.5, "axis": "y", "origin": [7, 29, 8]},
			"faces": {
				"north": {"uv": [0, 0, 16, 16], "texture": "#1"},
				"east": {"uv": [0, 0, 16, 16], "texture": "#1"},
				"south": {"uv": [0, 0, 16, 16], "texture": "#1"},
				"west": {"uv": [0, 0, 16, 16], "texture": "#1"},
				"up": {"uv": [0, 0, 16, 16], "texture": "#1"},
				"down": {"uv": [0, 0, 16, 16], "texture": "#1"}
			}
		}
	],
	"display": {
		"gui": {
			"rotation": [0, -180, 0],
			"translation": [-0.75, -11.75, 0],
			"scale": [0.81, 0.81, 0.81]
		},
		"head": {
			"translation": [1, -2.25, -5]
		},
		"fixed": {
			"translation": [1, -12.75, 0]
		}
	},
	"groups": [0, 1, 2, 3, 4, 5, 6, 7, 8, 9, 10, 11, 12, 13, 14, 15, 16, 17, 18, 19, 20, 21, 22, 23, 24, 25, 26, 27, 28,
		{
			"name": "hexadecagon",
			"origin": [8, 8, 8],
			"children": [29, 30, 31, 32, 33, 34, 35, 36]
		},
		{
			"name": "hexadecagon",
			"origin": [8, 8, 8],
			"children": [37, 38, 39, 40, 41, 42, 43, 44, 45, 46, 47, 48, 49, 50, 51, 52, 53, 54, 55, 56, 57, 58]
		},
		{
			"name": "hexadecagon",
			"origin": [8, 8, 8],
			"children": [59, 60, 61, 62, 63, 64, 65, 66]
		},
		{
			"name": "hexadecagon",
			"origin": [8, 8, 8],
			"children": [67, 68, 69, 70, 71, 72, 73, 74]
		},
		{
			"name": "hexadecagon",
			"origin": [8, 8, 8],
			"children": [75, 76, 77, 78, 79, 80, 81, 82]
		}
	]
}
