{
	"credit": "Made with Blockbench",
	"textures": {
		"8": "blocks/sand",
		"13": "blocks/hardened_clay_stained_brown",
		"14": "blocks/wool_colored_black",
		"particle": "blocks/sand"
	},
	"elements": [
		{
			"name": "Rim 1",
			"from": [6, 1, 1.5],
			"to": [10, 3, 2],
			"faces": {
				"north": {"uv": [0, 0, 4, 2], "texture": "#13"},
				"east": {"uv": [0, 0, 4, 2], "texture": "#13"},
				"south": {"uv": [0, 0, 4, 2], "texture": "#13"},
				"west": {"uv": [0, 0, 4, 2], "texture": "#13"},
				"up": {"uv": [0, 0, 4, 2], "texture": "#13"},
				"down": {"uv": [0, 0, 4, 2], "texture": "#13"}
			}
		},
		{
			"name": "Rim 2",
			"from": [1.5, 1, 6],
			"to": [2, 3, 10],
			"faces": {
				"north": {"uv": [0, 0, 0.5, 2], "texture": "#13"},
				"east": {"uv": [0, 0, 0.5, 2], "texture": "#13"},
				"south": {"uv": [0, 0, 0.5, 2], "texture": "#13"},
				"west": {"uv": [0, 0, 0.5, 2], "texture": "#13"},
				"up": {"uv": [0, 0, 0.5, 2], "texture": "#13"},
				"down": {"uv": [0, 0, 0.5, 2], "texture": "#13"}
			}
		},
		{
			"name": "Rim 3",
			"from": [6, 1, 14],
			"to": [10, 3, 14.5],
			"faces": {
				"north": {"uv": [0, 0, 4, 2], "texture": "#13"},
				"east": {"uv": [0, 0, 4, 2], "texture": "#13"},
				"south": {"uv": [0, 0, 4, 2], "texture": "#13"},
				"west": {"uv": [0, 0, 4, 2], "texture": "#13"},
				"up": {"uv": [0, 0, 4, 2], "texture": "#13"},
				"down": {"uv": [0, 0, 4, 2], "texture": "#13"}
			}
		},
		{
			"name": "Rim 4",
			"from": [14, 1, 6],
			"to": [14.5, 3, 10],
			"faces": {
				"north": {"uv": [0, 0, 0.5, 2], "texture": "#13"},
				"east": {"uv": [0, 0, 0.5, 2], "texture": "#13"},
				"south": {"uv": [0, 0, 0.5, 2], "texture": "#13"},
				"west": {"uv": [0, 0, 0.5, 2], "texture": "#13"},
				"up": {"uv": [0, 0, 0.5, 2], "texture": "#13"},
				"down": {"uv": [0, 0, 0.5, 2], "texture": "#13"}
			}
		},
		{
			"name": "Rim 5",
			"from": [2, 1, 4],
			"to": [3, 3, 6],
			"faces": {
				"north": {"uv": [0, 0, 1, 2], "texture": "#13"},
				"east": {"uv": [0, 0, 1, 2], "texture": "#13"},
				"south": {"uv": [0, 0, 1, 2], "texture": "#13"},
				"west": {"uv": [0, 0, 1, 2], "texture": "#13"},
				"up": {"uv": [0, 0, 1, 2], "texture": "#13"},
				"down": {"uv": [0, 0, 1, 2], "texture": "#13"}
			}
		},
		{
			"name": "Rim 6",
			"from": [2, 1, 10],
			"to": [3, 3, 12],
			"faces": {
				"north": {"uv": [0, 0, 1, 2], "texture": "#13"},
				"east": {"uv": [0, 0, 1, 2], "texture": "#13"},
				"south": {"uv": [0, 0, 1, 2], "texture": "#13"},
				"west": {"uv": [0, 0, 1, 2], "texture": "#13"},
				"up": {"uv": [0, 0, 1, 2], "texture": "#13"},
				"down": {"uv": [0, 0, 1, 2], "texture": "#13"}
			}
		},
		{
			"name": "Rim 7",
			"from": [13, 1, 10],
			"to": [14, 3, 12],
			"faces": {
				"north": {"uv": [0, 0, 1, 2], "texture": "#13"},
				"east": {"uv": [0, 0, 1, 2], "texture": "#13"},
				"south": {"uv": [0, 0, 1, 2], "texture": "#13"},
				"west": {"uv": [0, 0, 1, 2], "texture": "#13"},
				"up": {"uv": [0, 0, 1, 2], "texture": "#13"},
				"down": {"uv": [0, 0, 1, 2], "texture": "#13"}
			}
		},
		{
			"name": "Rim 8",
			"from": [13, 1, 4],
			"to": [14, 3, 6],
			"faces": {
				"north": {"uv": [0, 0, 1, 2], "texture": "#13"},
				"east": {"uv": [0, 0, 1, 2], "texture": "#13"},
				"south": {"uv": [0, 0, 1, 2], "texture": "#13"},
				"west": {"uv": [0, 0, 1, 2], "texture": "#13"},
				"up": {"uv": [0, 0, 1, 2], "texture": "#13"},
				"down": {"uv": [0, 0, 1, 2], "texture": "#13"}
			}
		},
		{
			"name": "Rim 9",
			"from": [10, 1, 2],
			"to": [12, 3, 3],
			"faces": {
				"north": {"uv": [0, 0, 2, 2], "texture": "#13"},
				"east": {"uv": [0, 0, 2, 2], "texture": "#13"},
				"south": {"uv": [0, 0, 2, 2], "texture": "#13"},
				"west": {"uv": [0, 0, 2, 2], "texture": "#13"},
				"up": {"uv": [0, 0, 2, 2], "texture": "#13"},
				"down": {"uv": [0, 0, 2, 2], "texture": "#13"}
			}
		},
		{
			"name": "Rim 10",
			"from": [4, 1, 2],
			"to": [6, 3, 3],
			"faces": {
				"north": {"uv": [0, 0, 2, 2], "texture": "#13"},
				"east": {"uv": [0, 0, 2, 2], "texture": "#13"},
				"south": {"uv": [0, 0, 2, 2], "texture": "#13"},
				"west": {"uv": [0, 0, 2, 2], "texture": "#13"},
				"up": {"uv": [0, 0, 2, 2], "texture": "#13"},
				"down": {"uv": [0, 0, 2, 2], "texture": "#13"}
			}
		},
		{
			"name": "Rim 11",
			"from": [4, 1, 13],
			"to": [6, 3, 14],
			"faces": {
				"north": {"uv": [0, 0, 2, 2], "texture": "#13"},
				"east": {"uv": [0, 0, 2, 2], "texture": "#13"},
				"south": {"uv": [0, 0, 2, 2], "texture": "#13"},
				"west": {"uv": [0, 0, 2, 2], "texture": "#13"},
				"up": {"uv": [0, 0, 2, 2], "texture": "#13"},
				"down": {"uv": [0, 0, 2, 2], "texture": "#13"}
			}
		},
		{
			"name": "Rim 12",
			"from": [10, 1, 13],
			"to": [12, 3, 14],
			"faces": {
				"north": {"uv": [0, 0, 2, 2], "texture": "#13"},
				"east": {"uv": [0, 0, 2, 2], "texture": "#13"},
				"south": {"uv": [0, 0, 2, 2], "texture": "#13"},
				"west": {"uv": [0, 0, 2, 2], "texture": "#13"},
				"up": {"uv": [0, 0, 2, 2], "texture": "#13"},
				"down": {"uv": [0, 0, 2, 2], "texture": "#13"}
			}
		},
		{
			"name": "Rim 13",
			"from": [3, 1, 3],
			"to": [4, 3, 4],
			"faces": {
				"north": {"uv": [0, 0, 1, 2], "texture": "#13"},
				"east": {"uv": [0, 0, 1, 2], "texture": "#13"},
				"south": {"uv": [0, 0, 1, 2], "texture": "#13"},
				"west": {"uv": [0, 0, 1, 2], "texture": "#13"},
				"up": {"uv": [0, 0, 1, 2], "texture": "#13"},
				"down": {"uv": [0, 0, 1, 2], "texture": "#13"}
			}
		},
		{
			"name": "Rim 14",
			"from": [3, 1, 12],
			"to": [4, 3, 13],
			"faces": {
				"north": {"uv": [0, 0, 1, 2], "texture": "#13"},
				"east": {"uv": [0, 0, 1, 2], "texture": "#13"},
				"south": {"uv": [0, 0, 1, 2], "texture": "#13"},
				"west": {"uv": [0, 0, 1, 2], "texture": "#13"},
				"up": {"uv": [0, 0, 1, 2], "texture": "#13"},
				"down": {"uv": [0, 0, 1, 2], "texture": "#13"}
			}
		},
		{
			"name": "Rim 15",
			"from": [12, 1, 12],
			"to": [13, 3, 13],
			"faces": {
				"north": {"uv": [0, 0, 1, 2], "texture": "#13"},
				"east": {"uv": [0, 0, 1, 2], "texture": "#13"},
				"south": {"uv": [0, 0, 1, 2], "texture": "#13"},
				"west": {"uv": [0, 0, 1, 2], "texture": "#13"},
				"up": {"uv": [0, 0, 1, 2], "texture": "#13"},
				"down": {"uv": [0, 0, 1, 2], "texture": "#13"}
			}
		},
		{
			"name": "Rim 16",
			"from": [12, 1, 3],
			"to": [13, 3, 4],
			"faces": {
				"north": {"uv": [0, 0, 1, 2], "texture": "#13"},
				"east": {"uv": [0, 0, 1, 2], "texture": "#13"},
				"south": {"uv": [0, 0, 1, 2], "texture": "#13"},
				"west": {"uv": [0, 0, 1, 2], "texture": "#13"},
				"up": {"uv": [0, 0, 1, 2], "texture": "#13"},
				"down": {"uv": [0, 0, 1, 2], "texture": "#13"}
			}
		},
		{
			"name": "Top 1",
			"from": [2, 3, 5],
			"to": [3, 4, 11],
			"faces": {
				"north": {"uv": [0, 0, 6, 1], "texture": "#8"},
				"east": {"uv": [0, 0, 6, 1], "texture": "#8"},
				"south": {"uv": [0, 0, 6, 1], "texture": "#8"},
				"west": {"uv": [0, 0, 6, 1], "texture": "#8"},
				"up": {"uv": [0, 0, 6, 1], "texture": "#8"},
				"down": {"uv": [0, 0, 6, 1], "texture": "#8"}
			}
		},
		{
			"name": "Top 2",
			"from": [13, 3, 5],
			"to": [14, 4, 11],
			"faces": {
				"north": {"uv": [0, 0, 6, 1], "texture": "#8"},
				"east": {"uv": [0, 0, 6, 1], "texture": "#8"},
				"south": {"uv": [0, 0, 6, 1], "texture": "#8"},
				"west": {"uv": [0, 0, 6, 1], "texture": "#8"},
				"up": {"uv": [0, 0, 6, 1], "texture": "#8"},
				"down": {"uv": [0, 0, 6, 1], "texture": "#8"}
			}
		},
		{
			"name": "Top 3",
			"from": [5, 3, 13],
			"to": [11, 4, 14],
			"faces": {
				"north": {"uv": [0, 0, 1, 1], "texture": "#8"},
				"east": {"uv": [0, 0, 1, 1], "texture": "#8"},
				"south": {"uv": [0, 0, 1, 1], "texture": "#8"},
				"west": {"uv": [0, 0, 1, 1], "texture": "#8"},
				"up": {"uv": [0, 0, 1, 1], "texture": "#8"},
				"down": {"uv": [0, 0, 1, 1], "texture": "#8"}
			}
		},
		{
			"name": "Top 4",
			"from": [5, 3, 2],
			"to": [11, 4, 3],
			"faces": {
				"north": {"uv": [0, 0, 1, 1], "texture": "#8"},
				"east": {"uv": [0, 0, 1, 1], "texture": "#8"},
				"south": {"uv": [0, 0, 1, 1], "texture": "#8"},
				"west": {"uv": [0, 0, 1, 1], "texture": "#8"},
				"up": {"uv": [0, 0, 1, 1], "texture": "#8"},
				"down": {"uv": [0, 0, 1, 1], "texture": "#8"}
			}
		},
		{
			"name": "Cube",
			"from": [7, 4, 2.4],
			"to": [9, 5, 3.4],
			"faces": {
				"north": {"uv": [0, 0, 1, 1], "texture": "#8"},
				"east": {"uv": [0, 0, 1, 1], "texture": "#8"},
				"south": {"uv": [0, 0, 1, 1], "texture": "#8"},
				"west": {"uv": [0, 0, 1, 1], "texture": "#8"},
				"up": {"uv": [0, 0, 1, 1], "texture": "#8"},
				"down": {"uv": [0, 0, 1, 1], "texture": "#8"}
			}
		},
		{
			"name": "Cube",
			"from": [7, 4, 12],
			"to": [9, 5, 13.6],
			"faces": {
				"north": {"uv": [0, 0, 1.6, 1], "texture": "#8"},
				"east": {"uv": [0, 0, 1.6, 1], "texture": "#8"},
				"south": {"uv": [0, 0, 1.6, 1], "texture": "#8"},
				"west": {"uv": [0, 0, 1.6, 1], "texture": "#8"},
				"up": {"uv": [0, 0, 1.6, 1], "texture": "#8"},
				"down": {"uv": [0, 0, 1.6, 1], "texture": "#8"}
			}
		},
		{
			"name": "Cube",
			"from": [2.4, 4, 7],
			"to": [3.4, 5, 9],
			"faces": {
				"north": {"uv": [0, 0, 2, 1], "texture": "#8"},
				"east": {"uv": [0, 0, 2, 1], "texture": "#8"},
				"south": {"uv": [0, 0, 2, 1], "texture": "#8"},
				"west": {"uv": [0, 0, 2, 1], "texture": "#8"},
				"up": {"uv": [0, 0, 2, 1], "texture": "#8"},
				"down": {"uv": [0, 0, 2, 1], "texture": "#8"}
			}
		},
		{
			"name": "Cube",
			"from": [13, 4, 7],
			"to": [13.6, 5, 9],
			"faces": {
				"north": {"uv": [0, 0, 2, 1], "texture": "#8"},
				"east": {"uv": [0, 0, 2, 1], "texture": "#8"},
				"south": {"uv": [0, 0, 2, 1], "texture": "#8"},
				"west": {"uv": [0, 0, 2, 1], "texture": "#8"},
				"up": {"uv": [0, 0, 2, 1], "texture": "#8"},
				"down": {"uv": [0, 0, 2, 1], "texture": "#8"}
			}
		},
		{
			"name": "Cube",
			"from": [4, 3, 3],
			"to": [6, 4, 4],
			"faces": {
				"north": {"uv": [0, 0, 1, 1], "texture": "#8"},
				"east": {"uv": [0, 0, 1, 1], "texture": "#8"},
				"south": {"uv": [0, 0, 1, 1], "texture": "#8"},
				"west": {"uv": [0, 0, 1, 1], "texture": "#8"},
				"up": {"uv": [0, 0, 1, 1], "texture": "#8"},
				"down": {"uv": [0, 0, 1, 1], "texture": "#8"}
			}
		},
		{
			"name": "Cube",
			"from": [4, 3, 12],
			"to": [6, 4, 13],
			"faces": {
				"north": {"uv": [0, 0, 1, 1], "texture": "#8"},
				"east": {"uv": [0, 0, 1, 1], "texture": "#8"},
				"south": {"uv": [0, 0, 1, 1], "texture": "#8"},
				"west": {"uv": [0, 0, 1, 1], "texture": "#8"},
				"up": {"uv": [0, 0, 1, 1], "texture": "#8"},
				"down": {"uv": [0, 0, 1, 1], "texture": "#8"}
			}
		},
		{
			"name": "Cube",
			"from": [10, 3, 12],
			"to": [12, 4, 13],
			"faces": {
				"north": {"uv": [0, 0, 1, 1], "texture": "#8"},
				"east": {"uv": [0, 0, 1, 1], "texture": "#8"},
				"south": {"uv": [0, 0, 1, 1], "texture": "#8"},
				"west": {"uv": [0, 0, 1, 1], "texture": "#8"},
				"up": {"uv": [0, 0, 1, 1], "texture": "#8"},
				"down": {"uv": [0, 0, 1, 1], "texture": "#8"}
			}
		},
		{
			"name": "Cube",
			"from": [10, 3, 3],
			"to": [12, 4, 4],
			"faces": {
				"north": {"uv": [0, 0, 1, 1], "texture": "#8"},
				"east": {"uv": [0, 0, 1, 1], "texture": "#8"},
				"south": {"uv": [0, 0, 1, 1], "texture": "#8"},
				"west": {"uv": [0, 0, 1, 1], "texture": "#8"},
				"up": {"uv": [0, 0, 1, 1], "texture": "#8"},
				"down": {"uv": [0, 0, 1, 1], "texture": "#8"}
			}
		},
		{
			"name": "Cube",
			"from": [12, 3, 4],
			"to": [13, 4, 6],
			"faces": {
				"north": {"uv": [0, 0, 2, 1], "texture": "#8"},
				"east": {"uv": [0, 0, 2, 1], "texture": "#8"},
				"south": {"uv": [0, 0, 2, 1], "texture": "#8"},
				"west": {"uv": [0, 0, 2, 1], "texture": "#8"},
				"up": {"uv": [0, 0, 2, 1], "texture": "#8"},
				"down": {"uv": [0, 0, 2, 1], "texture": "#8"}
			}
		},
		{
			"name": "Cube",
			"from": [12, 3, 10],
			"to": [13, 4, 12],
			"faces": {
				"north": {"uv": [0, 0, 2, 1], "texture": "#8"},
				"east": {"uv": [0, 0, 2, 1], "texture": "#8"},
				"south": {"uv": [0, 0, 2, 1], "texture": "#8"},
				"west": {"uv": [0, 0, 2, 1], "texture": "#8"},
				"up": {"uv": [0, 0, 2, 1], "texture": "#8"},
				"down": {"uv": [0, 0, 2, 1], "texture": "#8"}
			}
		},
		{
			"name": "Cube",
			"from": [3, 3, 4],
			"to": [4, 4, 6],
			"faces": {
				"north": {"uv": [0, 0, 2, 1], "texture": "#8"},
				"east": {"uv": [0, 0, 2, 1], "texture": "#8"},
				"south": {"uv": [0, 0, 2, 1], "texture": "#8"},
				"west": {"uv": [0, 0, 2, 1], "texture": "#8"},
				"up": {"uv": [0, 0, 2, 1], "texture": "#8"},
				"down": {"uv": [0, 0, 2, 1], "texture": "#8"}
			}
		},
		{
			"name": "Cube",
			"from": [3, 4, 6],
			"to": [4, 5, 7],
			"faces": {
				"north": {"uv": [0, 0, 1, 1], "texture": "#8"},
				"east": {"uv": [0, 0, 1, 1], "texture": "#8"},
				"south": {"uv": [0, 0, 1, 1], "texture": "#8"},
				"west": {"uv": [0, 0, 1, 1], "texture": "#8"},
				"up": {"uv": [0, 0, 1, 1], "texture": "#8"},
				"down": {"uv": [0, 0, 1, 1], "texture": "#8"}
			}
		},
		{
			"name": "Cube",
			"from": [12, 4, 6],
			"to": [13, 5, 7],
			"faces": {
				"north": {"uv": [0, 0, 1, 1], "texture": "#8"},
				"east": {"uv": [0, 0, 1, 1], "texture": "#8"},
				"south": {"uv": [0, 0, 1, 1], "texture": "#8"},
				"west": {"uv": [0, 0, 1, 1], "texture": "#8"},
				"up": {"uv": [0, 0, 1, 1], "texture": "#8"},
				"down": {"uv": [0, 0, 1, 1], "texture": "#8"}
			}
		},
		{
			"name": "Cube",
			"from": [12, 4, 9],
			"to": [13, 5, 10],
			"faces": {
				"north": {"uv": [0, 0, 1, 1], "texture": "#8"},
				"east": {"uv": [0, 0, 1, 1], "texture": "#8"},
				"south": {"uv": [0, 0, 1, 1], "texture": "#8"},
				"west": {"uv": [0, 0, 1, 1], "texture": "#8"},
				"up": {"uv": [0, 0, 1, 1], "texture": "#8"},
				"down": {"uv": [0, 0, 1, 1], "texture": "#8"}
			}
		},
		{
			"name": "Cube",
			"from": [3, 4, 9],
			"to": [4, 5, 10],
			"faces": {
				"north": {"uv": [0, 0, 1, 1], "texture": "#8"},
				"east": {"uv": [0, 0, 1, 1], "texture": "#8"},
				"south": {"uv": [0, 0, 1, 1], "texture": "#8"},
				"west": {"uv": [0, 0, 1, 1], "texture": "#8"},
				"up": {"uv": [0, 0, 1, 1], "texture": "#8"},
				"down": {"uv": [0, 0, 1, 1], "texture": "#8"}
			}
		},
		{
			"name": "Cube",
			"from": [6, 4, 12],
			"to": [7, 5, 13],
			"faces": {
				"north": {"uv": [0, 0, 1, 1], "texture": "#8"},
				"east": {"uv": [0, 0, 1, 1], "texture": "#8"},
				"south": {"uv": [0, 0, 1, 1], "texture": "#8"},
				"west": {"uv": [0, 0, 1, 1], "texture": "#8"},
				"up": {"uv": [0, 0, 1, 1], "texture": "#8"},
				"down": {"uv": [0, 0, 1, 1], "texture": "#8"}
			}
		},
		{
			"name": "Cube",
			"from": [9, 4, 12],
			"to": [10, 5, 13],
			"faces": {
				"north": {"uv": [0, 0, 1, 1], "texture": "#8"},
				"east": {"uv": [0, 0, 1, 1], "texture": "#8"},
				"south": {"uv": [0, 0, 1, 1], "texture": "#8"},
				"west": {"uv": [0, 0, 1, 1], "texture": "#8"},
				"up": {"uv": [0, 0, 1, 1], "texture": "#8"},
				"down": {"uv": [0, 0, 1, 1], "texture": "#8"}
			}
		},
		{
			"name": "Cube",
			"from": [9, 4, 3],
			"to": [10, 5, 4],
			"faces": {
				"north": {"uv": [0, 0, 1, 1], "texture": "#8"},
				"east": {"uv": [0, 0, 1, 1], "texture": "#8"},
				"south": {"uv": [0, 0, 1, 1], "texture": "#8"},
				"west": {"uv": [0, 0, 1, 1], "texture": "#8"},
				"up": {"uv": [0, 0, 1, 1], "texture": "#8"},
				"down": {"uv": [0, 0, 1, 1], "texture": "#8"}
			}
		},
		{
			"name": "Cube",
			"from": [6, 4, 3],
			"to": [7, 5, 4],
			"faces": {
				"north": {"uv": [0, 0, 1, 1], "texture": "#8"},
				"east": {"uv": [0, 0, 1, 1], "texture": "#8"},
				"south": {"uv": [0, 0, 1, 1], "texture": "#8"},
				"west": {"uv": [0, 0, 1, 1], "texture": "#8"},
				"up": {"uv": [0, 0, 1, 1], "texture": "#8"},
				"down": {"uv": [0, 0, 1, 1], "texture": "#8"}
			}
		},
		{
			"name": "Cube",
			"from": [4, 4, 4],
			"to": [5, 5, 6],
			"faces": {
				"north": {"uv": [0, 0, 2, 1], "texture": "#8"},
				"east": {"uv": [0, 0, 2, 1], "texture": "#8"},
				"south": {"uv": [0, 0, 2, 1], "texture": "#8"},
				"west": {"uv": [0, 0, 2, 1], "texture": "#8"},
				"up": {"uv": [0, 0, 2, 1], "texture": "#8"},
				"down": {"uv": [0, 0, 2, 1], "texture": "#8"}
			}
		},
		{
			"name": "Cube",
			"from": [4, 4, 10],
			"to": [5, 5, 12],
			"faces": {
				"north": {"uv": [0, 0, 2, 1], "texture": "#8"},
				"east": {"uv": [0, 0, 2, 1], "texture": "#8"},
				"south": {"uv": [0, 0, 2, 1], "texture": "#8"},
				"west": {"uv": [0, 0, 2, 1], "texture": "#8"},
				"up": {"uv": [0, 0, 2, 1], "texture": "#8"},
				"down": {"uv": [0, 0, 2, 1], "texture": "#8"}
			}
		},
		{
			"name": "Cube",
			"from": [11, 4, 10],
			"to": [12, 5, 12],
			"faces": {
				"north": {"uv": [0, 0, 2, 1], "texture": "#8"},
				"east": {"uv": [0, 0, 2, 1], "texture": "#8"},
				"south": {"uv": [0, 0, 2, 1], "texture": "#8"},
				"west": {"uv": [0, 0, 2, 1], "texture": "#8"},
				"up": {"uv": [0, 0, 2, 1], "texture": "#8"},
				"down": {"uv": [0, 0, 2, 1], "texture": "#8"}
			}
		},
		{
			"name": "Cube",
			"from": [11, 4, 4],
			"to": [12, 5, 6],
			"faces": {
				"north": {"uv": [0, 0, 2, 1], "texture": "#8"},
				"east": {"uv": [0, 0, 2, 1], "texture": "#8"},
				"south": {"uv": [0, 0, 2, 1], "texture": "#8"},
				"west": {"uv": [0, 0, 2, 1], "texture": "#8"},
				"up": {"uv": [0, 0, 2, 1], "texture": "#8"},
				"down": {"uv": [0, 0, 2, 1], "texture": "#8"}
			}
		},
		{
			"name": "Cube",
			"from": [10, 4, 4],
			"to": [11, 5, 5],
			"faces": {
				"north": {"uv": [0, 0, 1, 1], "texture": "#8"},
				"east": {"uv": [0, 0, 1, 1], "texture": "#8"},
				"south": {"uv": [0, 0, 1, 1], "texture": "#8"},
				"west": {"uv": [0, 0, 1, 1], "texture": "#8"},
				"up": {"uv": [0, 0, 1, 1], "texture": "#8"},
				"down": {"uv": [0, 0, 1, 1], "texture": "#8"}
			}
		},
		{
			"name": "Cube",
			"from": [5, 4, 4],
			"to": [6, 5, 5],
			"faces": {
				"north": {"uv": [0, 0, 1, 1], "texture": "#8"},
				"east": {"uv": [0, 0, 1, 1], "texture": "#8"},
				"south": {"uv": [0, 0, 1, 1], "texture": "#8"},
				"west": {"uv": [0, 0, 1, 1], "texture": "#8"},
				"up": {"uv": [0, 0, 1, 1], "texture": "#8"},
				"down": {"uv": [0, 0, 1, 1], "texture": "#8"}
			}
		},
		{
			"name": "Cube",
			"from": [5, 4, 11],
			"to": [6, 5, 12],
			"faces": {
				"north": {"uv": [0, 0, 1, 1], "texture": "#8"},
				"east": {"uv": [0, 0, 1, 1], "texture": "#8"},
				"south": {"uv": [0, 0, 1, 1], "texture": "#8"},
				"west": {"uv": [0, 0, 1, 1], "texture": "#8"},
				"up": {"uv": [0, 0, 1, 1], "texture": "#8"},
				"down": {"uv": [0, 0, 1, 1], "texture": "#8"}
			}
		},
		{
			"name": "Cube",
			"from": [10, 4, 11],
			"to": [11, 5, 12],
			"faces": {
				"north": {"uv": [0, 0, 1, 1], "texture": "#8"},
				"east": {"uv": [0, 0, 1, 1], "texture": "#8"},
				"south": {"uv": [0, 0, 1, 1], "texture": "#8"},
				"west": {"uv": [0, 0, 1, 1], "texture": "#8"},
				"up": {"uv": [0, 0, 1, 1], "texture": "#8"},
				"down": {"uv": [0, 0, 1, 1], "texture": "#8"}
			}
		},
		{
			"name": "Cube",
			"from": [3, 5, 7],
			"to": [4, 6.7, 9],
			"faces": {
				"north": {"uv": [0, 0, 2, 1.7], "texture": "#8"},
				"east": {"uv": [0, 0, 2, 1.7], "texture": "#8"},
				"south": {"uv": [0, 0, 2, 1.7], "texture": "#8"},
				"west": {"uv": [0, 0, 2, 1.7], "texture": "#8"},
				"up": {"uv": [0, 0, 2, 1.7], "texture": "#8"},
				"down": {"uv": [0, 0, 2, 1.7], "texture": "#8"}
			}
		},
		{
			"name": "Cube",
			"from": [12, 5, 7],
			"to": [13, 6.7, 9],
			"faces": {
				"north": {"uv": [0, 0, 2, 1.7], "texture": "#8"},
				"east": {"uv": [0, 0, 2, 1.7], "texture": "#8"},
				"south": {"uv": [0, 0, 2, 1.7], "texture": "#8"},
				"west": {"uv": [0, 0, 2, 1.7], "texture": "#8"},
				"up": {"uv": [0, 0, 2, 1.7], "texture": "#8"},
				"down": {"uv": [0, 0, 2, 1.7], "texture": "#8"}
			}
		},
		{
			"name": "Cube",
			"from": [7, 5, 12],
			"to": [9, 6.7, 13],
			"faces": {
				"north": {"uv": [0, 0, 1, 1.7], "texture": "#8"},
				"east": {"uv": [0, 0, 1, 1.7], "texture": "#8"},
				"south": {"uv": [0, 0, 1, 1.7], "texture": "#8"},
				"west": {"uv": [0, 0, 1, 1.7], "texture": "#8"},
				"up": {"uv": [0, 0, 1, 1.7], "texture": "#8"},
				"down": {"uv": [0, 0, 1, 1.7], "texture": "#8"}
			}
		},
		{
			"name": "Cube",
			"from": [7, 5, 3],
			"to": [9, 6.7, 4],
			"faces": {
				"north": {"uv": [0, 0, 1, 1.7], "texture": "#8"},
				"east": {"uv": [0, 0, 1, 1.7], "texture": "#8"},
				"south": {"uv": [0, 0, 1, 1.7], "texture": "#8"},
				"west": {"uv": [0, 0, 1, 1.7], "texture": "#8"},
				"up": {"uv": [0, 0, 1, 1.7], "texture": "#8"},
				"down": {"uv": [0, 0, 1, 1.7], "texture": "#8"}
			}
		},
		{
			"name": "Cube",
			"from": [6, 5, 4],
			"to": [7, 7, 5],
			"faces": {
				"north": {"uv": [0, 0, 1, 2], "texture": "#8"},
				"east": {"uv": [0, 0, 1, 2], "texture": "#8"},
				"south": {"uv": [0, 0, 1, 2], "texture": "#8"},
				"west": {"uv": [0, 0, 1, 2], "texture": "#8"},
				"up": {"uv": [0, 0, 1, 2], "texture": "#8"},
				"down": {"uv": [0, 0, 1, 2], "texture": "#8"}
			}
		},
		{
			"name": "Cube",
			"from": [5, 5, 4],
			"to": [6, 6, 5],
			"faces": {
				"north": {"uv": [0, 0, 1, 1], "texture": "#8"},
				"east": {"uv": [0, 0, 1, 1], "texture": "#8"},
				"south": {"uv": [0, 0, 1, 1], "texture": "#8"},
				"west": {"uv": [0, 0, 1, 1], "texture": "#8"},
				"up": {"uv": [0, 0, 1, 1], "texture": "#8"},
				"down": {"uv": [0, 0, 1, 1], "texture": "#8"}
			}
		},
		{
			"name": "Cube",
			"from": [4, 5, 5],
			"to": [5, 6, 6],
			"faces": {
				"north": {"uv": [0, 0, 1, 1], "texture": "#8"},
				"east": {"uv": [0, 0, 1, 1], "texture": "#8"},
				"south": {"uv": [0, 0, 1, 1], "texture": "#8"},
				"west": {"uv": [0, 0, 1, 1], "texture": "#8"},
				"up": {"uv": [0, 0, 1, 1], "texture": "#8"},
				"down": {"uv": [0, 0, 1, 1], "texture": "#8"}
			}
		},
		{
			"name": "Cube",
			"from": [4, 5, 6],
			"to": [5, 7, 7],
			"faces": {
				"north": {"uv": [0, 0, 1, 2], "texture": "#8"},
				"east": {"uv": [0, 0, 1, 2], "texture": "#8"},
				"south": {"uv": [0, 0, 1, 2], "texture": "#8"},
				"west": {"uv": [0, 0, 1, 2], "texture": "#8"},
				"up": {"uv": [0, 0, 1, 2], "texture": "#8"},
				"down": {"uv": [0, 0, 1, 2], "texture": "#8"}
			}
		},
		{
			"name": "Cube",
			"from": [4, 5, 9],
			"to": [5, 7, 10],
			"faces": {
				"north": {"uv": [0, 0, 1, 2], "texture": "#8"},
				"east": {"uv": [0, 0, 1, 2], "texture": "#8"},
				"south": {"uv": [0, 0, 1, 2], "texture": "#8"},
				"west": {"uv": [0, 0, 1, 2], "texture": "#8"},
				"up": {"uv": [0, 0, 1, 2], "texture": "#8"},
				"down": {"uv": [0, 0, 1, 2], "texture": "#8"}
			}
		},
		{
			"name": "Cube",
			"from": [4, 5, 10],
			"to": [5, 6, 11],
			"faces": {
				"north": {"uv": [0, 0, 1, 1], "texture": "#8"},
				"east": {"uv": [0, 0, 1, 1], "texture": "#8"},
				"south": {"uv": [0, 0, 1, 1], "texture": "#8"},
				"west": {"uv": [0, 0, 1, 1], "texture": "#8"},
				"up": {"uv": [0, 0, 1, 1], "texture": "#8"},
				"down": {"uv": [0, 0, 1, 1], "texture": "#8"}
			}
		},
		{
			"name": "Cube",
			"from": [6, 5, 11],
			"to": [7, 7, 12],
			"faces": {
				"north": {"uv": [0, 0, 1, 2], "texture": "#8"},
				"east": {"uv": [0, 0, 1, 2], "texture": "#8"},
				"south": {"uv": [0, 0, 1, 2], "texture": "#8"},
				"west": {"uv": [0, 0, 1, 2], "texture": "#8"},
				"up": {"uv": [0, 0, 1, 2], "texture": "#8"},
				"down": {"uv": [0, 0, 1, 2], "texture": "#8"}
			}
		},
		{
			"name": "Cube",
			"from": [5, 5, 11],
			"to": [6, 6, 12],
			"faces": {
				"north": {"uv": [0, 0, 1, 1], "texture": "#8"},
				"east": {"uv": [0, 0, 1, 1], "texture": "#8"},
				"south": {"uv": [0, 0, 1, 1], "texture": "#8"},
				"west": {"uv": [0, 0, 1, 1], "texture": "#8"},
				"up": {"uv": [0, 0, 1, 1], "texture": "#8"},
				"down": {"uv": [0, 0, 1, 1], "texture": "#8"}
			}
		},
		{
			"name": "Cube",
			"from": [9, 5, 11],
			"to": [10, 7, 12],
			"faces": {
				"north": {"uv": [0, 0, 1, 2], "texture": "#8"},
				"east": {"uv": [0, 0, 1, 2], "texture": "#8"},
				"south": {"uv": [0, 0, 1, 2], "texture": "#8"},
				"west": {"uv": [0, 0, 1, 2], "texture": "#8"},
				"up": {"uv": [0, 0, 1, 2], "texture": "#8"},
				"down": {"uv": [0, 0, 1, 2], "texture": "#8"}
			}
		},
		{
			"name": "Cube",
			"from": [10, 5, 11],
			"to": [11, 6, 12],
			"faces": {
				"north": {"uv": [0, 0, 1, 1], "texture": "#8"},
				"east": {"uv": [0, 0, 1, 1], "texture": "#8"},
				"south": {"uv": [0, 0, 1, 1], "texture": "#8"},
				"west": {"uv": [0, 0, 1, 1], "texture": "#8"},
				"up": {"uv": [0, 0, 1, 1], "texture": "#8"},
				"down": {"uv": [0, 0, 1, 1], "texture": "#8"}
			}
		},
		{
			"name": "Cube",
			"from": [11, 5, 10],
			"to": [12, 6, 11],
			"faces": {
				"north": {"uv": [0, 0, 1, 1], "texture": "#8"},
				"east": {"uv": [0, 0, 1, 1], "texture": "#8"},
				"south": {"uv": [0, 0, 1, 1], "texture": "#8"},
				"west": {"uv": [0, 0, 1, 1], "texture": "#8"},
				"up": {"uv": [0, 0, 1, 1], "texture": "#8"},
				"down": {"uv": [0, 0, 1, 1], "texture": "#8"}
			}
		},
		{
			"name": "Cube",
			"from": [11, 5, 9],
			"to": [12, 7, 10],
			"faces": {
				"north": {"uv": [0, 0, 1, 2], "texture": "#8"},
				"east": {"uv": [0, 0, 1, 2], "texture": "#8"},
				"south": {"uv": [0, 0, 1, 2], "texture": "#8"},
				"west": {"uv": [0, 0, 1, 2], "texture": "#8"},
				"up": {"uv": [0, 0, 1, 2], "texture": "#8"},
				"down": {"uv": [0, 0, 1, 2], "texture": "#8"}
			}
		},
		{
			"name": "Cube",
			"from": [11, 5, 6],
			"to": [12, 7, 7],
			"faces": {
				"north": {"uv": [0, 0, 1, 2], "texture": "#8"},
				"east": {"uv": [0, 0, 1, 2], "texture": "#8"},
				"south": {"uv": [0, 0, 1, 2], "texture": "#8"},
				"west": {"uv": [0, 0, 1, 2], "texture": "#8"},
				"up": {"uv": [0, 0, 1, 2], "texture": "#8"},
				"down": {"uv": [0, 0, 1, 2], "texture": "#8"}
			}
		},
		{
			"name": "Cube",
			"from": [11, 5, 5],
			"to": [12, 6, 6],
			"faces": {
				"north": {"uv": [0, 0, 1, 1], "texture": "#8"},
				"east": {"uv": [0, 0, 1, 1], "texture": "#8"},
				"south": {"uv": [0, 0, 1, 1], "texture": "#8"},
				"west": {"uv": [0, 0, 1, 1], "texture": "#8"},
				"up": {"uv": [0, 0, 1, 1], "texture": "#8"},
				"down": {"uv": [0, 0, 1, 1], "texture": "#8"}
			}
		},
		{
			"name": "Cube",
			"from": [10, 5, 4],
			"to": [11, 6, 5],
			"faces": {
				"north": {"uv": [0, 0, 1, 1], "texture": "#8"},
				"east": {"uv": [0, 0, 1, 1], "texture": "#8"},
				"south": {"uv": [0, 0, 1, 1], "texture": "#8"},
				"west": {"uv": [0, 0, 1, 1], "texture": "#8"},
				"up": {"uv": [0, 0, 1, 1], "texture": "#8"},
				"down": {"uv": [0, 0, 1, 1], "texture": "#8"}
			}
		},
		{
			"name": "Cube",
			"from": [9, 5, 4],
			"to": [10, 7, 5],
			"faces": {
				"north": {"uv": [0, 0, 1, 2], "texture": "#8"},
				"east": {"uv": [0, 0, 1, 2], "texture": "#8"},
				"south": {"uv": [0, 0, 1, 2], "texture": "#8"},
				"west": {"uv": [0, 0, 1, 2], "texture": "#8"},
				"up": {"uv": [0, 0, 1, 2], "texture": "#8"},
				"down": {"uv": [0, 0, 1, 2], "texture": "#8"}
			}
		},
		{
			"name": "Cube",
			"from": [3, 5, 6],
			"to": [4, 6, 7],
			"faces": {
				"north": {"uv": [0, 0, 1, 1], "texture": "#8"},
				"east": {"uv": [0, 0, 1, 1], "texture": "#8"},
				"south": {"uv": [0, 0, 1, 1], "texture": "#8"},
				"west": {"uv": [0, 0, 1, 1], "texture": "#8"},
				"up": {"uv": [0, 0, 1, 1], "texture": "#8"},
				"down": {"uv": [0, 0, 1, 1], "texture": "#8"}
			}
		},
		{
			"name": "Cube",
			"from": [3, 5, 9],
			"to": [4, 6, 10],
			"faces": {
				"north": {"uv": [0, 0, 1, 1], "texture": "#8"},
				"east": {"uv": [0, 0, 1, 1], "texture": "#8"},
				"south": {"uv": [0, 0, 1, 1], "texture": "#8"},
				"west": {"uv": [0, 0, 1, 1], "texture": "#8"},
				"up": {"uv": [0, 0, 1, 1], "texture": "#8"},
				"down": {"uv": [0, 0, 1, 1], "texture": "#8"}
			}
		},
		{
			"name": "Cube",
			"from": [6, 5, 12],
			"to": [7, 6, 13],
			"faces": {
				"north": {"uv": [0, 0, 1, 1], "texture": "#8"},
				"east": {"uv": [0, 0, 1, 1], "texture": "#8"},
				"south": {"uv": [0, 0, 1, 1], "texture": "#8"},
				"west": {"uv": [0, 0, 1, 1], "texture": "#8"},
				"up": {"uv": [0, 0, 1, 1], "texture": "#8"},
				"down": {"uv": [0, 0, 1, 1], "texture": "#8"}
			}
		},
		{
			"name": "Cube",
			"from": [9, 5, 12],
			"to": [10, 6, 13],
			"faces": {
				"north": {"uv": [0, 0, 1, 1], "texture": "#8"},
				"east": {"uv": [0, 0, 1, 1], "texture": "#8"},
				"south": {"uv": [0, 0, 1, 1], "texture": "#8"},
				"west": {"uv": [0, 0, 1, 1], "texture": "#8"},
				"up": {"uv": [0, 0, 1, 1], "texture": "#8"},
				"down": {"uv": [0, 0, 1, 1], "texture": "#8"}
			}
		},
		{
			"name": "Cube",
			"from": [9, 5, 3],
			"to": [10, 6, 4],
			"faces": {
				"north": {"uv": [0, 0, 1, 1], "texture": "#8"},
				"east": {"uv": [0, 0, 1, 1], "texture": "#8"},
				"south": {"uv": [0, 0, 1, 1], "texture": "#8"},
				"west": {"uv": [0, 0, 1, 1], "texture": "#8"},
				"up": {"uv": [0, 0, 1, 1], "texture": "#8"},
				"down": {"uv": [0, 0, 1, 1], "texture": "#8"}
			}
		},
		{
			"name": "Cube",
			"from": [6, 5, 3],
			"to": [7, 6, 4],
			"faces": {
				"north": {"uv": [0, 0, 1, 1], "texture": "#8"},
				"east": {"uv": [0, 0, 1, 1], "texture": "#8"},
				"south": {"uv": [0, 0, 1, 1], "texture": "#8"},
				"west": {"uv": [0, 0, 1, 1], "texture": "#8"},
				"up": {"uv": [0, 0, 1, 1], "texture": "#8"},
				"down": {"uv": [0, 0, 1, 1], "texture": "#8"}
			}
		},
		{
			"name": "Cube",
			"from": [6, 6, 5],
			"to": [7, 7, 6],
			"faces": {
				"north": {"uv": [0, 0, 1, 1], "texture": "#8"},
				"east": {"uv": [0, 0, 1, 1], "texture": "#8"},
				"south": {"uv": [0, 0, 1, 1], "texture": "#8"},
				"west": {"uv": [0, 0, 1, 1], "texture": "#8"},
				"up": {"uv": [0, 0, 1, 1], "texture": "#8"},
				"down": {"uv": [0, 0, 1, 1], "texture": "#8"}
			}
		},
		{
			"name": "Cube",
			"from": [5, 6, 6],
			"to": [6, 7, 7],
			"faces": {
				"north": {"uv": [0, 0, 1, 1], "texture": "#8"},
				"east": {"uv": [0, 0, 1, 1], "texture": "#8"},
				"south": {"uv": [0, 0, 1, 1], "texture": "#8"},
				"west": {"uv": [0, 0, 1, 1], "texture": "#8"},
				"up": {"uv": [0, 0, 1, 1], "texture": "#8"},
				"down": {"uv": [0, 0, 1, 1], "texture": "#8"}
			}
		},
		{
			"name": "Cube",
			"from": [10, 6, 6],
			"to": [11, 7, 7],
			"faces": {
				"north": {"uv": [0, 0, 1, 1], "texture": "#8"},
				"east": {"uv": [0, 0, 1, 1], "texture": "#8"},
				"south": {"uv": [0, 0, 1, 1], "texture": "#8"},
				"west": {"uv": [0, 0, 1, 1], "texture": "#8"},
				"up": {"uv": [0, 0, 1, 1], "texture": "#8"},
				"down": {"uv": [0, 0, 1, 1], "texture": "#8"}
			}
		},
		{
			"name": "Cube",
			"from": [10, 6, 9],
			"to": [11, 7, 10],
			"faces": {
				"north": {"uv": [0, 0, 1, 1], "texture": "#8"},
				"east": {"uv": [0, 0, 1, 1], "texture": "#8"},
				"south": {"uv": [0, 0, 1, 1], "texture": "#8"},
				"west": {"uv": [0, 0, 1, 1], "texture": "#8"},
				"up": {"uv": [0, 0, 1, 1], "texture": "#8"},
				"down": {"uv": [0, 0, 1, 1], "texture": "#8"}
			}
		},
		{
			"name": "Cube",
			"from": [9, 6, 5],
			"to": [10, 7, 6],
			"faces": {
				"north": {"uv": [0, 0, 1, 1], "texture": "#8"},
				"east": {"uv": [0, 0, 1, 1], "texture": "#8"},
				"south": {"uv": [0, 0, 1, 1], "texture": "#8"},
				"west": {"uv": [0, 0, 1, 1], "texture": "#8"},
				"up": {"uv": [0, 0, 1, 1], "texture": "#8"},
				"down": {"uv": [0, 0, 1, 1], "texture": "#8"}
			}
		},
		{
			"name": "Cube",
			"from": [9, 6, 10],
			"to": [10, 7, 11],
			"faces": {
				"north": {"uv": [0, 0, 1, 1], "texture": "#8"},
				"east": {"uv": [0, 0, 1, 1], "texture": "#8"},
				"south": {"uv": [0, 0, 1, 1], "texture": "#8"},
				"west": {"uv": [0, 0, 1, 1], "texture": "#8"},
				"up": {"uv": [0, 0, 1, 1], "texture": "#8"},
				"down": {"uv": [0, 0, 1, 1], "texture": "#8"}
			}
		},
		{
			"name": "Cube",
			"from": [6, 6, 10],
			"to": [7, 7, 11],
			"faces": {
				"north": {"uv": [0, 0, 1, 1], "texture": "#8"},
				"east": {"uv": [0, 0, 1, 1], "texture": "#8"},
				"south": {"uv": [0, 0, 1, 1], "texture": "#8"},
				"west": {"uv": [0, 0, 1, 1], "texture": "#8"},
				"up": {"uv": [0, 0, 1, 1], "texture": "#8"},
				"down": {"uv": [0, 0, 1, 1], "texture": "#8"}
			}
		},
		{
			"name": "Cube",
			"from": [5, 6, 9],
			"to": [6, 7, 10],
			"faces": {
				"north": {"uv": [0, 0, 1, 1], "texture": "#8"},
				"east": {"uv": [0, 0, 1, 1], "texture": "#8"},
				"south": {"uv": [0, 0, 1, 1], "texture": "#8"},
				"west": {"uv": [0, 0, 1, 1], "texture": "#8"},
				"up": {"uv": [0, 0, 1, 1], "texture": "#8"},
				"down": {"uv": [0, 0, 1, 1], "texture": "#8"}
			}
		},
		{
			"name": "Cube",
			"from": [5, 5, 5],
			"to": [6, 6, 6],
			"faces": {
				"north": {"uv": [0, 0, 1, 1], "texture": "#8"},
				"east": {"uv": [0, 0, 1, 1], "texture": "#8"},
				"south": {"uv": [0, 0, 1, 1], "texture": "#8"},
				"west": {"uv": [0, 0, 1, 1], "texture": "#8"},
				"up": {"uv": [0, 0, 1, 1], "texture": "#8"},
				"down": {"uv": [0, 0, 1, 1], "texture": "#8"}
			}
		},
		{
			"name": "Cube",
			"from": [5, 5, 10],
			"to": [6, 7, 11],
			"faces": {
				"north": {"uv": [0, 0, 1, 2], "texture": "#8"},
				"east": {"uv": [0, 0, 1, 2], "texture": "#8"},
				"south": {"uv": [0, 0, 1, 2], "texture": "#8"},
				"west": {"uv": [0, 0, 1, 2], "texture": "#8"},
				"up": {"uv": [0, 0, 1, 2], "texture": "#8"},
				"down": {"uv": [0, 0, 1, 2], "texture": "#8"}
			}
		},
		{
			"name": "Cube",
			"from": [10, 5, 10],
			"to": [11, 6, 11],
			"faces": {
				"north": {"uv": [0, 0, 1, 1], "texture": "#8"},
				"east": {"uv": [0, 0, 1, 1], "texture": "#8"},
				"south": {"uv": [0, 0, 1, 1], "texture": "#8"},
				"west": {"uv": [0, 0, 1, 1], "texture": "#8"},
				"up": {"uv": [0, 0, 1, 1], "texture": "#8"},
				"down": {"uv": [0, 0, 1, 1], "texture": "#8"}
			}
		},
		{
			"name": "Cube",
			"from": [10, 5, 5],
			"to": [11, 6, 6],
			"faces": {
				"north": {"uv": [0, 0, 1, 1], "texture": "#8"},
				"east": {"uv": [0, 0, 1, 1], "texture": "#8"},
				"south": {"uv": [0, 0, 1, 1], "texture": "#8"},
				"west": {"uv": [0, 0, 1, 1], "texture": "#8"},
				"up": {"uv": [0, 0, 1, 1], "texture": "#8"},
				"down": {"uv": [0, 0, 1, 1], "texture": "#8"}
			}
		},
		{
			"name": "Cube",
			"from": [10, 6, 5],
			"to": [11, 6.7, 6],
			"faces": {
				"north": {"uv": [0, 0, 1, 0.7], "texture": "#8"},
				"east": {"uv": [0, 0, 1, 0.7], "texture": "#8"},
				"south": {"uv": [0, 0, 1, 0.7], "texture": "#8"},
				"west": {"uv": [0, 0, 1, 0.7], "texture": "#8"},
				"up": {"uv": [0, 0, 1, 0.7], "texture": "#8"},
				"down": {"uv": [0, 0, 1, 0.7], "texture": "#8"}
			}
		},
		{
			"name": "Cube",
			"from": [5, 6, 5],
			"to": [6, 6.7, 6],
			"faces": {
				"north": {"uv": [0, 0, 1, 0.7], "texture": "#8"},
				"east": {"uv": [0, 0, 1, 0.7], "texture": "#8"},
				"south": {"uv": [0, 0, 1, 0.7], "texture": "#8"},
				"west": {"uv": [0, 0, 1, 0.7], "texture": "#8"},
				"up": {"uv": [0, 0, 1, 0.7], "texture": "#8"},
				"down": {"uv": [0, 0, 1, 0.7], "texture": "#8"}
			}
		},
		{
			"name": "Cube",
			"from": [5, 6, 10],
			"to": [6, 6.7, 11],
			"faces": {
				"north": {"uv": [0, 0, 1, 0.7], "texture": "#8"},
				"east": {"uv": [0, 0, 1, 0.7], "texture": "#8"},
				"south": {"uv": [0, 0, 1, 0.7], "texture": "#8"},
				"west": {"uv": [0, 0, 1, 0.7], "texture": "#8"},
				"up": {"uv": [0, 0, 1, 0.7], "texture": "#8"},
				"down": {"uv": [0, 0, 1, 0.7], "texture": "#8"}
			}
		},
		{
			"name": "Cube",
			"from": [10, 6, 10],
			"to": [11, 6.7, 11],
			"faces": {
				"north": {"uv": [0, 0, 1, 0.7], "texture": "#8"},
				"east": {"uv": [0, 0, 1, 0.7], "texture": "#8"},
				"south": {"uv": [0, 0, 1, 0.7], "texture": "#8"},
				"west": {"uv": [0, 0, 1, 0.7], "texture": "#8"},
				"up": {"uv": [0, 0, 1, 0.7], "texture": "#8"},
				"down": {"uv": [0, 0, 1, 0.7], "texture": "#8"}
			}
		},
		{
			"name": "Cube",
			"from": [3, 3, 10],
			"to": [4, 4, 12],
			"faces": {
				"north": {"uv": [0, 0, 2, 1], "texture": "#8"},
				"east": {"uv": [0, 0, 2, 1], "texture": "#8"},
				"south": {"uv": [0, 0, 2, 1], "texture": "#8"},
				"west": {"uv": [0, 0, 2, 1], "texture": "#8"},
				"up": {"uv": [0, 0, 2, 1], "texture": "#8"},
				"down": {"uv": [0, 0, 2, 1], "texture": "#8"}
			}
		},
		{
			"name": "Cube",
			"from": [4, 6, 7],
			"to": [5, 7, 9],
			"faces": {
				"north": {"uv": [0, 0, 2, 1], "texture": "#8"},
				"east": {"uv": [0, 0, 2, 1], "texture": "#8"},
				"south": {"uv": [0, 0, 2, 1], "texture": "#8"},
				"west": {"uv": [0, 0, 2, 1], "texture": "#8"},
				"up": {"uv": [0, 0, 2, 1], "texture": "#8"},
				"down": {"uv": [0, 0, 2, 1], "texture": "#8"}
			}
		},
		{
			"name": "Cube",
			"from": [11, 6, 7],
			"to": [12, 7, 9],
			"faces": {
				"north": {"uv": [0, 0, 2, 1], "texture": "#8"},
				"east": {"uv": [0, 0, 2, 1], "texture": "#8"},
				"south": {"uv": [0, 0, 2, 1], "texture": "#8"},
				"west": {"uv": [0, 0, 2, 1], "texture": "#8"},
				"up": {"uv": [0, 0, 2, 1], "texture": "#8"},
				"down": {"uv": [0, 0, 2, 1], "texture": "#8"}
			}
		},
		{
			"name": "Cube",
			"from": [7, 6, 11],
			"to": [9, 7, 12],
			"faces": {
				"north": {"uv": [0, 0, 1, 1], "texture": "#8"},
				"east": {"uv": [0, 0, 1, 1], "texture": "#8"},
				"south": {"uv": [0, 0, 1, 1], "texture": "#8"},
				"west": {"uv": [0, 0, 1, 1], "texture": "#8"},
				"up": {"uv": [0, 0, 1, 1], "texture": "#8"},
				"down": {"uv": [0, 0, 1, 1], "texture": "#8"}
			}
		},
		{
			"name": "Cube",
			"from": [7, 6, 4],
			"to": [9, 7, 5],
			"faces": {
				"north": {"uv": [0, 0, 1, 1], "texture": "#8"},
				"east": {"uv": [0, 0, 1, 1], "texture": "#8"},
				"south": {"uv": [0, 0, 1, 1], "texture": "#8"},
				"west": {"uv": [0, 0, 1, 1], "texture": "#8"},
				"up": {"uv": [0, 0, 1, 1], "texture": "#8"},
				"down": {"uv": [0, 0, 1, 1], "texture": "#8"}
			}
		},
		{
			"name": "Cube",
			"from": [5, 7, 7],
			"to": [6, 8, 9],
			"faces": {
				"north": {"uv": [0, 0, 2, 1], "texture": "#8"},
				"east": {"uv": [0, 0, 2, 1], "texture": "#8"},
				"south": {"uv": [0, 0, 2, 1], "texture": "#8"},
				"west": {"uv": [0, 0, 2, 1], "texture": "#8"},
				"up": {"uv": [0, 0, 2, 1], "texture": "#8"},
				"down": {"uv": [0, 0, 2, 1], "texture": "#8"}
			}
		},
		{
			"name": "Cube",
			"from": [10, 7, 7],
			"to": [11, 8, 9],
			"faces": {
				"north": {"uv": [0, 0, 2, 1], "texture": "#8"},
				"east": {"uv": [0, 0, 2, 1], "texture": "#8"},
				"south": {"uv": [0, 0, 2, 1], "texture": "#8"},
				"west": {"uv": [0, 0, 2, 1], "texture": "#8"},
				"up": {"uv": [0, 0, 2, 1], "texture": "#8"},
				"down": {"uv": [0, 0, 2, 1], "texture": "#8"}
			}
		},
		{
			"name": "Cube",
			"from": [7, 7, 10],
			"to": [9, 8, 11],
			"faces": {
				"north": {"uv": [0, 0, 1, 1], "texture": "#8"},
				"east": {"uv": [0, 0, 1, 1], "texture": "#8"},
				"south": {"uv": [0, 0, 1, 1], "texture": "#8"},
				"west": {"uv": [0, 0, 1, 1], "texture": "#8"},
				"up": {"uv": [0, 0, 1, 1], "texture": "#8"},
				"down": {"uv": [0, 0, 1, 1], "texture": "#8"}
			}
		},
		{
			"name": "Cube",
			"from": [7, 7, 5],
			"to": [9, 8, 6],
			"faces": {
				"north": {"uv": [0, 0, 1, 1], "texture": "#8"},
				"east": {"uv": [0, 0, 1, 1], "texture": "#8"},
				"south": {"uv": [0, 0, 1, 1], "texture": "#8"},
				"west": {"uv": [0, 0, 1, 1], "texture": "#8"},
				"up": {"uv": [0, 0, 1, 1], "texture": "#8"},
				"down": {"uv": [0, 0, 1, 1], "texture": "#8"}
			}
		},
		{
			"name": "Cube",
			"from": [6, 7, 6],
			"to": [10, 8, 10],
			"faces": {
				"north": {"uv": [0, 0, 4, 1], "texture": "#8"},
				"east": {"uv": [0, 0, 4, 1], "texture": "#8"},
				"south": {"uv": [0, 0, 4, 1], "texture": "#8"},
				"west": {"uv": [0, 0, 4, 1], "texture": "#8"},
				"up": {"uv": [0, 0, 4, 1], "texture": "#8"},
				"down": {"uv": [0, 0, 4, 1], "texture": "#8"}
			}
		},
		{
			"name": "Cube",
			"from": [6, 6.7, 5],
			"to": [7, 7.7, 6],
			"faces": {
				"north": {"uv": [0, 0, 1, 1], "texture": "#8"},
				"east": {"uv": [0, 0, 1, 1], "texture": "#8"},
				"south": {"uv": [0, 0, 1, 1], "texture": "#8"},
				"west": {"uv": [0, 0, 1, 1], "texture": "#8"},
				"up": {"uv": [0, 0, 1, 1], "texture": "#8"},
				"down": {"uv": [0, 0, 1, 1], "texture": "#8"}
			}
		},
		{
			"name": "Cube",
			"from": [6, 6.7, 10],
			"to": [7, 7.7, 11],
			"faces": {
				"north": {"uv": [0, 0, 1, 1], "texture": "#8"},
				"east": {"uv": [0, 0, 1, 1], "texture": "#8"},
				"south": {"uv": [0, 0, 1, 1], "texture": "#8"},
				"west": {"uv": [0, 0, 1, 1], "texture": "#8"},
				"up": {"uv": [0, 0, 1, 1], "texture": "#8"},
				"down": {"uv": [0, 0, 1, 1], "texture": "#8"}
			}
		},
		{
			"name": "Cube",
			"from": [5, 6.7, 9],
			"to": [6, 7.7, 10],
			"faces": {
				"north": {"uv": [0, 0, 1, 1], "texture": "#8"},
				"east": {"uv": [0, 0, 1, 1], "texture": "#8"},
				"south": {"uv": [0, 0, 1, 1], "texture": "#8"},
				"west": {"uv": [0, 0, 1, 1], "texture": "#8"},
				"up": {"uv": [0, 0, 1, 1], "texture": "#8"},
				"down": {"uv": [0, 0, 1, 1], "texture": "#8"}
			}
		},
		{
			"name": "Cube",
			"from": [10, 6.7, 9],
			"to": [11, 7.7, 10],
			"faces": {
				"north": {"uv": [0, 0, 1, 1], "texture": "#8"},
				"east": {"uv": [0, 0, 1, 1], "texture": "#8"},
				"south": {"uv": [0, 0, 1, 1], "texture": "#8"},
				"west": {"uv": [0, 0, 1, 1], "texture": "#8"},
				"up": {"uv": [0, 0, 1, 1], "texture": "#8"},
				"down": {"uv": [0, 0, 1, 1], "texture": "#8"}
			}
		},
		{
			"name": "Cube",
			"from": [9, 6.7, 10],
			"to": [10, 7.7, 11],
			"faces": {
				"north": {"uv": [0, 0, 1, 1], "texture": "#8"},
				"east": {"uv": [0, 0, 1, 1], "texture": "#8"},
				"south": {"uv": [0, 0, 1, 1], "texture": "#8"},
				"west": {"uv": [0, 0, 1, 1], "texture": "#8"},
				"up": {"uv": [0, 0, 1, 1], "texture": "#8"},
				"down": {"uv": [0, 0, 1, 1], "texture": "#8"}
			}
		},
		{
			"name": "Cube",
			"from": [9, 6.7, 5],
			"to": [10, 7.7, 6],
			"faces": {
				"north": {"uv": [0, 0, 1, 1], "texture": "#8"},
				"east": {"uv": [0, 0, 1, 1], "texture": "#8"},
				"south": {"uv": [0, 0, 1, 1], "texture": "#8"},
				"west": {"uv": [0, 0, 1, 1], "texture": "#8"},
				"up": {"uv": [0, 0, 1, 1], "texture": "#8"},
				"down": {"uv": [0, 0, 1, 1], "texture": "#8"}
			}
		},
		{
			"name": "Cube",
			"from": [10, 6.7, 6],
			"to": [11, 7.7, 7],
			"faces": {
				"north": {"uv": [0, 0, 1, 1], "texture": "#8"},
				"east": {"uv": [0, 0, 1, 1], "texture": "#8"},
				"south": {"uv": [0, 0, 1, 1], "texture": "#8"},
				"west": {"uv": [0, 0, 1, 1], "texture": "#8"},
				"up": {"uv": [0, 0, 1, 1], "texture": "#8"},
				"down": {"uv": [0, 0, 1, 1], "texture": "#8"}
			}
		},
		{
			"name": "Cube",
			"from": [5, 6.7, 6],
			"to": [6, 7.7, 7],
			"faces": {
				"north": {"uv": [0, 0, 1, 1], "texture": "#8"},
				"east": {"uv": [0, 0, 1, 1], "texture": "#8"},
				"south": {"uv": [0, 0, 1, 1], "texture": "#8"},
				"west": {"uv": [0, 0, 1, 1], "texture": "#8"},
				"up": {"uv": [0, 0, 1, 1], "texture": "#8"},
				"down": {"uv": [0, 0, 1, 1], "texture": "#8"}
			}
		},
		{
			"name": "Cube",
			"from": [4, 7, 7],
			"to": [5, 7.5, 9],
			"faces": {
				"north": {"uv": [0, 0, 2, 0.5], "texture": "#8"},
				"east": {"uv": [0, 0, 2, 0.5], "texture": "#8"},
				"south": {"uv": [0, 0, 2, 0.5], "texture": "#8"},
				"west": {"uv": [0, 0, 2, 0.5], "texture": "#8"},
				"up": {"uv": [0, 0, 2, 0.5], "texture": "#8"},
				"down": {"uv": [0, 0, 2, 0.5], "texture": "#8"}
			}
		},
		{
			"name": "Cube",
			"from": [11, 7, 7],
			"to": [12, 7.5, 9],
			"faces": {
				"north": {"uv": [0, 0, 2, 0.5], "texture": "#8"},
				"east": {"uv": [0, 0, 2, 0.5], "texture": "#8"},
				"south": {"uv": [0, 0, 2, 0.5], "texture": "#8"},
				"west": {"uv": [0, 0, 2, 0.5], "texture": "#8"},
				"up": {"uv": [0, 0, 2, 0.5], "texture": "#8"},
				"down": {"uv": [0, 0, 2, 0.5], "texture": "#8"}
			}
		},
		{
			"name": "Cube",
			"from": [7, 7, 4],
			"to": [9, 7.5, 5],
			"faces": {
				"north": {"uv": [0, 0, 1, 0.5], "texture": "#8"},
				"east": {"uv": [0, 0, 1, 0.5], "texture": "#8"},
				"south": {"uv": [0, 0, 1, 0.5], "texture": "#8"},
				"west": {"uv": [0, 0, 1, 0.5], "texture": "#8"},
				"up": {"uv": [0, 0, 1, 0.5], "texture": "#8"},
				"down": {"uv": [0, 0, 1, 0.5], "texture": "#8"}
			}
		},
		{
			"name": "Cube",
			"from": [7, 7, 11],
			"to": [9, 7.5, 12],
			"faces": {
				"north": {"uv": [0, 0, 1, 0.5], "texture": "#8"},
				"east": {"uv": [0, 0, 1, 0.5], "texture": "#8"},
				"south": {"uv": [0, 0, 1, 0.5], "texture": "#8"},
				"west": {"uv": [0, 0, 1, 0.5], "texture": "#8"},
				"up": {"uv": [0, 0, 1, 0.5], "texture": "#8"},
				"down": {"uv": [0, 0, 1, 0.5], "texture": "#8"}
			}
		},
		{
			"name": "Cube",
			"from": [7.5, 4.6, 12.5],
			"to": [8.5, 5.6, 15.5],
			"faces": {
				"north": {"uv": [0, 0, 3, 1], "texture": "#14"},
				"east": {"uv": [0, 0, 3, 1], "texture": "#14"},
				"south": {"uv": [0, 0, 3, 1], "texture": "#14"},
				"west": {"uv": [0, 0, 3, 1], "texture": "#14"},
				"up": {"uv": [0, 0, 3, 1], "texture": "#14"},
				"down": {"uv": [0, 0, 3, 1], "texture": "#14"}
			}
		},
		{
			"name": "Cube",
			"from": [7.5, 5.5, 10.5],
			"to": [8.5, 9.5, 16.5],
			"faces": {
				"north": {"uv": [0, 0, 6, 4], "texture": "#14"},
				"east": {"uv": [0, 0, 6, 4], "texture": "#14"},
				"south": {"uv": [0, 0, 6, 4], "texture": "#14"},
				"west": {"uv": [0, 0, 6, 4], "texture": "#14"},
				"up": {"uv": [0, 0, 6, 4], "texture": "#14"},
				"down": {"uv": [0, 0, 6, 4], "texture": "#14"}
			}
		},
		{
			"name": "Cube",
			"from": [12, 4, 5],
			"to": [13, 4.5, 6],
			"faces": {
				"north": {"uv": [0, 0, 1, 0.5], "texture": "#8"},
				"east": {"uv": [0, 0, 1, 0.5], "texture": "#8"},
				"south": {"uv": [0, 0, 1, 0.5], "texture": "#8"},
				"west": {"uv": [0, 0, 1, 0.5], "texture": "#8"},
				"up": {"uv": [0, 0, 1, 0.5], "texture": "#8"},
				"down": {"uv": [0, 0, 1, 0.5], "texture": "#8"}
			}
		},
		{
			"name": "Cube",
			"from": [12, 4, 10],
			"to": [13, 4.5, 11],
			"faces": {
				"north": {"uv": [0, 0, 1, 0.5], "texture": "#8"},
				"east": {"uv": [0, 0, 1, 0.5], "texture": "#8"},
				"south": {"uv": [0, 0, 1, 0.5], "texture": "#8"},
				"west": {"uv": [0, 0, 1, 0.5], "texture": "#8"},
				"up": {"uv": [0, 0, 1, 0.5], "texture": "#8"},
				"down": {"uv": [0, 0, 1, 0.5], "texture": "#8"}
			}
		},
		{
			"name": "Cube",
			"from": [3, 4, 10],
			"to": [4, 4.5, 11],
			"faces": {
				"north": {"uv": [0, 0, 1, 0.5], "texture": "#8"},
				"east": {"uv": [0, 0, 1, 0.5], "texture": "#8"},
				"south": {"uv": [0, 0, 1, 0.5], "texture": "#8"},
				"west": {"uv": [0, 0, 1, 0.5], "texture": "#8"},
				"up": {"uv": [0, 0, 1, 0.5], "texture": "#8"},
				"down": {"uv": [0, 0, 1, 0.5], "texture": "#8"}
			}
		},
		{
			"name": "Cube",
			"from": [5, 4, 12],
			"to": [6, 4.5, 13],
			"faces": {
				"north": {"uv": [0, 0, 1, 0.5], "texture": "#8"},
				"east": {"uv": [0, 0, 1, 0.5], "texture": "#8"},
				"south": {"uv": [0, 0, 1, 0.5], "texture": "#8"},
				"west": {"uv": [0, 0, 1, 0.5], "texture": "#8"},
				"up": {"uv": [0, 0, 1, 0.5], "texture": "#8"},
				"down": {"uv": [0, 0, 1, 0.5], "texture": "#8"}
			}
		},
		{
			"name": "Cube",
			"from": [10, 4, 12],
			"to": [11, 4.5, 13],
			"faces": {
				"north": {"uv": [0, 0, 1, 0.5], "texture": "#8"},
				"east": {"uv": [0, 0, 1, 0.5], "texture": "#8"},
				"south": {"uv": [0, 0, 1, 0.5], "texture": "#8"},
				"west": {"uv": [0, 0, 1, 0.5], "texture": "#8"},
				"up": {"uv": [0, 0, 1, 0.5], "texture": "#8"},
				"down": {"uv": [0, 0, 1, 0.5], "texture": "#8"}
			}
		},
		{
			"name": "Cube",
			"from": [10, 4, 3],
			"to": [11, 4.5, 4],
			"faces": {
				"north": {"uv": [0, 0, 1, 0.5], "texture": "#8"},
				"east": {"uv": [0, 0, 1, 0.5], "texture": "#8"},
				"south": {"uv": [0, 0, 1, 0.5], "texture": "#8"},
				"west": {"uv": [0, 0, 1, 0.5], "texture": "#8"},
				"up": {"uv": [0, 0, 1, 0.5], "texture": "#8"},
				"down": {"uv": [0, 0, 1, 0.5], "texture": "#8"}
			}
		},
		{
			"name": "Cube",
			"from": [5, 4, 3],
			"to": [6, 4.5, 4],
			"faces": {
				"north": {"uv": [0, 0, 1, 0.5], "texture": "#8"},
				"east": {"uv": [0, 0, 1, 0.5], "texture": "#8"},
				"south": {"uv": [0, 0, 1, 0.5], "texture": "#8"},
				"west": {"uv": [0, 0, 1, 0.5], "texture": "#8"},
				"up": {"uv": [0, 0, 1, 0.5], "texture": "#8"},
				"down": {"uv": [0, 0, 1, 0.5], "texture": "#8"}
			}
		},
		{
			"name": "Cube",
			"from": [3, 4, 5],
			"to": [4, 4.5, 6],
			"faces": {
				"north": {"uv": [0, 0, 1, 0.5], "texture": "#8"},
				"east": {"uv": [0, 0, 1, 0.5], "texture": "#8"},
				"south": {"uv": [0, 0, 1, 0.5], "texture": "#8"},
				"west": {"uv": [0, 0, 1, 0.5], "texture": "#8"},
				"up": {"uv": [0, 0, 1, 0.5], "texture": "#8"},
				"down": {"uv": [0, 0, 1, 0.5], "texture": "#8"}
			}
		},
		{
			"name": "Cube",
			"from": [9, 4, 2.6],
			"to": [10, 4.7, 3.6],
			"faces": {
				"north": {"uv": [0, 0, 1, 0.7], "texture": "#8"},
				"east": {"uv": [0, 0, 1, 0.7], "texture": "#8"},
				"south": {"uv": [0, 0, 1, 0.7], "texture": "#8"},
				"west": {"uv": [0, 0, 1, 0.7], "texture": "#8"},
				"up": {"uv": [0, 0, 1, 0.7], "texture": "#8"},
				"down": {"uv": [0, 0, 1, 0.7], "texture": "#8"}
			}
		},
		{
			"name": "Cube",
			"from": [6, 4, 2.6],
			"to": [7, 4.7, 3.6],
			"faces": {
				"north": {"uv": [0, 0, 1, 0.7], "texture": "#8"},
				"east": {"uv": [0, 0, 1, 0.7], "texture": "#8"},
				"south": {"uv": [0, 0, 1, 0.7], "texture": "#8"},
				"west": {"uv": [0, 0, 1, 0.7], "texture": "#8"},
				"up": {"uv": [0, 0, 1, 0.7], "texture": "#8"},
				"down": {"uv": [0, 0, 1, 0.7], "texture": "#8"}
			}
		},
		{
			"name": "Cube",
			"from": [9, 4, 12.6],
			"to": [10, 4.7, 13.4],
			"faces": {
				"north": {"uv": [0, 0, 0.8, 0.7], "texture": "#8"},
				"east": {"uv": [0, 0, 0.8, 0.7], "texture": "#8"},
				"south": {"uv": [0, 0, 0.8, 0.7], "texture": "#8"},
				"west": {"uv": [0, 0, 0.8, 0.7], "texture": "#8"},
				"up": {"uv": [0, 0, 0.8, 0.7], "texture": "#8"},
				"down": {"uv": [0, 0, 0.8, 0.7], "texture": "#8"}
			}
		},
		{
			"name": "Cube",
			"from": [2.6, 4, 9],
			"to": [3.6, 4.7, 10],
			"faces": {
				"north": {"uv": [0, 0, 1, 0.7], "texture": "#8"},
				"east": {"uv": [0, 0, 1, 0.7], "texture": "#8"},
				"south": {"uv": [0, 0, 1, 0.7], "texture": "#8"},
				"west": {"uv": [0, 0, 1, 0.7], "texture": "#8"},
				"up": {"uv": [0, 0, 1, 0.7], "texture": "#8"},
				"down": {"uv": [0, 0, 1, 0.7], "texture": "#8"}
			}
		},
		{
			"name": "Cube",
			"from": [6, 4, 12.6],
			"to": [7, 4.7, 13.4],
			"faces": {
				"north": {"uv": [0, 0, 0.8, 0.7], "texture": "#8"},
				"east": {"uv": [0, 0, 0.8, 0.7], "texture": "#8"},
				"south": {"uv": [0, 0, 0.8, 0.7], "texture": "#8"},
				"west": {"uv": [0, 0, 0.8, 0.7], "texture": "#8"},
				"up": {"uv": [0, 0, 0.8, 0.7], "texture": "#8"},
				"down": {"uv": [0, 0, 0.8, 0.7], "texture": "#8"}
			}
		},
		{
			"name": "Cube",
			"from": [2.6, 4, 6],
			"to": [3.6, 4.7, 7],
			"faces": {
				"north": {"uv": [0, 0, 1, 0.7], "texture": "#8"},
				"east": {"uv": [0, 0, 1, 0.7], "texture": "#8"},
				"south": {"uv": [0, 0, 1, 0.7], "texture": "#8"},
				"west": {"uv": [0, 0, 1, 0.7], "texture": "#8"},
				"up": {"uv": [0, 0, 1, 0.7], "texture": "#8"},
				"down": {"uv": [0, 0, 1, 0.7], "texture": "#8"}
			}
		},
		{
			"name": "Cube",
			"from": [7.2, 5, 2.7],
			"to": [8.8, 5.8, 3.7],
			"faces": {
				"north": {"uv": [0, 0, 1, 0.8], "texture": "#8"},
				"east": {"uv": [0, 0, 1, 0.8], "texture": "#8"},
				"south": {"uv": [0, 0, 1, 0.8], "texture": "#8"},
				"west": {"uv": [0, 0, 1, 0.8], "texture": "#8"},
				"up": {"uv": [0, 0, 1, 0.8], "texture": "#8"},
				"down": {"uv": [0, 0, 1, 0.8], "texture": "#8"}
			}
		},
		{
			"name": "Cube",
			"from": [7.2, 5, 12.3],
			"to": [8.8, 5.8, 13.3],
			"faces": {
				"north": {"uv": [0, 0, 1, 0.8], "texture": "#8"},
				"east": {"uv": [0, 0, 1, 0.8], "texture": "#8"},
				"south": {"uv": [0, 0, 1, 0.8], "texture": "#8"},
				"west": {"uv": [0, 0, 1, 0.8], "texture": "#8"},
				"up": {"uv": [0, 0, 1, 0.8], "texture": "#8"},
				"down": {"uv": [0, 0, 1, 0.8], "texture": "#8"}
			}
		},
		{
			"name": "Cube",
			"from": [12.2, 5, 7.2],
			"to": [13.3, 5.8, 8.8],
			"faces": {
				"north": {"uv": [0, 0, 1.6, 0.8], "texture": "#8"},
				"east": {"uv": [0, 0, 1.6, 0.8], "texture": "#8"},
				"south": {"uv": [0, 0, 1.6, 0.8], "texture": "#8"},
				"west": {"uv": [0, 0, 1.6, 0.8], "texture": "#8"},
				"up": {"uv": [0, 0, 1.6, 0.8], "texture": "#8"},
				"down": {"uv": [0, 0, 1.6, 0.8], "texture": "#8"}
			}
		},
		{
			"name": "Cube",
			"from": [2.7, 5, 7.2],
			"to": [3.8, 5.8, 8.8],
			"faces": {
				"north": {"uv": [0, 0, 1.6, 0.8], "texture": "#8"},
				"east": {"uv": [0, 0, 1.6, 0.8], "texture": "#8"},
				"south": {"uv": [0, 0, 1.6, 0.8], "texture": "#8"},
				"west": {"uv": [0, 0, 1.6, 0.8], "texture": "#8"},
				"up": {"uv": [0, 0, 1.6, 0.8], "texture": "#8"},
				"down": {"uv": [0, 0, 1.6, 0.8], "texture": "#8"}
			}
		},
		{
			"name": "Cube",
			"from": [12.4, 4, 9],
			"to": [13.4, 4.7, 10],
			"faces": {
				"north": {"uv": [0, 0, 1, 0.7], "texture": "#8"},
				"east": {"uv": [0, 0, 1, 0.7], "texture": "#8"},
				"south": {"uv": [0, 0, 1, 0.7], "texture": "#8"},
				"west": {"uv": [0, 0, 1, 0.7], "texture": "#8"},
				"up": {"uv": [0, 0, 1, 0.7], "texture": "#8"},
				"down": {"uv": [0, 0, 1, 0.7], "texture": "#8"}
			}
		},
		{
			"name": "Cube",
			"from": [12.4, 4, 6],
			"to": [13.4, 4.7, 7],
			"faces": {
				"north": {"uv": [0, 0, 1, 0.7], "texture": "#8"},
				"east": {"uv": [0, 0, 1, 0.7], "texture": "#8"},
				"south": {"uv": [0, 0, 1, 0.7], "texture": "#8"},
				"west": {"uv": [0, 0, 1, 0.7], "texture": "#8"},
				"up": {"uv": [0, 0, 1, 0.7], "texture": "#8"},
				"down": {"uv": [0, 0, 1, 0.7], "texture": "#8"}
			}
		},
		{
			"name": "Cube",
			"from": [7.5, 9.5, 11.5],
			"to": [8.5, 10.5, 15.5],
			"faces": {
				"north": {"uv": [0, 0, 4, 1], "texture": "#14"},
				"east": {"uv": [0, 0, 4, 1], "texture": "#14"},
				"south": {"uv": [0, 0, 4, 1], "texture": "#14"},
				"west": {"uv": [0, 0, 4, 1], "texture": "#14"},
				"up": {"uv": [0, 0, 4, 1], "texture": "#14"},
				"down": {"uv": [0, 0, 4, 1], "texture": "#14"}
			}
		},
		{
			"name": "Cube",
			"from": [6.5, 3, 1.7],
			"to": [9.5, 3.7, 2.2],
			"faces": {
				"north": {"uv": [0, 0, 0.5, 0.7], "texture": "#8"},
				"east": {"uv": [0, 0, 0.5, 0.7], "texture": "#8"},
				"south": {"uv": [0, 0, 0.5, 0.7], "texture": "#8"},
				"west": {"uv": [0, 0, 0.5, 0.7], "texture": "#8"},
				"up": {"uv": [0, 0, 0.5, 0.7], "texture": "#8"},
				"down": {"uv": [0, 0, 0.5, 0.7], "texture": "#8"}
			}
		},
		{
			"name": "Cube",
			"from": [6.5, 3, 13.8],
			"to": [9.5, 3.7, 14.3],
			"faces": {
				"north": {"uv": [0, 0, 0.5, 0.7], "texture": "#8"},
				"east": {"uv": [0, 0, 0.5, 0.7], "texture": "#8"},
				"south": {"uv": [0, 0, 0.5, 0.7], "texture": "#8"},
				"west": {"uv": [0, 0, 0.5, 0.7], "texture": "#8"},
				"up": {"uv": [0, 0, 0.5, 0.7], "texture": "#8"},
				"down": {"uv": [0, 0, 0.5, 0.7], "texture": "#8"}
			}
		},
		{
			"name": "Cube",
			"from": [1.7, 3, 6.5],
			"to": [2.2, 3.7, 9.5],
			"faces": {
				"north": {"uv": [0, 0, 3, 0.7], "texture": "#8"},
				"east": {"uv": [0, 0, 3, 0.7], "texture": "#8"},
				"south": {"uv": [0, 0, 3, 0.7], "texture": "#8"},
				"west": {"uv": [0, 0, 3, 0.7], "texture": "#8"},
				"up": {"uv": [0, 0, 3, 0.7], "texture": "#8"},
				"down": {"uv": [0, 0, 3, 0.7], "texture": "#8"}
			}
		},
		{
			"name": "Cube",
			"from": [13.8, 3, 6.5],
			"to": [14.3, 3.7, 9.5],
			"faces": {
				"north": {"uv": [0, 0, 3, 0.7], "texture": "#8"},
				"east": {"uv": [0, 0, 3, 0.7], "texture": "#8"},
				"south": {"uv": [0, 0, 3, 0.7], "texture": "#8"},
				"west": {"uv": [0, 0, 3, 0.7], "texture": "#8"},
				"up": {"uv": [0, 0, 3, 0.7], "texture": "#8"},
				"down": {"uv": [0, 0, 3, 0.7], "texture": "#8"}
			}
		},
		{
			"name": "Cube",
			"from": [2.1, 4, 7.2],
			"to": [3.1, 4.8, 8.8],
			"faces": {
				"north": {"uv": [0, 0, 1.6, 0.8], "texture": "#8"},
				"east": {"uv": [0, 0, 1.6, 0.8], "texture": "#8"},
				"south": {"uv": [0, 0, 1.6, 0.8], "texture": "#8"},
				"west": {"uv": [0, 0, 1.6, 0.8], "texture": "#8"},
				"up": {"uv": [0, 0, 1.6, 0.8], "texture": "#8"},
				"down": {"uv": [0, 0, 1.6, 0.8], "texture": "#8"}
			}
		},
		{
			"name": "Cube",
			"from": [13, 4, 7.2],
			"to": [14, 4.8, 8.8],
			"faces": {
				"north": {"uv": [0, 0, 1.6, 0.8], "texture": "#8"},
				"east": {"uv": [0, 0, 1.6, 0.8], "texture": "#8"},
				"south": {"uv": [0, 0, 1.6, 0.8], "texture": "#8"},
				"west": {"uv": [0, 0, 1.6, 0.8], "texture": "#8"},
				"up": {"uv": [0, 0, 1.6, 0.8], "texture": "#8"},
				"down": {"uv": [0, 0, 1.6, 0.8], "texture": "#8"}
			}
		},
		{
			"name": "Cube",
			"from": [7.2, 4, 12.5],
			"to": [8.8, 4.8, 14],
			"faces": {
				"north": {"uv": [0, 0, 1.5, 0.8], "texture": "#8"},
				"east": {"uv": [0, 0, 1.5, 0.8], "texture": "#8"},
				"south": {"uv": [0, 0, 1.5, 0.8], "texture": "#8"},
				"west": {"uv": [0, 0, 1.5, 0.8], "texture": "#8"},
				"up": {"uv": [0, 0, 1.5, 0.8], "texture": "#8"},
				"down": {"uv": [0, 0, 1.5, 0.8], "texture": "#8"}
			}
		},
		{
			"name": "Cube",
			"from": [7.2, 4, 2],
			"to": [8.8, 4.8, 3.5],
			"faces": {
				"north": {"uv": [0, 0, 1.5, 0.8], "texture": "#8"},
				"east": {"uv": [0, 0, 1.5, 0.8], "texture": "#8"},
				"south": {"uv": [0, 0, 1.5, 0.8], "texture": "#8"},
				"west": {"uv": [0, 0, 1.5, 0.8], "texture": "#8"},
				"up": {"uv": [0, 0, 1.5, 0.8], "texture": "#8"},
				"down": {"uv": [0, 0, 1.5, 0.8], "texture": "#8"}
			}
		},
		{
			"name": "Cube",
			"from": [7.5, 5.6, -0.5],
			"to": [8.5, 9.6, 5.5],
			"faces": {
				"north": {"uv": [0, 0, 6, 4], "texture": "#14"},
				"east": {"uv": [0, 0, 6, 4], "texture": "#14"},
				"south": {"uv": [0, 0, 6, 4], "texture": "#14"},
				"west": {"uv": [0, 0, 6, 4], "texture": "#14"},
				"up": {"uv": [0, 0, 6, 4], "texture": "#14"},
				"down": {"uv": [0, 0, 6, 4], "texture": "#14"}
			}
		},
		{
			"name": "Cube",
			"from": [7.5, 4.6, 0.5],
			"to": [8.5, 5.6, 3.5],
			"faces": {
				"north": {"uv": [0, 0, 3, 1], "texture": "#14"},
				"east": {"uv": [0, 0, 3, 1], "texture": "#14"},
				"south": {"uv": [0, 0, 3, 1], "texture": "#14"},
				"west": {"uv": [0, 0, 3, 1], "texture": "#14"},
				"up": {"uv": [0, 0, 3, 1], "texture": "#14"},
				"down": {"uv": [0, 0, 3, 1], "texture": "#14"}
			}
		},
		{
			"name": "Cube",
			"from": [7.5, 9.5, 0.5],
			"to": [8.5, 10.5, 4.5],
			"faces": {
				"north": {"uv": [0, 0, 4, 1], "texture": "#14"},
				"east": {"uv": [0, 0, 4, 1], "texture": "#14"},
				"south": {"uv": [0, 0, 4, 1], "texture": "#14"},
				"west": {"uv": [0, 0, 4, 1], "texture": "#14"},
				"up": {"uv": [0, 0, 4, 1], "texture": "#14"},
				"down": {"uv": [0, 0, 4, 1], "texture": "#14"}
			}
		},
		{
			"name": "Cube",
			"from": [12, 5, 9],
			"to": [13, 6, 10],
			"faces": {
				"north": {"uv": [0, 0, 1, 1], "texture": "#8"},
				"east": {"uv": [0, 0, 1, 1], "texture": "#8"},
				"south": {"uv": [0, 0, 1, 1], "texture": "#8"},
				"west": {"uv": [0, 0, 1, 1], "texture": "#8"},
				"up": {"uv": [0, 0, 1, 1], "texture": "#8"},
				"down": {"uv": [0, 0, 1, 1], "texture": "#8"}
			}
		},
		{
			"name": "Cube",
			"from": [12, 5, 6],
			"to": [13, 6, 7],
			"faces": {
				"north": {"uv": [0, 0, 1, 1], "texture": "#8"},
				"east": {"uv": [0, 0, 1, 1], "texture": "#8"},
				"south": {"uv": [0, 0, 1, 1], "texture": "#8"},
				"west": {"uv": [0, 0, 1, 1], "texture": "#8"},
				"up": {"uv": [0, 0, 1, 1], "texture": "#8"},
				"down": {"uv": [0, 0, 1, 1], "texture": "#8"}
			}
		},
		{
			"name": "Rim 3",
			"from": [-0.06, 0, 5.52],
			"to": [2.56, 1, 10.48],
			"faces": {
				"north": {"uv": [0, 0, 4.96, 1], "texture": "#8"},
				"east": {"uv": [0, 0, 4.96, 1], "texture": "#8"},
				"south": {"uv": [0, 0, 4.96, 1], "texture": "#8"},
				"west": {"uv": [0, 0, 4.96, 1], "texture": "#8"},
				"up": {"uv": [0, 0, 4.96, 1], "texture": "#8"},
				"down": {"uv": [0, 0, 4.96, 1], "texture": "#8"}
			}
		},
		{
			"name": "Rim 15",
			"from": [1.8, 0, 11.96],
			"to": [4.04, 1, 14.2],
			"faces": {
				"north": {"uv": [0, 0, 2.24, 1], "texture": "#8"},
				"east": {"uv": [0, 0, 2.24, 1], "texture": "#8"},
				"south": {"uv": [0, 0, 2.24, 1], "texture": "#8"},
				"west": {"uv": [0, 0, 2.24, 1], "texture": "#8"},
				"up": {"uv": [0, 0, 2.24, 1], "texture": "#8"},
				"down": {"uv": [0, 0, 2.24, 1], "texture": "#8"}
			}
		},
		{
			"name": "Rim 7",
			"from": [0.56, 0, 10.48],
			"to": [2.8, 1, 12.96],
			"faces": {
				"north": {"uv": [0, 0, 2.48, 1], "texture": "#8"},
				"east": {"uv": [0, 0, 2.48, 1], "texture": "#8"},
				"south": {"uv": [0, 0, 2.48, 1], "texture": "#8"},
				"west": {"uv": [0, 0, 2.48, 1], "texture": "#8"},
				"up": {"uv": [0, 0, 2.48, 1], "texture": "#8"},
				"down": {"uv": [0, 0, 2.48, 1], "texture": "#8"}
			}
		},
		{
			"name": "Rim 12",
			"from": [3.04, 0, 13.2],
			"to": [5.52, 1, 15.44],
			"faces": {
				"north": {"uv": [0, 0, 2.24, 1], "texture": "#8"},
				"east": {"uv": [0, 0, 2.24, 1], "texture": "#8"},
				"south": {"uv": [0, 0, 2.24, 1], "texture": "#8"},
				"west": {"uv": [0, 0, 2.24, 1], "texture": "#8"},
				"up": {"uv": [0, 0, 2.24, 1], "texture": "#8"},
				"down": {"uv": [0, 0, 2.24, 1], "texture": "#8"}
			}
		},
		{
			"name": "Rim 4",
			"from": [5.52, 0, 13.44],
			"to": [10.48, 1, 16.06],
			"faces": {
				"north": {"uv": [0, 0, 2.62, 1], "texture": "#8"},
				"east": {"uv": [0, 0, 2.62, 1], "texture": "#8"},
				"south": {"uv": [0, 0, 2.62, 1], "texture": "#8"},
				"west": {"uv": [0, 0, 2.62, 1], "texture": "#8"},
				"up": {"uv": [0, 0, 2.62, 1], "texture": "#8"},
				"down": {"uv": [0, 0, 2.62, 1], "texture": "#8"}
			}
		},
		{
			"name": "Rim 13",
			"from": [10.48, 0, 13.2],
			"to": [12.96, 1, 15.44],
			"faces": {
				"north": {"uv": [0, 0, 2.24, 1], "texture": "#8"},
				"east": {"uv": [0, 0, 2.24, 1], "texture": "#8"},
				"south": {"uv": [0, 0, 2.24, 1], "texture": "#8"},
				"west": {"uv": [0, 0, 2.24, 1], "texture": "#8"},
				"up": {"uv": [0, 0, 2.24, 1], "texture": "#8"},
				"down": {"uv": [0, 0, 2.24, 1], "texture": "#8"}
			}
		},
		{
			"name": "Rim 16",
			"from": [11.96, 0, 11.96],
			"to": [14.2, 1, 14.2],
			"faces": {
				"north": {"uv": [0, 0, 2.24, 1], "texture": "#8"},
				"east": {"uv": [0, 0, 2.24, 1], "texture": "#8"},
				"south": {"uv": [0, 0, 2.24, 1], "texture": "#8"},
				"west": {"uv": [0, 0, 2.24, 1], "texture": "#8"},
				"up": {"uv": [0, 0, 2.24, 1], "texture": "#8"},
				"down": {"uv": [0, 0, 2.24, 1], "texture": "#8"}
			}
		},
		{
			"name": "Rim 8",
			"from": [13.2, 0, 10.48],
			"to": [15.44, 1, 12.96],
			"faces": {
				"north": {"uv": [0, 0, 2.48, 1], "texture": "#8"},
				"east": {"uv": [0, 0, 2.48, 1], "texture": "#8"},
				"south": {"uv": [0, 0, 2.48, 1], "texture": "#8"},
				"west": {"uv": [0, 0, 2.48, 1], "texture": "#8"},
				"up": {"uv": [0, 0, 2.48, 1], "texture": "#8"},
				"down": {"uv": [0, 0, 2.48, 1], "texture": "#8"}
			}
		},
		{
			"name": "Rim 5",
			"from": [13.44, 0, 5.52],
			"to": [16.06, 1, 10.48],
			"faces": {
				"north": {"uv": [0, 0, 4.96, 1], "texture": "#8"},
				"east": {"uv": [0, 0, 4.96, 1], "texture": "#8"},
				"south": {"uv": [0, 0, 4.96, 1], "texture": "#8"},
				"west": {"uv": [0, 0, 4.96, 1], "texture": "#8"},
				"up": {"uv": [0, 0, 4.96, 1], "texture": "#8"},
				"down": {"uv": [0, 0, 4.96, 1], "texture": "#8"}
			}
		},
		{
			"name": "Rim 9",
			"from": [13.2, 0, 3.04],
			"to": [15.44, 1, 5.52],
			"faces": {
				"north": {"uv": [0, 0, 2.48, 1], "texture": "#8"},
				"east": {"uv": [0, 0, 2.48, 1], "texture": "#8"},
				"south": {"uv": [0, 0, 2.48, 1], "texture": "#8"},
				"west": {"uv": [0, 0, 2.48, 1], "texture": "#8"},
				"up": {"uv": [0, 0, 2.48, 1], "texture": "#8"},
				"down": {"uv": [0, 0, 2.48, 1], "texture": "#8"}
			}
		},
		{
			"name": "Rim 17",
			"from": [11.96, 0, 1.8],
			"to": [14.2, 1, 4.04],
			"faces": {
				"north": {"uv": [0, 0, 2.24, 1], "texture": "#8"},
				"east": {"uv": [0, 0, 2.24, 1], "texture": "#8"},
				"south": {"uv": [0, 0, 2.24, 1], "texture": "#8"},
				"west": {"uv": [0, 0, 2.24, 1], "texture": "#8"},
				"up": {"uv": [0, 0, 2.24, 1], "texture": "#8"},
				"down": {"uv": [0, 0, 2.24, 1], "texture": "#8"}
			}
		},
		{
			"name": "Rim 10",
			"from": [10.48, 0, 0.56],
			"to": [12.96, 1, 2.8],
			"faces": {
				"north": {"uv": [0, 0, 2.24, 1], "texture": "#8"},
				"east": {"uv": [0, 0, 2.24, 1], "texture": "#8"},
				"south": {"uv": [0, 0, 2.24, 1], "texture": "#8"},
				"west": {"uv": [0, 0, 2.24, 1], "texture": "#8"},
				"up": {"uv": [0, 0, 2.24, 1], "texture": "#8"},
				"down": {"uv": [0, 0, 2.24, 1], "texture": "#8"}
			}
		},
		{
			"name": "Rim 2",
			"from": [5.52, 0, -0.06],
			"to": [10.48, 1, 2.56],
			"faces": {
				"north": {"uv": [0, 0, 2.62, 1], "texture": "#8"},
				"east": {"uv": [0, 0, 2.62, 1], "texture": "#8"},
				"south": {"uv": [0, 0, 2.62, 1], "texture": "#8"},
				"west": {"uv": [0, 0, 2.62, 1], "texture": "#8"},
				"up": {"uv": [0, 0, 2.62, 1], "texture": "#8"},
				"down": {"uv": [0, 0, 2.62, 1], "texture": "#8"}
			}
		},
		{
			"name": "Rim 11",
			"from": [3.04, 0, 0.56],
			"to": [5.52, 1, 2.8],
			"faces": {
				"north": {"uv": [0, 0, 2.24, 1], "texture": "#8"},
				"east": {"uv": [0, 0, 2.24, 1], "texture": "#8"},
				"south": {"uv": [0, 0, 2.24, 1], "texture": "#8"},
				"west": {"uv": [0, 0, 2.24, 1], "texture": "#8"},
				"up": {"uv": [0, 0, 2.24, 1], "texture": "#8"},
				"down": {"uv": [0, 0, 2.24, 1], "texture": "#8"}
			}
		},
		{
			"name": "Rim 14",
			"from": [1.8, 0, 1.8],
			"to": [4.04, 1, 4.04],
			"faces": {
				"north": {"uv": [0, 0, 2.24, 1], "texture": "#8"},
				"east": {"uv": [0, 0, 2.24, 1], "texture": "#8"},
				"south": {"uv": [0, 0, 2.24, 1], "texture": "#8"},
				"west": {"uv": [0, 0, 2.24, 1], "texture": "#8"},
				"up": {"uv": [0, 0, 2.24, 1], "texture": "#8"},
				"down": {"uv": [0, 0, 2.24, 1], "texture": "#8"}
			}
		},
		{
			"name": "Rim 6",
			"from": [0.56, 0, 3.04],
			"to": [2.8, 1, 5.52],
			"faces": {
				"north": {"uv": [0, 0, 2.48, 1], "texture": "#8"},
				"east": {"uv": [0, 0, 2.48, 1], "texture": "#8"},
				"south": {"uv": [0, 0, 2.48, 1], "texture": "#8"},
				"west": {"uv": [0, 0, 2.48, 1], "texture": "#8"},
				"up": {"uv": [0, 0, 2.48, 1], "texture": "#8"},
				"down": {"uv": [0, 0, 2.48, 1], "texture": "#8"}
			}
		},
		{
			"name": "Rim 17",
			"from": [1.5144, -1.14, 11.5144],
			"to": [15.068, 0, 15.068],
			"faces": {
				"north": {"uv": [0, 0, 2.5536, 1.14], "texture": "#8"},
				"east": {"uv": [0, 0, 2.5536, 1.14], "texture": "#8"},
				"south": {"uv": [0, 0, 2.5536, 1.14], "texture": "#8"},
				"west": {"uv": [0, 0, 2.5536, 1.14], "texture": "#8"},
				"up": {"uv": [0, 0, 2.5536, 1.14], "texture": "#8"},
				"down": {"uv": [0, 0, 2.5536, 1.14], "texture": "#8"}
			}
		},
		{
			"name": "Rim 4",
			"from": [-1.1884, -1.14, 4.1728],
			"to": [15.7984, 0, 11.8272],
			"faces": {
				"north": {"uv": [0, 0, 5.6544, 1.14], "texture": "#8"},
				"east": {"uv": [0, 0, 5.6544, 1.14], "texture": "#8"},
				"south": {"uv": [0, 0, 5.6544, 1.14], "texture": "#8"},
				"west": {"uv": [0, 0, 5.6544, 1.14], "texture": "#8"},
				"up": {"uv": [0, 0, 5.6544, 1.14], "texture": "#8"},
				"down": {"uv": [0, 0, 5.6544, 1.14], "texture": "#8"}
			}
		},
		{
			"name": "Rim 8",
			"from": [-0.4816, -1.14, 10.8272],
			"to": [2.072, 0, 13.6544],
			"faces": {
				"north": {"uv": [0, 0, 2.8272, 1.14], "texture": "#8"},
				"east": {"uv": [0, 0, 2.8272, 1.14], "texture": "#8"},
				"south": {"uv": [0, 0, 2.8272, 1.14], "texture": "#8"},
				"west": {"uv": [0, 0, 2.8272, 1.14], "texture": "#8"},
				"up": {"uv": [0, 0, 2.8272, 1.14], "texture": "#8"},
				"down": {"uv": [0, 0, 2.8272, 1.14], "texture": "#8"}
			}
		},
		{
			"name": "Rim 16",
			"from": [0.932, -1.14, 12.5144],
			"to": [3.4856, 0, 15.068],
			"faces": {
				"north": {"uv": [0, 0, 2.5536, 1.14], "texture": "#8"},
				"east": {"uv": [0, 0, 2.5536, 1.14], "texture": "#8"},
				"south": {"uv": [0, 0, 2.5536, 1.14], "texture": "#8"},
				"west": {"uv": [0, 0, 2.5536, 1.14], "texture": "#8"},
				"up": {"uv": [0, 0, 2.5536, 1.14], "texture": "#8"},
				"down": {"uv": [0, 0, 2.5536, 1.14], "texture": "#8"}
			}
		},
		{
			"name": "Rim 13",
			"from": [3.3456, -1.14, 13.928],
			"to": [5.1728, 0, 16.4816],
			"faces": {
				"north": {"uv": [0, 0, 2.5536, 1.14], "texture": "#8"},
				"east": {"uv": [0, 0, 2.5536, 1.14], "texture": "#8"},
				"south": {"uv": [0, 0, 2.5536, 1.14], "texture": "#8"},
				"west": {"uv": [0, 0, 2.5536, 1.14], "texture": "#8"},
				"up": {"uv": [0, 0, 2.5536, 1.14], "texture": "#8"},
				"down": {"uv": [0, 0, 2.5536, 1.14], "texture": "#8"}
			}
		},
		{
			"name": "Rim 5",
			"from": [5.1728, -1.14, 0.4948],
			"to": [10.8272, 0, 16.4816],
			"faces": {
				"north": {"uv": [0, 0, 2.9868, 1.14], "texture": "#8"},
				"east": {"uv": [0, 0, 2.9868, 1.14], "texture": "#8"},
				"south": {"uv": [0, 0, 2.9868, 1.14], "texture": "#8"},
				"west": {"uv": [0, 0, 2.9868, 1.14], "texture": "#8"},
				"up": {"uv": [0, 0, 2.9868, 1.14], "texture": "#8"},
				"down": {"uv": [0, 0, 2.9868, 1.14], "texture": "#8"}
			}
		},
		{
			"name": "Rim 14",
			"from": [10.8272, -1.14, 13.928],
			"to": [12.6544, 0, 16.4816],
			"faces": {
				"north": {"uv": [0, 0, 2.5536, 1.14], "texture": "#8"},
				"east": {"uv": [0, 0, 2.5536, 1.14], "texture": "#8"},
				"south": {"uv": [0, 0, 2.5536, 1.14], "texture": "#8"},
				"west": {"uv": [0, 0, 2.5536, 1.14], "texture": "#8"},
				"up": {"uv": [0, 0, 2.5536, 1.14], "texture": "#8"},
				"down": {"uv": [0, 0, 2.5536, 1.14], "texture": "#8"}
			}
		},
		{
			"name": "Rim 9",
			"from": [13.928, -1.14, 10.8272],
			"to": [16.4816, 0, 13.6544],
			"faces": {
				"north": {"uv": [0, 0, 2.8272, 1.14], "texture": "#8"},
				"east": {"uv": [0, 0, 2.8272, 1.14], "texture": "#8"},
				"south": {"uv": [0, 0, 2.8272, 1.14], "texture": "#8"},
				"west": {"uv": [0, 0, 2.8272, 1.14], "texture": "#8"},
				"up": {"uv": [0, 0, 2.8272, 1.14], "texture": "#8"},
				"down": {"uv": [0, 0, 2.8272, 1.14], "texture": "#8"}
			}
		},
		{
			"name": "Rim 6",
			"from": [14.2016, -1.14, 4.1728],
			"to": [17.1884, 0, 11.8272],
			"faces": {
				"north": {"uv": [0, 0, 5.6544, 1.14], "texture": "#8"},
				"east": {"uv": [0, 0, 5.6544, 1.14], "texture": "#8"},
				"south": {"uv": [0, 0, 5.6544, 1.14], "texture": "#8"},
				"west": {"uv": [0, 0, 5.6544, 1.14], "texture": "#8"},
				"up": {"uv": [0, 0, 5.6544, 1.14], "texture": "#8"},
				"down": {"uv": [0, 0, 5.6544, 1.14], "texture": "#8"}
			}
		},
		{
			"name": "Rim 10",
			"from": [13.928, -1.14, 2.3456],
			"to": [16.4816, 0, 5.1728],
			"faces": {
				"north": {"uv": [0, 0, 2.8272, 1.14], "texture": "#8"},
				"east": {"uv": [0, 0, 2.8272, 1.14], "texture": "#8"},
				"south": {"uv": [0, 0, 2.8272, 1.14], "texture": "#8"},
				"west": {"uv": [0, 0, 2.8272, 1.14], "texture": "#8"},
				"up": {"uv": [0, 0, 2.8272, 1.14], "texture": "#8"},
				"down": {"uv": [0, 0, 2.8272, 1.14], "texture": "#8"}
			}
		},
		{
			"name": "Rim 18",
			"from": [12.5144, -1.14, 0.932],
			"to": [15.068, 0, 3.4856],
			"faces": {
				"north": {"uv": [0, 0, 2.5536, 1.14], "texture": "#8"},
				"east": {"uv": [0, 0, 2.5536, 1.14], "texture": "#8"},
				"south": {"uv": [0, 0, 2.5536, 1.14], "texture": "#8"},
				"west": {"uv": [0, 0, 2.5536, 1.14], "texture": "#8"},
				"up": {"uv": [0, 0, 2.5536, 1.14], "texture": "#8"},
				"down": {"uv": [0, 0, 2.5536, 1.14], "texture": "#8"}
			}
		},
		{
			"name": "Rim 11",
			"from": [10.8272, -1.14, -0.4816],
			"to": [12.6544, 0, 2.072],
			"faces": {
				"north": {"uv": [0, 0, 2.5536, 1.14], "texture": "#8"},
				"east": {"uv": [0, 0, 2.5536, 1.14], "texture": "#8"},
				"south": {"uv": [0, 0, 2.5536, 1.14], "texture": "#8"},
				"west": {"uv": [0, 0, 2.5536, 1.14], "texture": "#8"},
				"up": {"uv": [0, 0, 2.5536, 1.14], "texture": "#8"},
				"down": {"uv": [0, 0, 2.5536, 1.14], "texture": "#8"}
			}
		},
		{
			"name": "Rim 3",
			"from": [5.1728, -1.14, -0.4816],
			"to": [10.8272, 0, 2.5052],
			"faces": {
				"north": {"uv": [0, 0, 2.9868, 1.14], "texture": "#8"},
				"east": {"uv": [0, 0, 2.9868, 1.14], "texture": "#8"},
				"south": {"uv": [0, 0, 2.9868, 1.14], "texture": "#8"},
				"west": {"uv": [0, 0, 2.9868, 1.14], "texture": "#8"},
				"up": {"uv": [0, 0, 2.9868, 1.14], "texture": "#8"},
				"down": {"uv": [0, 0, 2.9868, 1.14], "texture": "#8"}
			}
		},
		{
			"name": "Rim 12",
			"from": [3.3456, -1.14, -0.4816],
			"to": [5.1728, 0, 2.072],
			"faces": {
				"north": {"uv": [0, 0, 2.5536, 1.14], "texture": "#8"},
				"east": {"uv": [0, 0, 2.5536, 1.14], "texture": "#8"},
				"south": {"uv": [0, 0, 2.5536, 1.14], "texture": "#8"},
				"west": {"uv": [0, 0, 2.5536, 1.14], "texture": "#8"},
				"up": {"uv": [0, 0, 2.5536, 1.14], "texture": "#8"},
				"down": {"uv": [0, 0, 2.5536, 1.14], "texture": "#8"}
			}
		},
		{
			"name": "Rim 15",
			"from": [0.932, -1.14, 0.932],
			"to": [14.4856, 0, 4.4856],
			"faces": {
				"north": {"uv": [0, 0, 2.5536, 1.14], "texture": "#8"},
				"east": {"uv": [0, 0, 2.5536, 1.14], "texture": "#8"},
				"south": {"uv": [0, 0, 2.5536, 1.14], "texture": "#8"},
				"west": {"uv": [0, 0, 2.5536, 1.14], "texture": "#8"},
				"up": {"uv": [0, 0, 2.5536, 1.14], "texture": "#8"},
				"down": {"uv": [0, 0, 2.5536, 1.14], "texture": "#8"}
			}
		},
		{
			"name": "Rim 7",
			"from": [-0.4816, -1.14, 2.3456],
			"to": [2.072, 0, 5.1728],
			"faces": {
				"north": {"uv": [0, 0, 2.8272, 1.14], "texture": "#8"},
				"east": {"uv": [0, 0, 2.8272, 1.14], "texture": "#8"},
				"south": {"uv": [0, 0, 2.8272, 1.14], "texture": "#8"},
				"west": {"uv": [0, 0, 2.8272, 1.14], "texture": "#8"},
				"up": {"uv": [0, 0, 2.8272, 1.14], "texture": "#8"},
				"down": {"uv": [0, 0, 2.8272, 1.14], "texture": "#8"}
			}
		},
		{
			"name": "hexadecagon",
			"from": [7.85082, 7.5, 7.25],
			"to": [8.14918, 8.5, 8.75],
			"rotation": {"angle": -45, "axis": "y", "origin": [8, 8, 8]},
			"faces": {
				"north": {"uv": [0, 0, 0.29837, 1], "texture": "#13"},
				"east": {"uv": [0, 0, 0.29837, 1], "texture": "#13"},
				"south": {"uv": [0, 0, 0.29837, 1], "texture": "#13"},
				"west": {"uv": [0, 0, 0.29837, 1], "texture": "#13"},
				"up": {"uv": [0, 0, 0.29837, 1], "texture": "#13"},
				"down": {"uv": [0, 0, 0.29837, 1], "texture": "#13"}
			}
		},
		{
			"name": "hexadecagon",
			"from": [7.85082, 7.5, 7.25],
			"to": [8.14918, 8.5, 8.75],
			"rotation": {"angle": -22.5, "axis": "y", "origin": [8, 8, 8]},
			"faces": {
				"north": {"uv": [0, 0, 0.29837, 1], "texture": "#13"},
				"east": {"uv": [0, 0, 0.29837, 1], "texture": "#13"},
				"south": {"uv": [0, 0, 0.29837, 1], "texture": "#13"},
				"west": {"uv": [0, 0, 0.29837, 1], "texture": "#13"},
				"up": {"uv": [0, 0, 0.29837, 1], "texture": "#13"},
				"down": {"uv": [0, 0, 0.29837, 1], "texture": "#13"}
			}
		},
		{
			"name": "hexadecagon",
			"from": [7.85082, 7.5, 7.25],
			"to": [8.14918, 8.5, 8.75],
			"faces": {
				"north": {"uv": [0, 0, 0.29837, 1], "texture": "#13"},
				"east": {"uv": [0, 0, 0.29837, 1], "texture": "#13"},
				"south": {"uv": [0, 0, 0.29837, 1], "texture": "#13"},
				"west": {"uv": [0, 0, 0.29837, 1], "texture": "#13"},
				"up": {"uv": [0, 0, 0.29837, 1], "texture": "#13"},
				"down": {"uv": [0, 0, 0.29837, 1], "texture": "#13"}
			}
		},
		{
			"name": "hexadecagon",
			"from": [7.85082, 7.5, 7.25],
			"to": [8.14918, 8.5, 8.75],
			"rotation": {"angle": 22.5, "axis": "y", "origin": [8, 8, 8]},
			"faces": {
				"north": {"uv": [0, 0, 0.29837, 1], "texture": "#13"},
				"east": {"uv": [0, 0, 0.29837, 1], "texture": "#13"},
				"south": {"uv": [0, 0, 0.29837, 1], "texture": "#13"},
				"west": {"uv": [0, 0, 0.29837, 1], "texture": "#13"},
				"up": {"uv": [0, 0, 0.29837, 1], "texture": "#13"},
				"down": {"uv": [0, 0, 0.29837, 1], "texture": "#13"}
			}
		},
		{
			"name": "hexadecagon",
			"from": [7.85082, 7.5, 7.25],
			"to": [8.14918, 8.5, 8.75],
			"rotation": {"angle": 45, "axis": "y", "origin": [8, 8, 8]},
			"faces": {
				"north": {"uv": [0, 0, 0.29837, 1], "texture": "#13"},
				"east": {"uv": [0, 0, 0.29837, 1], "texture": "#13"},
				"south": {"uv": [0, 0, 0.29837, 1], "texture": "#13"},
				"west": {"uv": [0, 0, 0.29837, 1], "texture": "#13"},
				"up": {"uv": [0, 0, 0.29837, 1], "texture": "#13"},
				"down": {"uv": [0, 0, 0.29837, 1], "texture": "#13"}
			}
		},
		{
			"name": "hexadecagon",
			"from": [7.25, 7.5, 7.85082],
			"to": [8.75, 8.5, 8.14918],
			"rotation": {"angle": -22.5, "axis": "y", "origin": [8, 8, 8]},
			"faces": {
				"north": {"uv": [0, 0, 1.5, 1], "texture": "#13"},
				"east": {"uv": [0, 0, 1.5, 1], "texture": "#13"},
				"south": {"uv": [0, 0, 1.5, 1], "texture": "#13"},
				"west": {"uv": [0, 0, 1.5, 1], "texture": "#13"},
				"up": {"uv": [0, 0, 1.5, 1], "texture": "#13"},
				"down": {"uv": [0, 0, 1.5, 1], "texture": "#13"}
			}
		},
		{
			"name": "hexadecagon",
			"from": [7.25, 7.5, 7.85082],
			"to": [8.75, 8.5, 8.14918],
			"faces": {
				"north": {"uv": [0, 0, 1.5, 1], "texture": "#13"},
				"east": {"uv": [0, 0, 1.5, 1], "texture": "#13"},
				"south": {"uv": [0, 0, 1.5, 1], "texture": "#13"},
				"west": {"uv": [0, 0, 1.5, 1], "texture": "#13"},
				"up": {"uv": [0, 0, 1.5, 1], "texture": "#13"},
				"down": {"uv": [0, 0, 1.5, 1], "texture": "#13"}
			}
		},
		{
			"name": "hexadecagon",
			"from": [7.25, 7.5, 7.85082],
			"to": [8.75, 8.5, 8.14918],
			"rotation": {"angle": 22.5, "axis": "y", "origin": [8, 8, 8]},
			"faces": {
				"north": {"uv": [0, 0, 1.5, 1], "texture": "#13"},
				"east": {"uv": [0, 0, 1.5, 1], "texture": "#13"},
				"south": {"uv": [0, 0, 1.5, 1], "texture": "#13"},
				"west": {"uv": [0, 0, 1.5, 1], "texture": "#13"},
				"up": {"uv": [0, 0, 1.5, 1], "texture": "#13"},
				"down": {"uv": [0, 0, 1.5, 1], "texture": "#13"}
			}
		},
		{
			"name": "hexadecagon",
			"from": [7.90054, 7.7, 7.5],
			"to": [8.09946, 8.7, 8.5],
			"rotation": {"angle": -45, "axis": "y", "origin": [8, 9, 8]},
			"faces": {
				"north": {"uv": [0, 0, 6, 4], "texture": "#8"},
				"east": {"uv": [0, 0, 6, 4], "texture": "#8"},
				"south": {"uv": [0, 0, 6, 4], "texture": "#8"},
				"west": {"uv": [0, 0, 6, 4], "texture": "#8"},
				"up": {"uv": [0, 0, 6, 4], "texture": "#8"},
				"down": {"uv": [0, 0, 6, 4], "texture": "#8"}
			}
		},
		{
			"name": "hexadecagon",
			"from": [7.90054, 7.7, 7.5],
			"to": [8.09946, 8.7, 8.5],
			"rotation": {"angle": -22.5, "axis": "y", "origin": [8, 9, 8]},
			"faces": {
				"north": {"uv": [0, 0, 6, 4], "texture": "#8"},
				"east": {"uv": [0, 0, 6, 4], "texture": "#8"},
				"south": {"uv": [0, 0, 6, 4], "texture": "#8"},
				"west": {"uv": [0, 0, 6, 4], "texture": "#8"},
				"up": {"uv": [0, 0, 6, 4], "texture": "#8"},
				"down": {"uv": [0, 0, 6, 4], "texture": "#8"}
			}
		},
		{
			"name": "hexadecagon",
			"from": [7.90054, 7.7, 7.5],
			"to": [8.09946, 8.7, 8.5],
			"faces": {
				"north": {"uv": [0, 0, 6, 4], "texture": "#8"},
				"east": {"uv": [0, 0, 6, 4], "texture": "#8"},
				"south": {"uv": [0, 0, 6, 4], "texture": "#8"},
				"west": {"uv": [0, 0, 6, 4], "texture": "#8"},
				"up": {"uv": [0, 0, 6, 4], "texture": "#8"},
				"down": {"uv": [0, 0, 6, 4], "texture": "#8"}
			}
		},
		{
			"name": "hexadecagon",
			"from": [7.90054, 7.7, 7.5],
			"to": [8.09946, 8.7, 8.5],
			"rotation": {"angle": 22.5, "axis": "y", "origin": [8, 9, 8]},
			"faces": {
				"north": {"uv": [0, 0, 6, 4], "texture": "#8"},
				"east": {"uv": [0, 0, 6, 4], "texture": "#8"},
				"south": {"uv": [0, 0, 6, 4], "texture": "#8"},
				"west": {"uv": [0, 0, 6, 4], "texture": "#8"},
				"up": {"uv": [0, 0, 6, 4], "texture": "#8"},
				"down": {"uv": [0, 0, 6, 4], "texture": "#8"}
			}
		},
		{
			"name": "hexadecagon",
			"from": [7.90054, 7.7, 7.5],
			"to": [8.09946, 8.7, 8.5],
			"rotation": {"angle": 45, "axis": "y", "origin": [8, 9, 8]},
			"faces": {
				"north": {"uv": [0, 0, 6, 4], "texture": "#8"},
				"east": {"uv": [0, 0, 6, 4], "texture": "#8"},
				"south": {"uv": [0, 0, 6, 4], "texture": "#8"},
				"west": {"uv": [0, 0, 6, 4], "texture": "#8"},
				"up": {"uv": [0, 0, 6, 4], "texture": "#8"},
				"down": {"uv": [0, 0, 6, 4], "texture": "#8"}
			}
		},
		{
			"name": "hexadecagon",
			"from": [7.5, 7.7, 7.90054],
			"to": [8.5, 8.7, 8.09946],
			"rotation": {"angle": -22.5, "axis": "y", "origin": [8, 9, 8]},
			"faces": {
				"north": {"uv": [0, 0, 6, 4], "texture": "#8"},
				"east": {"uv": [0, 0, 6, 4], "texture": "#8"},
				"south": {"uv": [0, 0, 6, 4], "texture": "#8"},
				"west": {"uv": [0, 0, 6, 4], "texture": "#8"},
				"up": {"uv": [0, 0, 6, 4], "texture": "#8"},
				"down": {"uv": [0, 0, 6, 4], "texture": "#8"}
			}
		},
		{
			"name": "hexadecagon",
			"from": [7.5, 7.7, 7.90054],
			"to": [8.5, 8.7, 8.09946],
			"faces": {
				"north": {"uv": [0, 0, 6, 4], "texture": "#8"},
				"east": {"uv": [0, 0, 6, 4], "texture": "#8"},
				"south": {"uv": [0, 0, 6, 4], "texture": "#8"},
				"west": {"uv": [0, 0, 6, 4], "texture": "#8"},
				"up": {"uv": [0, 0, 6, 4], "texture": "#8"},
				"down": {"uv": [0, 0, 6, 4], "texture": "#8"}
			}
		},
		{
			"name": "hexadecagon",
			"from": [7.5, 7.7, 7.90054],
			"to": [8.5, 8.7, 8.09946],
			"rotation": {"angle": 22.5, "axis": "y", "origin": [8, 9, 8]},
			"faces": {
				"north": {"uv": [0, 0, 6, 4], "texture": "#8"},
				"east": {"uv": [0, 0, 6, 4], "texture": "#8"},
				"south": {"uv": [0, 0, 6, 4], "texture": "#8"},
				"west": {"uv": [0, 0, 6, 4], "texture": "#8"},
				"up": {"uv": [0, 0, 6, 4], "texture": "#8"},
				"down": {"uv": [0, 0, 6, 4], "texture": "#8"}
			}
		}
	],
	"display": {
		"thirdperson_righthand": {
			"rotation": [0, 44, 0],
			"translation": [-2.78, 2.086, 0],
			"scale": [0.547, 0.486, 0.408]
		},
		"thirdperson_lefthand": {
			"rotation": [0, -144, 0],
			"translation": [-2.782, 2.0869, 0],
			"scale": [0.5478, 0.4869, 0.4086]
		},
		"firstperson_righthand": {
			"rotation": [-19, 58, 5],
			"translation": [-1.391, 4, -0.695]
		},
		"firstperson_lefthand": {
			"rotation": [-19, 58, -3],
			"translation": [0, 4, 0]
		},
		"ground": {
			"rotation": [0, -1, -17],
			"translation": [0, 3.4782, 0],
			"scale": [0.7565, 0.7565, 0.7217]
		},
		"gui": {
			"rotation": [0, -90, 0],
			"translation": [0, 2.5, 0],
			"scale": [0.8, 0.8, 0.8]
		},
		"head": {
			"rotation": [0, 90, 0],
			"translation": [0, 15, 0],
			"scale": [1.45, 1.09999, 1.2434]
		},
		"fixed": {
			"rotation": [0, 87, 0],
			"translation": [0, 4.5, -1],
			"scale": [0.8608, 1, 1]
		}
	},
	"groups": [
		{
			"name": "figment",
			"children": [
				{
					"name": "mickey_ears_hat",
					"children": [0, 1, 2, 3, 4, 5, 6, 7, 8, 9, 10, 11, 12, 13, 14, 15, 16, 17, 18, 19, 20, 21, 22, 23, 24, 25, 26, 27, 28, 29, 30, 31, 32, 33, 34, 35, 36, 37, 38, 39, 40, 41, 42, 43, 44, 45, 46, 47, 48, 49, 50, 51, 52, 53, 54, 55, 56, 57, 58, 59, 60, 61, 62, 63, 64, 65, 66, 67, 68, 69, 70, 71, 72, 73, 74, 75, 76, 77, 78, 79, 80, 81, 82, 83, 84, 85, 86, 87, 88, 89, 90, 91, 92, 93, 94, 95, 96, 97, 98, 99, 100, 101, 102, 103, 104, 105, 106, 107, 108, 109, 110, 111, 112, 113, 114, 115, 116, 117, 118, 119, 120, 121, 122, 123, 124, 125, 126, 127, 128, 129, 130, 131, 132, 133, 134, 135, 136, 137, 138, 139, 140, 141, 142, 143, 144, 145, 146, 147, 148, 149, 150, 151, 152, 153, 154, 155, 156, 157, 158, 159, 160, 161, 162, 163, 164, 165, 166, 167, 168, 169, 170, 171, 172, 173, 174, 175, 176, 177, 178]
				}
			]
		},
		{
			"name": "hexadecagon",
			"children": [179, 180, 181, 182, 183, 184, 185, 186]
		},
		{
			"name": "hexadecagon",
			"children": [187, 188, 189, 190, 191, 192, 193, 194]
		}
	]
}
