{
	"credit": "Made with Blockbench",
	"textures": {
		"0": "blocks/hardened_clay_stained_yellow",
		"4": "blocks/crafting_table_side",
		"5": "blocks/wool_colored_black",
		"6": "blocks/wool_colored_yellow",
		"particle": "blocks/hardened_clay_stained_yellow"
	},
	"elements": [
		{
			"name": "hexadecagon",
			"from": [7.75, 7.40327, 11],
			"to": [8.25, 8.59673, 17],
			"rotation": {"angle": -45, "axis": "x", "origin": [8, 8, 14]},
			"faces": {
				"north": {"uv": [0, 0, 16, 15.38653], "texture": "#0"},
				"east": {"uv": [0, 0, 16, 15.38653], "texture": "#0"},
				"south": {"uv": [0, 0, 16, 15.38653], "texture": "#0"},
				"west": {"uv": [0, 0, 16, 15.38653], "texture": "#0"},
				"up": {"uv": [0, 0, 16, 15.38653], "texture": "#0"},
				"down": {"uv": [0, 0, 16, 15.38653], "texture": "#0"}
			}
		},
		{
			"name": "hexadecagon",
			"from": [7.75, 7.40327, 11],
			"to": [8.25, 8.59673, 17],
			"rotation": {"angle": -22.5, "axis": "x", "origin": [8, 8, 14]},
			"faces": {
				"north": {"uv": [0, 0, 16, 15.38653], "texture": "#0"},
				"east": {"uv": [0, 0, 16, 15.38653], "texture": "#0"},
				"south": {"uv": [0, 0, 16, 15.38653], "texture": "#0"},
				"west": {"uv": [0, 0, 16, 15.38653], "texture": "#0"},
				"up": {"uv": [0, 0, 16, 15.38653], "texture": "#0"},
				"down": {"uv": [0, 0, 16, 15.38653], "texture": "#0"}
			}
		},
		{
			"name": "hexadecagon",
			"from": [7.75, 7.40327, 11],
			"to": [8.25, 8.59673, 17],
			"faces": {
				"north": {"uv": [0, 0, 16, 15.38653], "texture": "#0"},
				"east": {"uv": [0, 0, 16, 15.38653], "texture": "#0"},
				"south": {"uv": [0, 0, 16, 15.38653], "texture": "#0"},
				"west": {"uv": [0, 0, 16, 15.38653], "texture": "#0"},
				"up": {"uv": [0, 0, 16, 15.38653], "texture": "#0"},
				"down": {"uv": [0, 0, 16, 15.38653], "texture": "#0"}
			}
		},
		{
			"name": "hexadecagon",
			"from": [7.75, 7.40327, 11],
			"to": [8.25, 8.59673, 17],
			"rotation": {"angle": 22.5, "axis": "x", "origin": [8, 8, 14]},
			"faces": {
				"north": {"uv": [0, 0, 16, 15.38653], "texture": "#0"},
				"east": {"uv": [0, 0, 16, 15.38653], "texture": "#0"},
				"south": {"uv": [0, 0, 16, 15.38653], "texture": "#0"},
				"west": {"uv": [0, 0, 16, 15.38653], "texture": "#0"},
				"up": {"uv": [0, 0, 16, 15.38653], "texture": "#0"},
				"down": {"uv": [0, 0, 16, 15.38653], "texture": "#0"}
			}
		},
		{
			"name": "hexadecagon",
			"from": [7.75, 7.40327, 11],
			"to": [8.25, 8.59673, 17],
			"rotation": {"angle": 45, "axis": "x", "origin": [8, 8, 14]},
			"faces": {
				"north": {"uv": [0, 0, 16, 15.38653], "texture": "#0"},
				"east": {"uv": [0, 0, 16, 15.38653], "texture": "#0"},
				"south": {"uv": [0, 0, 16, 15.38653], "texture": "#0"},
				"west": {"uv": [0, 0, 16, 15.38653], "texture": "#0"},
				"up": {"uv": [0, 0, 16, 15.38653], "texture": "#0"},
				"down": {"uv": [0, 0, 16, 15.38653], "texture": "#0"}
			}
		},
		{
			"name": "hexadecagon",
			"from": [7.75, 5, 13.40327],
			"to": [8.25, 11, 14.59674],
			"rotation": {"angle": -22.5, "axis": "x", "origin": [8, 8, 14]},
			"faces": {
				"north": {"uv": [0, 0, 16, 15.38653], "texture": "#0"},
				"east": {"uv": [0, 0, 16, 15.38653], "texture": "#0"},
				"south": {"uv": [0, 0, 16, 15.38653], "texture": "#0"},
				"west": {"uv": [0, 0, 16, 15.38653], "texture": "#0"},
				"up": {"uv": [0, 0, 16, 15.38653], "texture": "#0"},
				"down": {"uv": [0, 0, 16, 15.38653], "texture": "#0"}
			}
		},
		{
			"name": "hexadecagon",
			"from": [7.75, 5, 13.40327],
			"to": [8.25, 11, 14.59674],
			"faces": {
				"north": {"uv": [0, 0, 16, 15.38653], "texture": "#0"},
				"east": {"uv": [0, 0, 16, 15.38653], "texture": "#0"},
				"south": {"uv": [0, 0, 16, 15.38653], "texture": "#0"},
				"west": {"uv": [0, 0, 16, 15.38653], "texture": "#0"},
				"up": {"uv": [0, 0, 16, 15.38653], "texture": "#0"},
				"down": {"uv": [0, 0, 16, 15.38653], "texture": "#0"}
			}
		},
		{
			"name": "hexadecagon",
			"from": [7.75, 5, 13.40327],
			"to": [8.25, 11, 14.59674],
			"rotation": {"angle": 22.5, "axis": "x", "origin": [8, 8, 14]},
			"faces": {
				"north": {"uv": [0, 0, 16, 15.38653], "texture": "#0"},
				"east": {"uv": [0, 0, 16, 15.38653], "texture": "#0"},
				"south": {"uv": [0, 0, 16, 15.38653], "texture": "#0"},
				"west": {"uv": [0, 0, 16, 15.38653], "texture": "#0"},
				"up": {"uv": [0, 0, 16, 15.38653], "texture": "#0"},
				"down": {"uv": [0, 0, 16, 15.38653], "texture": "#0"}
			}
		},
		{
			"name": "hexadecagon",
			"from": [7.95, 6.55842, 0.34],
			"to": [8.32, 7.44158, 4.78],
			"rotation": {"angle": -45, "axis": "x", "origin": [8.48, 7, 2.56]},
			"faces": {
				"north": {"uv": [2, 2, 3.75, 5.13652], "texture": "#4"},
				"east": {"uv": [2, 2, 3.75, 5.13652], "texture": "#4"},
				"south": {"uv": [2, 2, 3.75, 5.13652], "texture": "#4"},
				"west": {"uv": [2, 2, 3.75, 5.13652], "texture": "#4"},
				"up": {"uv": [2, 2, 3.75, 5.13652], "texture": "#4"},
				"down": {"uv": [2, 2, 3.75, 5.13652], "texture": "#4"}
			}
		},
		{
			"name": "hexadecagon",
			"from": [7.95, 6.55842, 0.34],
			"to": [8.32, 7.44158, 4.78],
			"rotation": {"angle": -22.5, "axis": "x", "origin": [8.48, 7, 2.56]},
			"faces": {
				"north": {"uv": [2, 2, 3.75, 5.13652], "texture": "#4"},
				"east": {"uv": [2, 2, 3.75, 5.13652], "texture": "#4"},
				"south": {"uv": [2, 2, 3.75, 5.13652], "texture": "#4"},
				"west": {"uv": [2, 2, 3.75, 5.13652], "texture": "#4"},
				"up": {"uv": [2, 2, 3.75, 5.13652], "texture": "#4"},
				"down": {"uv": [2, 2, 3.75, 5.13652], "texture": "#4"}
			}
		},
		{
			"name": "hexadecagon",
			"from": [7.95, 6.55842, 0.34],
			"to": [8.32, 7.44158, 4.78],
			"faces": {
				"north": {"uv": [2, 2, 3.75, 5.13652], "texture": "#4"},
				"east": {"uv": [2, 2, 3.75, 5.13652], "texture": "#4"},
				"south": {"uv": [2, 2, 3.75, 5.13652], "texture": "#4"},
				"west": {"uv": [2, 2, 3.75, 5.13652], "texture": "#4"},
				"up": {"uv": [2, 2, 3.75, 5.13652], "texture": "#4"},
				"down": {"uv": [2, 2, 3.75, 5.13652], "texture": "#4"}
			}
		},
		{
			"name": "hexadecagon",
			"from": [7.95, 6.55842, 0.34],
			"to": [8.32, 7.44158, 4.78],
			"rotation": {"angle": 22.5, "axis": "x", "origin": [8.48, 7, 2.56]},
			"faces": {
				"north": {"uv": [2, 2, 3.75, 5.13652], "texture": "#4"},
				"east": {"uv": [2, 2, 3.75, 5.13652], "texture": "#4"},
				"south": {"uv": [2, 2, 3.75, 5.13652], "texture": "#4"},
				"west": {"uv": [2, 2, 3.75, 5.13652], "texture": "#4"},
				"up": {"uv": [2, 2, 3.75, 5.13652], "texture": "#4"},
				"down": {"uv": [2, 2, 3.75, 5.13652], "texture": "#4"}
			}
		},
		{
			"name": "hexadecagon",
			"from": [7.95, 6.55842, 0.34],
			"to": [8.32, 7.44158, 4.78],
			"rotation": {"angle": 45, "axis": "x", "origin": [8.48, 7, 2.56]},
			"faces": {
				"north": {"uv": [2, 2, 3.75, 5.13652], "texture": "#4"},
				"east": {"uv": [2, 2, 3.75, 5.13652], "texture": "#4"},
				"south": {"uv": [2, 2, 3.75, 5.13652], "texture": "#4"},
				"west": {"uv": [2, 2, 3.75, 5.13652], "texture": "#4"},
				"up": {"uv": [2, 2, 3.75, 5.13652], "texture": "#4"},
				"down": {"uv": [2, 2, 3.75, 5.13652], "texture": "#4"}
			}
		},
		{
			"name": "hexadecagon",
			"from": [7.95, 4.78, 2.11842],
			"to": [8.32, 9.22, 3.00158],
			"rotation": {"angle": -22.5, "axis": "x", "origin": [8.48, 7, 2.56]},
			"faces": {
				"north": {"uv": [2, 2, 3.75, 5.13652], "texture": "#4"},
				"east": {"uv": [2, 2, 3.75, 5.13652], "texture": "#4"},
				"south": {"uv": [2, 2, 3.75, 5.13652], "texture": "#4"},
				"west": {"uv": [2, 2, 3.75, 5.13652], "texture": "#4"},
				"up": {"uv": [2, 2, 3.75, 5.13652], "texture": "#4"},
				"down": {"uv": [2, 2, 3.75, 5.13652], "texture": "#4"}
			}
		},
		{
			"name": "hexadecagon",
			"from": [7.95, 4.78, 2.11842],
			"to": [8.32, 9.22, 3.00158],
			"faces": {
				"north": {"uv": [2, 2, 3.75, 5.13652], "texture": "#4"},
				"east": {"uv": [2, 2, 3.75, 5.13652], "texture": "#4"},
				"south": {"uv": [2, 2, 3.75, 5.13652], "texture": "#4"},
				"west": {"uv": [2, 2, 3.75, 5.13652], "texture": "#4"},
				"up": {"uv": [2, 2, 3.75, 5.13652], "texture": "#4"},
				"down": {"uv": [2, 2, 3.75, 5.13652], "texture": "#4"}
			}
		},
		{
			"name": "hexadecagon",
			"from": [7.95, 4.78, 2.11842],
			"to": [8.32, 9.22, 3.00158],
			"rotation": {"angle": 22.5, "axis": "x", "origin": [8.48, 7, 2.56]},
			"faces": {
				"north": {"uv": [2, 2, 3.75, 5.13652], "texture": "#4"},
				"east": {"uv": [2, 2, 3.75, 5.13652], "texture": "#4"},
				"south": {"uv": [2, 2, 3.75, 5.13652], "texture": "#4"},
				"west": {"uv": [2, 2, 3.75, 5.13652], "texture": "#4"},
				"up": {"uv": [2, 2, 3.75, 5.13652], "texture": "#4"},
				"down": {"uv": [2, 2, 3.75, 5.13652], "texture": "#4"}
			}
		},
		{
			"name": "hexadecagon",
			"from": [7.95, 4.78, 12.99842],
			"to": [8.32, 9.22, 13.88158],
			"rotation": {"angle": -22.5, "axis": "x", "origin": [8.48, 7, 13.44]},
			"faces": {
				"north": {"uv": [2, 2, 3.75, 5.13652], "texture": "#4"},
				"east": {"uv": [2, 2, 3.75, 5.13652], "texture": "#4"},
				"south": {"uv": [2, 2, 3.75, 5.13652], "texture": "#4"},
				"west": {"uv": [2, 2, 3.75, 5.13652], "texture": "#4"},
				"up": {"uv": [2, 2, 3.75, 5.13652], "texture": "#4"},
				"down": {"uv": [2, 2, 3.75, 5.13652], "texture": "#4"}
			}
		},
		{
			"name": "hexadecagon",
			"from": [7.95, 4.78, 12.99842],
			"to": [8.32, 9.22, 13.88158],
			"faces": {
				"north": {"uv": [2, 2, 3.75, 5.13652], "texture": "#4"},
				"east": {"uv": [2, 2, 3.75, 5.13652], "texture": "#4"},
				"south": {"uv": [2, 2, 3.75, 5.13652], "texture": "#4"},
				"west": {"uv": [2, 2, 3.75, 5.13652], "texture": "#4"},
				"up": {"uv": [2, 2, 3.75, 5.13652], "texture": "#4"},
				"down": {"uv": [2, 2, 3.75, 5.13652], "texture": "#4"}
			}
		},
		{
			"name": "hexadecagon",
			"from": [7.95, 4.78, 12.99842],
			"to": [8.32, 9.22, 13.88158],
			"rotation": {"angle": 22.5, "axis": "x", "origin": [8.48, 7, 13.44]},
			"faces": {
				"north": {"uv": [2, 2, 3.75, 5.13652], "texture": "#4"},
				"east": {"uv": [2, 2, 3.75, 5.13652], "texture": "#4"},
				"south": {"uv": [2, 2, 3.75, 5.13652], "texture": "#4"},
				"west": {"uv": [2, 2, 3.75, 5.13652], "texture": "#4"},
				"up": {"uv": [2, 2, 3.75, 5.13652], "texture": "#4"},
				"down": {"uv": [2, 2, 3.75, 5.13652], "texture": "#4"}
			}
		},
		{
			"name": "hexadecagon",
			"from": [7.95, 6.55842, 11.22],
			"to": [8.32, 7.44158, 15.66],
			"rotation": {"angle": -45, "axis": "x", "origin": [8.48, 7, 13.44]},
			"faces": {
				"north": {"uv": [2, 2, 3.75, 5.13652], "texture": "#4"},
				"east": {"uv": [2, 2, 3.75, 5.13652], "texture": "#4"},
				"south": {"uv": [2, 2, 3.75, 5.13652], "texture": "#4"},
				"west": {"uv": [2, 2, 3.75, 5.13652], "texture": "#4"},
				"up": {"uv": [2, 2, 3.75, 5.13652], "texture": "#4"},
				"down": {"uv": [2, 2, 3.75, 5.13652], "texture": "#4"}
			}
		},
		{
			"name": "hexadecagon",
			"from": [7.95, 6.55842, 11.22],
			"to": [8.32, 7.44158, 15.66],
			"rotation": {"angle": -22.5, "axis": "x", "origin": [8.48, 7, 13.44]},
			"faces": {
				"north": {"uv": [2, 2, 3.75, 5.13652], "texture": "#4"},
				"east": {"uv": [2, 2, 3.75, 5.13652], "texture": "#4"},
				"south": {"uv": [2, 2, 3.75, 5.13652], "texture": "#4"},
				"west": {"uv": [2, 2, 3.75, 5.13652], "texture": "#4"},
				"up": {"uv": [2, 2, 3.75, 5.13652], "texture": "#4"},
				"down": {"uv": [2, 2, 3.75, 5.13652], "texture": "#4"}
			}
		},
		{
			"name": "hexadecagon",
			"from": [7.95, 6.55842, 11.22],
			"to": [8.32, 7.44158, 15.66],
			"faces": {
				"north": {"uv": [2, 2, 3.75, 5.13652], "texture": "#4"},
				"east": {"uv": [2, 2, 3.75, 5.13652], "texture": "#4"},
				"south": {"uv": [2, 2, 3.75, 5.13652], "texture": "#4"},
				"west": {"uv": [2, 2, 3.75, 5.13652], "texture": "#4"},
				"up": {"uv": [2, 2, 3.75, 5.13652], "texture": "#4"},
				"down": {"uv": [2, 2, 3.75, 5.13652], "texture": "#4"}
			}
		},
		{
			"name": "hexadecagon",
			"from": [7.95, 6.55842, 11.22],
			"to": [8.32, 7.44158, 15.66],
			"rotation": {"angle": 22.5, "axis": "x", "origin": [8.48, 7, 13.44]},
			"faces": {
				"north": {"uv": [2, 2, 3.75, 5.13652], "texture": "#4"},
				"east": {"uv": [2, 2, 3.75, 5.13652], "texture": "#4"},
				"south": {"uv": [2, 2, 3.75, 5.13652], "texture": "#4"},
				"west": {"uv": [2, 2, 3.75, 5.13652], "texture": "#4"},
				"up": {"uv": [2, 2, 3.75, 5.13652], "texture": "#4"},
				"down": {"uv": [2, 2, 3.75, 5.13652], "texture": "#4"}
			}
		},
		{
			"name": "hexadecagon",
			"from": [7.95, 6.55842, 11.22],
			"to": [8.32, 7.44158, 15.66],
			"rotation": {"angle": 45, "axis": "x", "origin": [8.48, 7, 13.44]},
			"faces": {
				"north": {"uv": [2, 2, 3.75, 5.13652], "texture": "#4"},
				"east": {"uv": [2, 2, 3.75, 5.13652], "texture": "#4"},
				"south": {"uv": [2, 2, 3.75, 5.13652], "texture": "#4"},
				"west": {"uv": [2, 2, 3.75, 5.13652], "texture": "#4"},
				"up": {"uv": [2, 2, 3.75, 5.13652], "texture": "#4"},
				"down": {"uv": [2, 2, 3.75, 5.13652], "texture": "#4"}
			}
		},
		{
			"name": "hexadecagon",
			"from": [7.75, 7.40327, -1],
			"to": [8.25, 8.59673, 5],
			"rotation": {"angle": -45, "axis": "x", "origin": [8, 8, 2]},
			"faces": {
				"north": {"uv": [0, 0, 16, 15.38653], "texture": "#0"},
				"east": {"uv": [0, 0, 16, 15.38653], "texture": "#0"},
				"south": {"uv": [0, 0, 16, 15.38653], "texture": "#0"},
				"west": {"uv": [0, 0, 16, 15.38653], "texture": "#0"},
				"up": {"uv": [0, 0, 16, 15.38653], "texture": "#0"},
				"down": {"uv": [0, 0, 16, 15.38653], "texture": "#0"}
			}
		},
		{
			"name": "hexadecagon",
			"from": [7.75, 7.40327, -1],
			"to": [8.25, 8.59673, 5],
			"rotation": {"angle": -22.5, "axis": "x", "origin": [8, 8, 2]},
			"faces": {
				"north": {"uv": [0, 0, 16, 15.38653], "texture": "#0"},
				"east": {"uv": [0, 0, 16, 15.38653], "texture": "#0"},
				"south": {"uv": [0, 0, 16, 15.38653], "texture": "#0"},
				"west": {"uv": [0, 0, 16, 15.38653], "texture": "#0"},
				"up": {"uv": [0, 0, 16, 15.38653], "texture": "#0"},
				"down": {"uv": [0, 0, 16, 15.38653], "texture": "#0"}
			}
		},
		{
			"name": "hexadecagon",
			"from": [7.75, 7.4033, -1],
			"to": [8.25, 8.59677, 5],
			"faces": {
				"north": {"uv": [0, 0, 16, 15.38653], "texture": "#0"},
				"east": {"uv": [0, 0, 16, 15.38653], "texture": "#0"},
				"south": {"uv": [0, 0, 16, 15.38653], "texture": "#0"},
				"west": {"uv": [0, 0, 16, 15.38653], "texture": "#0"},
				"up": {"uv": [0, 0, 16, 15.38653], "texture": "#0"},
				"down": {"uv": [0, 0, 16, 15.38653], "texture": "#0"}
			}
		},
		{
			"name": "hexadecagon",
			"from": [7.75, 7.40327, -1],
			"to": [8.25, 8.59673, 5],
			"rotation": {"angle": 22.5, "axis": "x", "origin": [8, 8, 2]},
			"faces": {
				"north": {"uv": [0, 0, 16, 15.38653], "texture": "#0"},
				"east": {"uv": [0, 0, 16, 15.38653], "texture": "#0"},
				"south": {"uv": [0, 0, 16, 15.38653], "texture": "#0"},
				"west": {"uv": [0, 0, 16, 15.38653], "texture": "#0"},
				"up": {"uv": [0, 0, 16, 15.38653], "texture": "#0"},
				"down": {"uv": [0, 0, 16, 15.38653], "texture": "#0"}
			}
		},
		{
			"name": "hexadecagon",
			"from": [7.75, 7.40327, -1],
			"to": [8.25, 8.59673, 5],
			"rotation": {"angle": 45, "axis": "x", "origin": [8, 8, 2]},
			"faces": {
				"north": {"uv": [0, 0, 16, 15.38653], "texture": "#0"},
				"east": {"uv": [0, 0, 16, 15.38653], "texture": "#0"},
				"south": {"uv": [0, 0, 16, 15.38653], "texture": "#0"},
				"west": {"uv": [0, 0, 16, 15.38653], "texture": "#0"},
				"up": {"uv": [0, 0, 16, 15.38653], "texture": "#0"},
				"down": {"uv": [0, 0, 16, 15.38653], "texture": "#0"}
			}
		},
		{
			"name": "hexadecagon",
			"from": [7.75, 5, 1.40327],
			"to": [8.25, 11, 2.59673],
			"rotation": {"angle": -22.5, "axis": "x", "origin": [8, 8, 2]},
			"faces": {
				"north": {"uv": [0, 0, 16, 15.38653], "texture": "#0"},
				"east": {"uv": [0, 0, 16, 15.38653], "texture": "#0"},
				"south": {"uv": [0, 0, 16, 15.38653], "texture": "#0"},
				"west": {"uv": [0, 0, 16, 15.38653], "texture": "#0"},
				"up": {"uv": [0, 0, 16, 15.38653], "texture": "#0"},
				"down": {"uv": [0, 0, 16, 15.38653], "texture": "#0"}
			}
		},
		{
			"name": "hexadecagon",
			"from": [7.75, 5, 1.40327],
			"to": [8.25, 11, 2.59673],
			"faces": {
				"north": {"uv": [0, 0, 16, 15.38653], "texture": "#0"},
				"east": {"uv": [0, 0, 16, 15.38653], "texture": "#0"},
				"south": {"uv": [0, 0, 16, 15.38653], "texture": "#0"},
				"west": {"uv": [0, 0, 16, 15.38653], "texture": "#0"},
				"up": {"uv": [0, 0, 16, 15.38653], "texture": "#0"},
				"down": {"uv": [0, 0, 16, 15.38653], "texture": "#0"}
			}
		},
		{
			"name": "hexadecagon",
			"from": [7.75, 5, 1.40327],
			"to": [8.25, 11, 2.59673],
			"rotation": {"angle": 22.5, "axis": "x", "origin": [8, 8, 2]},
			"faces": {
				"north": {"uv": [0, 0, 16, 15.38653], "texture": "#0"},
				"east": {"uv": [0, 0, 16, 15.38653], "texture": "#0"},
				"south": {"uv": [0, 0, 16, 15.38653], "texture": "#0"},
				"west": {"uv": [0, 0, 16, 15.38653], "texture": "#0"},
				"up": {"uv": [0, 0, 16, 15.38653], "texture": "#0"},
				"down": {"uv": [0, 0, 16, 15.38653], "texture": "#0"}
			}
		},
		{
			"name": "hexadecagon",
			"from": [7.9, 10.7, 1.40327],
			"to": [8.4, 11.1, 2.59673],
			"rotation": {"angle": -22.5, "axis": "x", "origin": [8, 8, 2]},
			"faces": {
				"north": {"uv": [0, 0, 16, 15.38653], "texture": "#5"},
				"east": {"uv": [0, 0, 16, 15.38653], "texture": "#5"},
				"south": {"uv": [0, 0, 16, 15.38653], "texture": "#5"},
				"west": {"uv": [0, 0, 16, 15.38653], "texture": "#5"},
				"up": {"uv": [0, 0, 16, 15.38653], "texture": "#5"},
				"down": {"uv": [0, 0, 16, 15.38653], "texture": "#5"}
			}
		},
		{
			"name": "hexadecagon",
			"from": [7.9, 10.7, 1.40327],
			"to": [8.4, 11.1, 2.59673],
			"rotation": {"angle": -45, "axis": "x", "origin": [8, 8, 2]},
			"faces": {
				"north": {"uv": [0, 0, 16, 15.38653], "texture": "#5"},
				"east": {"uv": [0, 0, 16, 15.38653], "texture": "#5"},
				"south": {"uv": [0, 0, 16, 15.38653], "texture": "#5"},
				"west": {"uv": [0, 0, 16, 15.38653], "texture": "#5"},
				"up": {"uv": [0, 0, 16, 15.38653], "texture": "#5"},
				"down": {"uv": [0, 0, 16, 15.38653], "texture": "#5"}
			}
		},
		{
			"name": "hexadecagon",
			"from": [7.9, 7.40327, -1.1],
			"to": [8.4, 8.59673, -0.7],
			"rotation": {"angle": 22.5, "axis": "x", "origin": [8, 8, 2]},
			"faces": {
				"north": {"uv": [0, 0, 16, 15.38653], "rotation": 180, "texture": "#5"},
				"east": {"uv": [0, 0, 16, 15.38653], "rotation": 90, "texture": "#5"},
				"south": {"uv": [0, 0, 16, 15.38653], "texture": "#5"},
				"west": {"uv": [0, 0, 16, 15.38653], "rotation": 270, "texture": "#5"},
				"up": {"uv": [0, 0, 16, 15.38653], "texture": "#5"},
				"down": {"uv": [0, 0, 16, 15.38653], "rotation": 180, "texture": "#5"}
			}
		},
		{
			"name": "hexadecagon",
			"from": [7.9, 7.40327, -1.1],
			"to": [8.4, 8.59673, -0.7],
			"faces": {
				"north": {"uv": [0, 0, 16, 15.38653], "rotation": 180, "texture": "#5"},
				"east": {"uv": [0, 0, 16, 15.38653], "rotation": 90, "texture": "#5"},
				"south": {"uv": [0, 0, 16, 15.38653], "texture": "#5"},
				"west": {"uv": [0, 0, 16, 15.38653], "rotation": 270, "texture": "#5"},
				"up": {"uv": [0, 0, 16, 15.38653], "texture": "#5"},
				"down": {"uv": [0, 0, 16, 15.38653], "rotation": 180, "texture": "#5"}
			}
		},
		{
			"name": "hexadecagon",
			"from": [7.9, 7.40327, -1.1],
			"to": [8.4, 8.59673, -0.7],
			"rotation": {"angle": -22.5, "axis": "x", "origin": [8, 8, 2]},
			"faces": {
				"north": {"uv": [0, 0, 16, 15.38653], "rotation": 180, "texture": "#5"},
				"east": {"uv": [0, 0, 16, 15.38653], "rotation": 90, "texture": "#5"},
				"south": {"uv": [0, 0, 16, 15.38653], "texture": "#5"},
				"west": {"uv": [0, 0, 16, 15.38653], "rotation": 270, "texture": "#5"},
				"up": {"uv": [0, 0, 16, 15.38653], "texture": "#5"},
				"down": {"uv": [0, 0, 16, 15.38653], "rotation": 180, "texture": "#5"}
			}
		},
		{
			"name": "hexadecagon",
			"from": [7.9, 7.40327, -1.1],
			"to": [8.4, 8.59673, -0.7],
			"rotation": {"angle": -45, "axis": "x", "origin": [8, 8, 2]},
			"faces": {
				"north": {"uv": [0, 0, 16, 15.38653], "rotation": 180, "texture": "#5"},
				"east": {"uv": [0, 0, 16, 15.38653], "rotation": 90, "texture": "#5"},
				"south": {"uv": [0, 0, 16, 15.38653], "texture": "#5"},
				"west": {"uv": [0, 0, 16, 15.38653], "rotation": 270, "texture": "#5"},
				"up": {"uv": [0, 0, 16, 15.38653], "texture": "#5"},
				"down": {"uv": [0, 0, 16, 15.38653], "rotation": 180, "texture": "#5"}
			}
		},
		{
			"name": "hexadecagon",
			"from": [7.9, 4.9, 1.40327],
			"to": [8.4, 5.3, 2.59673],
			"rotation": {"angle": 22.5, "axis": "x", "origin": [8, 8, 2]},
			"faces": {
				"north": {"uv": [0, 0, 16, 15.38653], "rotation": 180, "texture": "#5"},
				"east": {"uv": [0, 0, 16, 15.38653], "rotation": 180, "texture": "#5"},
				"south": {"uv": [0, 0, 16, 15.38653], "rotation": 180, "texture": "#5"},
				"west": {"uv": [0, 0, 16, 15.38653], "rotation": 180, "texture": "#5"},
				"up": {"uv": [0, 0, 16, 15.38653], "texture": "#5"},
				"down": {"uv": [0, 0, 16, 15.38653], "texture": "#5"}
			}
		},
		{
			"name": "hexadecagon",
			"from": [7.9, 10.7, 13.40327],
			"to": [8.4, 11.1, 14.59674],
			"rotation": {"angle": 45, "axis": "x", "origin": [8, 8, 14]},
			"faces": {
				"north": {"uv": [16, 0, 0, 15.38653], "texture": "#5"},
				"east": {"uv": [16, 0, 0, 15.38653], "texture": "#5"},
				"south": {"uv": [16, 0, 0, 15.38653], "texture": "#5"},
				"west": {"uv": [16, 0, 0, 15.38653], "texture": "#5"},
				"up": {"uv": [0, 15.38653, 16, 0], "texture": "#5"},
				"down": {"uv": [0, 15.38653, 16, 0], "texture": "#5"}
			}
		},
		{
			"name": "hexadecagon",
			"from": [7.9, 10.7, 13.40327],
			"to": [8.4, 11.1, 14.59674],
			"rotation": {"angle": 22.5, "axis": "x", "origin": [8, 8, 14]},
			"faces": {
				"north": {"uv": [16, 0, 0, 15.38653], "texture": "#5"},
				"east": {"uv": [16, 0, 0, 15.38653], "texture": "#5"},
				"south": {"uv": [16, 0, 0, 15.38653], "texture": "#5"},
				"west": {"uv": [16, 0, 0, 15.38653], "texture": "#5"},
				"up": {"uv": [0, 15.38653, 16, 0], "texture": "#5"},
				"down": {"uv": [0, 15.38653, 16, 0], "texture": "#5"}
			}
		},
		{
			"name": "hexadecagon",
			"from": [7.9, 7.40327, 16.7],
			"to": [8.4, 8.59673, 17.1],
			"rotation": {"angle": -22.5, "axis": "x", "origin": [8, 8, 14]},
			"faces": {
				"north": {"uv": [16, 0, 0, 15.38653], "texture": "#5"},
				"east": {"uv": [0, 15.38653, 16, 0], "rotation": 90, "texture": "#5"},
				"south": {"uv": [16, 0, 0, 15.38653], "rotation": 180, "texture": "#5"},
				"west": {"uv": [0, 15.38653, 16, 0], "rotation": 270, "texture": "#5"},
				"up": {"uv": [0, 15.38653, 16, 0], "texture": "#5"},
				"down": {"uv": [0, 15.38653, 16, 0], "rotation": 180, "texture": "#5"}
			}
		},
		{
			"name": "hexadecagon",
			"from": [7.9, 7.40327, 16.7],
			"to": [8.4, 8.59673, 17.1],
			"faces": {
				"north": {"uv": [16, 0, 0, 15.38653], "texture": "#5"},
				"east": {"uv": [0, 15.38653, 16, 0], "rotation": 90, "texture": "#5"},
				"south": {"uv": [16, 0, 0, 15.38653], "rotation": 180, "texture": "#5"},
				"west": {"uv": [0, 15.38653, 16, 0], "rotation": 270, "texture": "#5"},
				"up": {"uv": [0, 15.38653, 16, 0], "texture": "#5"},
				"down": {"uv": [0, 15.38653, 16, 0], "rotation": 180, "texture": "#5"}
			}
		},
		{
			"name": "hexadecagon",
			"from": [7.9, 7.40327, 16.7],
			"to": [8.4, 8.59673, 17.1],
			"rotation": {"angle": 22.5, "axis": "x", "origin": [8, 8, 14]},
			"faces": {
				"north": {"uv": [16, 0, 0, 15.38653], "texture": "#5"},
				"east": {"uv": [0, 15.38653, 16, 0], "rotation": 90, "texture": "#5"},
				"south": {"uv": [16, 0, 0, 15.38653], "rotation": 180, "texture": "#5"},
				"west": {"uv": [0, 15.38653, 16, 0], "rotation": 270, "texture": "#5"},
				"up": {"uv": [0, 15.38653, 16, 0], "texture": "#5"},
				"down": {"uv": [0, 15.38653, 16, 0], "rotation": 180, "texture": "#5"}
			}
		},
		{
			"name": "hexadecagon",
			"from": [7.9, 7.40327, 16.7],
			"to": [8.4, 8.59673, 17.1],
			"rotation": {"angle": 45, "axis": "x", "origin": [8, 8, 14]},
			"faces": {
				"north": {"uv": [16, 0, 0, 15.38653], "texture": "#5"},
				"east": {"uv": [0, 15.38653, 16, 0], "rotation": 90, "texture": "#5"},
				"south": {"uv": [16, 0, 0, 15.38653], "rotation": 180, "texture": "#5"},
				"west": {"uv": [0, 15.38653, 16, 0], "rotation": 270, "texture": "#5"},
				"up": {"uv": [0, 15.38653, 16, 0], "texture": "#5"},
				"down": {"uv": [0, 15.38653, 16, 0], "rotation": 180, "texture": "#5"}
			}
		},
		{
			"name": "hexadecagon",
			"from": [7.9, 4.9, 13.40327],
			"to": [8.4, 5.3, 14.59674],
			"rotation": {"angle": -22.5, "axis": "x", "origin": [8, 8, 14]},
			"faces": {
				"north": {"uv": [16, 0, 0, 15.38653], "rotation": 180, "texture": "#5"},
				"east": {"uv": [16, 0, 0, 15.38653], "rotation": 180, "texture": "#5"},
				"south": {"uv": [16, 0, 0, 15.38653], "rotation": 180, "texture": "#5"},
				"west": {"uv": [16, 0, 0, 15.38653], "rotation": 180, "texture": "#5"},
				"up": {"uv": [0, 15.38653, 16, 0], "texture": "#5"},
				"down": {"uv": [0, 15.38653, 16, 0], "texture": "#5"}
			}
		},
		{
			"name": "hexadecagon",
			"from": [8, 7, 4.25],
			"to": [8.5, 8.5, 5],
			"faces": {
				"north": {"uv": [0, 0, 16, 15.38653], "texture": "#6"},
				"east": {"uv": [0, 0, 16, 15.38653], "texture": "#6"},
				"south": {"uv": [0, 0, 16, 15.38653], "texture": "#6"},
				"west": {"uv": [0, 0, 16, 15.38653], "texture": "#6"},
				"up": {"uv": [0, 0, 16, 15.38653], "texture": "#6"},
				"down": {"uv": [0, 0, 16, 15.38653], "texture": "#6"}
			}
		},
		{
			"name": "hexadecagon",
			"from": [8, 7.40327, 4.25],
			"to": [8.5, 8.59673, 5],
			"rotation": {"angle": -22.5, "axis": "x", "origin": [8, 8, 2]},
			"faces": {
				"north": {"uv": [0, 0, 16, 15.38653], "texture": "#6"},
				"east": {"uv": [0, 0, 16, 15.38653], "texture": "#6"},
				"south": {"uv": [0, 0, 16, 15.38653], "texture": "#6"},
				"west": {"uv": [0, 0, 16, 15.38653], "texture": "#6"},
				"up": {"uv": [0, 0, 16, 15.38653], "texture": "#6"},
				"down": {"uv": [0, 0, 16, 15.38653], "texture": "#6"}
			}
		},
		{
			"name": "hexadecagon",
			"from": [8, 7.40327, 4.25],
			"to": [8.5, 8.59673, 5],
			"faces": {
				"north": {"uv": [0, 0, 16, 15.38653], "texture": "#6"},
				"east": {"uv": [0, 0, 16, 15.38653], "texture": "#6"},
				"south": {"uv": [0, 0, 16, 15.38653], "texture": "#6"},
				"west": {"uv": [0, 0, 16, 15.38653], "texture": "#6"},
				"up": {"uv": [0, 0, 16, 15.38653], "texture": "#6"},
				"down": {"uv": [0, 0, 16, 15.38653], "texture": "#6"}
			}
		},
		{
			"name": "hexadecagon",
			"from": [8, 7.40327, 4.25],
			"to": [8.5, 8.59673, 5],
			"rotation": {"angle": -45, "axis": "x", "origin": [8, 8, 2]},
			"faces": {
				"north": {"uv": [0, 0, 16, 15.38653], "texture": "#6"},
				"east": {"uv": [0, 0, 16, 15.38653], "texture": "#6"},
				"south": {"uv": [0, 0, 16, 15.38653], "texture": "#6"},
				"west": {"uv": [0, 0, 16, 15.38653], "texture": "#6"},
				"up": {"uv": [0, 0, 16, 15.38653], "texture": "#6"},
				"down": {"uv": [0, 0, 16, 15.38653], "texture": "#6"}
			}
		},
		{
			"name": "hexadecagon",
			"from": [8, 10.25, 1.40327],
			"to": [8.5, 11, 2.59673],
			"rotation": {"angle": 22.5, "axis": "x", "origin": [8, 8, 2]},
			"faces": {
				"north": {"uv": [0, 0, 16, 15.38653], "rotation": 180, "texture": "#6"},
				"east": {"uv": [0, 0, 16, 15.38653], "rotation": 90, "texture": "#6"},
				"south": {"uv": [0, 0, 16, 15.38653], "texture": "#6"},
				"west": {"uv": [0, 0, 16, 15.38653], "rotation": 270, "texture": "#6"},
				"up": {"uv": [0, 0, 16, 15.38653], "texture": "#6"},
				"down": {"uv": [0, 0, 16, 15.38653], "rotation": 180, "texture": "#6"}
			}
		},
		{
			"name": "hexadecagon",
			"from": [8, 10.25, 1.40327],
			"to": [8.5, 11, 2.59673],
			"faces": {
				"north": {"uv": [0, 0, 16, 15.38653], "rotation": 180, "texture": "#6"},
				"east": {"uv": [0, 0, 16, 15.38653], "rotation": 90, "texture": "#6"},
				"south": {"uv": [0, 0, 16, 15.38653], "texture": "#6"},
				"west": {"uv": [0, 0, 16, 15.38653], "rotation": 270, "texture": "#6"},
				"up": {"uv": [0, 0, 16, 15.38653], "texture": "#6"},
				"down": {"uv": [0, 0, 16, 15.38653], "rotation": 180, "texture": "#6"}
			}
		},
		{
			"name": "hexadecagon",
			"from": [8, 7.40327, 4.25],
			"to": [8.5, 8.59673, 5],
			"faces": {
				"north": {"uv": [0, 0, 16, 15.38653], "texture": "#6"},
				"east": {"uv": [0, 0, 16, 15.38653], "texture": "#6"},
				"south": {"uv": [0, 0, 16, 15.38653], "texture": "#6"},
				"west": {"uv": [0, 0, 16, 15.38653], "texture": "#6"},
				"up": {"uv": [0, 0, 16, 15.38653], "texture": "#6"},
				"down": {"uv": [0, 0, 16, 15.38653], "texture": "#6"}
			}
		},
		{
			"name": "hexadecagon",
			"from": [8, 7, 11],
			"to": [8.5, 8.5, 11.75],
			"faces": {
				"north": {"uv": [16, 0, 0, 15.38653], "texture": "#6"},
				"east": {"uv": [16, 0, 0, 15.38653], "texture": "#6"},
				"south": {"uv": [16, 0, 0, 15.38653], "texture": "#6"},
				"west": {"uv": [16, 0, 0, 15.38653], "texture": "#6"},
				"up": {"uv": [0, 15.38653, 16, 0], "texture": "#6"},
				"down": {"uv": [0, 15.38653, 16, 0], "texture": "#6"}
			}
		},
		{
			"name": "hexadecagon",
			"from": [8, 7.40327, 11],
			"to": [8.5, 8.59673, 11.75],
			"rotation": {"angle": 22.5, "axis": "x", "origin": [8, 8, 14]},
			"faces": {
				"north": {"uv": [16, 0, 0, 15.38653], "texture": "#6"},
				"east": {"uv": [16, 0, 0, 15.38653], "texture": "#6"},
				"south": {"uv": [16, 0, 0, 15.38653], "texture": "#6"},
				"west": {"uv": [16, 0, 0, 15.38653], "texture": "#6"},
				"up": {"uv": [0, 15.38653, 16, 0], "texture": "#6"},
				"down": {"uv": [0, 15.38653, 16, 0], "texture": "#6"}
			}
		},
		{
			"name": "hexadecagon",
			"from": [8, 7.40327, 11],
			"to": [8.5, 8.59673, 11.75],
			"faces": {
				"north": {"uv": [16, 0, 0, 15.38653], "texture": "#6"},
				"east": {"uv": [16, 0, 0, 15.38653], "texture": "#6"},
				"south": {"uv": [16, 0, 0, 15.38653], "texture": "#6"},
				"west": {"uv": [16, 0, 0, 15.38653], "texture": "#6"},
				"up": {"uv": [0, 15.38653, 16, 0], "texture": "#6"},
				"down": {"uv": [0, 15.38653, 16, 0], "texture": "#6"}
			}
		},
		{
			"name": "hexadecagon",
			"from": [8, 7.40327, 11],
			"to": [8.5, 8.59673, 11.75],
			"rotation": {"angle": 45, "axis": "x", "origin": [8, 8, 14]},
			"faces": {
				"north": {"uv": [16, 0, 0, 15.38653], "texture": "#6"},
				"east": {"uv": [16, 0, 0, 15.38653], "texture": "#6"},
				"south": {"uv": [16, 0, 0, 15.38653], "texture": "#6"},
				"west": {"uv": [16, 0, 0, 15.38653], "texture": "#6"},
				"up": {"uv": [0, 15.38653, 16, 0], "texture": "#6"},
				"down": {"uv": [0, 15.38653, 16, 0], "texture": "#6"}
			}
		},
		{
			"name": "hexadecagon",
			"from": [8, 10.25, 13.40327],
			"to": [8.5, 11, 14.59674],
			"rotation": {"angle": -22.5, "axis": "x", "origin": [8, 8, 14]},
			"faces": {
				"north": {"uv": [16, 0, 0, 15.38653], "texture": "#6"},
				"east": {"uv": [0, 15.38653, 16, 0], "rotation": 90, "texture": "#6"},
				"south": {"uv": [16, 0, 0, 15.38653], "rotation": 180, "texture": "#6"},
				"west": {"uv": [0, 15.38653, 16, 0], "rotation": 270, "texture": "#6"},
				"up": {"uv": [0, 15.38653, 16, 0], "texture": "#6"},
				"down": {"uv": [0, 15.38653, 16, 0], "rotation": 180, "texture": "#6"}
			}
		},
		{
			"name": "hexadecagon",
			"from": [8, 10.25, 13.40327],
			"to": [8.5, 11, 14.59674],
			"faces": {
				"north": {"uv": [16, 0, 0, 15.38653], "texture": "#6"},
				"east": {"uv": [0, 15.38653, 16, 0], "rotation": 90, "texture": "#6"},
				"south": {"uv": [16, 0, 0, 15.38653], "rotation": 180, "texture": "#6"},
				"west": {"uv": [0, 15.38653, 16, 0], "rotation": 270, "texture": "#6"},
				"up": {"uv": [0, 15.38653, 16, 0], "texture": "#6"},
				"down": {"uv": [0, 15.38653, 16, 0], "rotation": 180, "texture": "#6"}
			}
		},
		{
			"name": "hexadecagon",
			"from": [8, 7.40327, 11],
			"to": [8.5, 8.59673, 11.75],
			"faces": {
				"north": {"uv": [16, 0, 0, 15.38653], "texture": "#6"},
				"east": {"uv": [16, 0, 0, 15.38653], "texture": "#6"},
				"south": {"uv": [16, 0, 0, 15.38653], "texture": "#6"},
				"west": {"uv": [16, 0, 0, 15.38653], "texture": "#6"},
				"up": {"uv": [0, 15.38653, 16, 0], "texture": "#6"},
				"down": {"uv": [0, 15.38653, 16, 0], "texture": "#6"}
			}
		},
		{
			"from": [7.7, 7, 6],
			"to": [8.7, 7.5, 10],
			"faces": {
				"north": {"uv": [0, 0, 4, 0.5], "texture": "#0"},
				"east": {"uv": [0, 0, 4, 0.5], "texture": "#0"},
				"south": {"uv": [0, 0, 4, 0.5], "texture": "#0"},
				"west": {"uv": [0, 0, 4, 0.5], "texture": "#0"},
				"up": {"uv": [0, 0, 4, 0.5], "texture": "#0"},
				"down": {"uv": [0, 0, 4, 0.5], "texture": "#0"}
			}
		},
		{
			"from": [7.7, 7.8, 4],
			"to": [8.7, 8.3, 6],
			"rotation": {"angle": -22.5, "axis": "x", "origin": [8, 8, 8]},
			"faces": {
				"north": {"uv": [0, 0, 2, 0.5], "texture": "#0"},
				"east": {"uv": [0, 0, 2, 0.5], "texture": "#0"},
				"south": {"uv": [0, 0, 2, 0.5], "texture": "#0"},
				"west": {"uv": [0, 0, 2, 0.5], "texture": "#0"},
				"up": {"uv": [0, 0, 2, 0.5], "texture": "#0"},
				"down": {"uv": [0, 0, 2, 0.5], "texture": "#0"}
			}
		},
		{
			"from": [7.7, 7.8, 10],
			"to": [8.7, 8.3, 12],
			"rotation": {"angle": 22.5, "axis": "x", "origin": [8, 8, 8]},
			"faces": {
				"north": {"uv": [2, 0, 0, 0.5], "texture": "#0"},
				"east": {"uv": [2, 0, 0, 0.5], "texture": "#0"},
				"south": {"uv": [2, 0, 0, 0.5], "texture": "#0"},
				"west": {"uv": [2, 0, 0, 0.5], "texture": "#0"},
				"up": {"uv": [2, 0, 0, 0.5], "texture": "#0"},
				"down": {"uv": [2, 0, 0, 0.5], "texture": "#0"}
			}
		},
		{
			"from": [7.7, 7, 7.7],
			"to": [8.7, 9, 8.2],
			"rotation": {"angle": 22.5, "axis": "x", "origin": [8, 8, 8]},
			"faces": {
				"north": {"uv": [2, 0, 0, 0.5], "rotation": 180, "texture": "#0"},
				"east": {"uv": [2, 0, 0, 0.5], "rotation": 90, "texture": "#0"},
				"south": {"uv": [2, 0, 0, 0.5], "texture": "#0"},
				"west": {"uv": [2, 0, 0, 0.5], "rotation": 270, "texture": "#0"},
				"up": {"uv": [2, 0, 0, 0.5], "texture": "#0"},
				"down": {"uv": [2, 0, 0, 0.5], "rotation": 180, "texture": "#0"}
			}
		},
		{
			"from": [7.7, 7, 7.7],
			"to": [8.7, 9, 8.2],
			"rotation": {"angle": -45, "axis": "x", "origin": [8, 8, 8]},
			"faces": {
				"north": {"uv": [2, 0, 0, 0.5], "rotation": 180, "texture": "#0"},
				"east": {"uv": [2, 0, 0, 0.5], "rotation": 90, "texture": "#0"},
				"south": {"uv": [2, 0, 0, 0.5], "texture": "#0"},
				"west": {"uv": [2, 0, 0, 0.5], "rotation": 270, "texture": "#0"},
				"up": {"uv": [2, 0, 0, 0.5], "texture": "#0"},
				"down": {"uv": [2, 0, 0, 0.5], "rotation": 180, "texture": "#0"}
			}
		},
		{
			"from": [7.7, 7, 7.8],
			"to": [8.7, 9.2, 8.3],
			"faces": {
				"north": {"uv": [2, 0, 0, 0.5], "rotation": 180, "texture": "#0"},
				"east": {"uv": [2, 0, 0, 0.5], "rotation": 270, "texture": "#0"},
				"south": {"uv": [2, 0, 0, 0.5], "texture": "#0"},
				"west": {"uv": [2, 0, 0, 0.5], "rotation": 90, "texture": "#0"},
				"up": {"uv": [2, 0, 0, 0.5], "rotation": 180, "texture": "#0"},
				"down": {"uv": [2, 0, 0, 0.5], "texture": "#0"}
			}
		},
		{
			"from": [7.7, 7.8, 7],
			"to": [8.7, 8.3, 9],
			"faces": {
				"north": {"uv": [2, 0, 0, 0.5], "texture": "#0"},
				"east": {"uv": [2, 0, 0, 0.5], "texture": "#0"},
				"south": {"uv": [2, 0, 0, 0.5], "texture": "#0"},
				"west": {"uv": [2, 0, 0, 0.5], "texture": "#0"},
				"up": {"uv": [2, 0, 0, 0.5], "texture": "#0"},
				"down": {"uv": [2, 0, 0, 0.5], "texture": "#0"}
			}
		},
		{
			"from": [7.7, 7, 7],
			"to": [8.7, 7.8, 9],
			"faces": {
				"north": {"uv": [0, 0, 4, 0.5], "texture": "#0"},
				"east": {"uv": [0, 0, 4, 0.5], "texture": "#0"},
				"south": {"uv": [0, 0, 4, 0.5], "texture": "#0"},
				"west": {"uv": [0, 0, 4, 0.5], "texture": "#0"},
				"up": {"uv": [0, 0, 4, 0.5], "texture": "#0"},
				"down": {"uv": [0, 0, 4, 0.5], "texture": "#0"}
			}
		},
		{
			"from": [7.7, 7.8, 7],
			"to": [8.7, 8.3, 9.15],
			"rotation": {"angle": -22.5, "axis": "x", "origin": [8, 8, 8]},
			"faces": {
				"north": {"uv": [2, 0, 0, 0.5], "texture": "#0"},
				"east": {"uv": [2, 0, 0, 0.5], "texture": "#0"},
				"south": {"uv": [2, 0, 0, 0.5], "texture": "#0"},
				"west": {"uv": [2, 0, 0, 0.5], "texture": "#0"},
				"up": {"uv": [2, 0, 0, 0.5], "texture": "#0"},
				"down": {"uv": [2, 0, 0, 0.5], "texture": "#0"}
			}
		},
		{
			"from": [7.7, 7.8, 6.85],
			"to": [8.7, 8.3, 9],
			"rotation": {"angle": 22.5, "axis": "x", "origin": [8, 8, 8]},
			"faces": {
				"north": {"uv": [0, 0, 2, 0.5], "texture": "#0"},
				"east": {"uv": [0, 0, 2, 0.5], "texture": "#0"},
				"south": {"uv": [0, 0, 2, 0.5], "texture": "#0"},
				"west": {"uv": [0, 0, 2, 0.5], "texture": "#0"},
				"up": {"uv": [2, 0.5, 0, 0], "texture": "#0"},
				"down": {"uv": [2, 0.5, 0, 0], "texture": "#0"}
			}
		}
	],
	"display": {
		"head": {
			"rotation": [0, 90, 0],
			"translation": [0, 8, -1],
			"scale": [1.3, 1.225, 1.225]
		},
		"fixed": {
			"rotation": [0, 90, 0]
		},
		"gui": {
			"scale": [0.85, 0.85, 0.85],
			"rotation": [0, -90, 0]
		}
	},
	"groups": [
		{
			"name": "simba_ears",
			"isOpen": false,
			"export": true,
			"visibility": true,
			"children": [
				{
					"name": "tiger_ears",
					"isOpen": true,
					"export": true,
					"visibility": true,
					"children": [
						{
							"name": "cheetah_ears",
							"isOpen": true,
							"export": true,
							"visibility": true,
							"children": [
								{
									"name": "hexadecagon",
									"isOpen": true,
									"export": true,
									"visibility": true,
									"children": [0, 1, 2, 3, 4, 5, 6, 7]
								},
								{
									"name": "hexadecagon",
									"isOpen": true,
									"export": true,
									"visibility": true,
									"children": [8, 9, 10, 11, 12, 13, 14, 15, 16, 17, 18, 19, 20, 21, 22, 23]
								},
								{
									"name": "hexadecagon",
									"isOpen": true,
									"export": true,
									"visibility": true,
									"children": [24, 25, 26, 27, 28, 29, 30, 31, 32, 33, 34, 35, 36, 37, 38, 39, 40, 41, 42, 43, 44, 45, 46, 47, 48, 49, 50, 51, 52, 53, 54, 55, 56, 57, 58, 59]
								}
							]
						}
					]
				}, 60, 61, 62, 63, 64, 65, 66, 67, 68, 69]
		}
	]
}
