{
	"credit": "Made with Blockbench by Daisy",
	"textures": {
		"0": "blocks/wool_colored_black",
		"1": "blocks/gold_ore",
		"2": "blocks/gold_block",
		"3": "custom/star",
		"particle": "blocks/wool_colored_black"
	},
	"elements": [
		{
			"name": "hexadecagon",
			"from": [10.99078, 5.44, 7.84],
			"to": [12.00922, 10.56, 8.16],
			"rotation": {"angle": -45, "axis": "z", "origin": [11.5, 8, 8]},
			"faces": {
				"north": {"uv": [0, 0, 3, 3], "rotation": 180, "texture": "#0"},
				"east": {"uv": [0, 0, 3, 3], "rotation": 180, "texture": "#0"},
				"south": {"uv": [0, 0, 3, 3], "rotation": 180, "texture": "#0"},
				"west": {"uv": [0, 0, 3, 3], "rotation": 180, "texture": "#0"},
				"up": {"uv": [0, 0, 3, 3], "rotation": 180, "texture": "#0"},
				"down": {"uv": [0, 0, 3, 3], "rotation": 180, "texture": "#0"}
			}
		},
		{
			"name": "hexadecagon",
			"from": [10.99078, 5.44, 7.84],
			"to": [12.00922, 10.56, 8.16],
			"rotation": {"angle": -22.5, "axis": "z", "origin": [11.5, 8, 8]},
			"faces": {
				"north": {"uv": [0, 0, 3, 3], "rotation": 180, "texture": "#0"},
				"east": {"uv": [0, 0, 3, 3], "rotation": 180, "texture": "#0"},
				"south": {"uv": [0, 0, 3, 3], "rotation": 180, "texture": "#0"},
				"west": {"uv": [0, 0, 3, 3], "rotation": 180, "texture": "#0"},
				"up": {"uv": [0, 0, 3, 3], "rotation": 180, "texture": "#0"},
				"down": {"uv": [0, 0, 3, 3], "rotation": 180, "texture": "#0"}
			}
		},
		{
			"name": "hexadecagon",
			"from": [10.99078, 5.44, 7.84],
			"to": [12.00922, 10.56, 8.16],
			"rotation": {"angle": 0, "axis": "y", "origin": [11.5, 8, 8]},
			"faces": {
				"north": {"uv": [0, 0, 3, 3], "rotation": 180, "texture": "#0"},
				"east": {"uv": [0, 0, 3, 3], "rotation": 180, "texture": "#0"},
				"south": {"uv": [0, 0, 3, 3], "rotation": 180, "texture": "#0"},
				"west": {"uv": [0, 0, 3, 3], "rotation": 180, "texture": "#0"},
				"up": {"uv": [0, 0, 3, 3], "rotation": 180, "texture": "#0"},
				"down": {"uv": [0, 0, 3, 3], "rotation": 180, "texture": "#0"}
			}
		},
		{
			"name": "hexadecagon",
			"from": [10.99078, 5.44, 7.84],
			"to": [12.00922, 10.56, 8.16],
			"rotation": {"angle": 22.5, "axis": "z", "origin": [11.5, 8, 8]},
			"faces": {
				"north": {"uv": [0, 0, 3, 3], "rotation": 180, "texture": "#0"},
				"east": {"uv": [0, 0, 3, 3], "rotation": 180, "texture": "#0"},
				"south": {"uv": [0, 0, 3, 3], "rotation": 180, "texture": "#0"},
				"west": {"uv": [0, 0, 3, 3], "rotation": 180, "texture": "#0"},
				"up": {"uv": [0, 0, 3, 3], "rotation": 180, "texture": "#0"},
				"down": {"uv": [0, 0, 3, 3], "rotation": 180, "texture": "#0"}
			}
		},
		{
			"name": "hexadecagon",
			"from": [10.99078, 5.44, 7.84],
			"to": [12.00922, 10.56, 8.16],
			"rotation": {"angle": 45, "axis": "z", "origin": [11.5, 8, 8]},
			"faces": {
				"north": {"uv": [0, 0, 3, 3], "rotation": 180, "texture": "#0"},
				"east": {"uv": [0, 0, 3, 3], "rotation": 180, "texture": "#0"},
				"south": {"uv": [0, 0, 3, 3], "rotation": 180, "texture": "#0"},
				"west": {"uv": [0, 0, 3, 3], "rotation": 180, "texture": "#0"},
				"up": {"uv": [0, 0, 3, 3], "rotation": 180, "texture": "#0"},
				"down": {"uv": [0, 0, 3, 3], "rotation": 180, "texture": "#0"}
			}
		},
		{
			"name": "hexadecagon",
			"from": [8.94, 7.49078, 7.84],
			"to": [14.06, 8.50922, 8.16],
			"rotation": {"angle": -22.5, "axis": "z", "origin": [11.5, 8, 8]},
			"faces": {
				"north": {"uv": [0, 0, 3, 3], "rotation": 180, "texture": "#0"},
				"east": {"uv": [0, 0, 3, 3], "rotation": 180, "texture": "#0"},
				"south": {"uv": [0, 0, 3, 3], "rotation": 180, "texture": "#0"},
				"west": {"uv": [0, 0, 3, 3], "rotation": 180, "texture": "#0"},
				"up": {"uv": [0, 0, 3, 3], "rotation": 180, "texture": "#0"},
				"down": {"uv": [0, 0, 3, 3], "rotation": 180, "texture": "#0"}
			}
		},
		{
			"name": "hexadecagon",
			"from": [8.94, 7.49078, 7.84],
			"to": [14.06, 8.50922, 8.16],
			"rotation": {"angle": 0, "axis": "y", "origin": [11.5, 8, 8]},
			"faces": {
				"north": {"uv": [0, 0, 3, 3], "rotation": 180, "texture": "#0"},
				"east": {"uv": [0, 0, 3, 3], "rotation": 180, "texture": "#0"},
				"south": {"uv": [0, 0, 3, 3], "rotation": 180, "texture": "#0"},
				"west": {"uv": [0, 0, 3, 3], "rotation": 180, "texture": "#0"},
				"up": {"uv": [0, 0, 3, 3], "rotation": 180, "texture": "#0"},
				"down": {"uv": [0, 0, 3, 3], "rotation": 180, "texture": "#0"}
			}
		},
		{
			"name": "hexadecagon",
			"from": [8.94, 7.49078, 7.84],
			"to": [14.06, 8.50922, 8.16],
			"rotation": {"angle": 22.5, "axis": "z", "origin": [11.5, 8, 8]},
			"faces": {
				"north": {"uv": [0, 0, 3, 3], "rotation": 180, "texture": "#0"},
				"east": {"uv": [0, 0, 3, 3], "rotation": 180, "texture": "#0"},
				"south": {"uv": [0, 0, 3, 3], "rotation": 180, "texture": "#0"},
				"west": {"uv": [0, 0, 3, 3], "rotation": 180, "texture": "#0"},
				"up": {"uv": [0, 0, 3, 3], "rotation": 180, "texture": "#0"},
				"down": {"uv": [0, 0, 3, 3], "rotation": 180, "texture": "#0"}
			}
		},
		{
			"name": "hexadecagon",
			"from": [3.99078, 5.44, 7.84],
			"to": [5.00922, 10.56, 8.16],
			"rotation": {"angle": -45, "axis": "z", "origin": [4.5, 8, 8]},
			"faces": {
				"north": {"uv": [0, 0, 3, 3], "rotation": 180, "texture": "#0"},
				"east": {"uv": [0, 0, 3, 3], "rotation": 180, "texture": "#0"},
				"south": {"uv": [0, 0, 3, 3], "rotation": 180, "texture": "#0"},
				"west": {"uv": [0, 0, 3, 3], "rotation": 180, "texture": "#0"},
				"up": {"uv": [0, 0, 3, 3], "rotation": 180, "texture": "#0"},
				"down": {"uv": [0, 0, 3, 3], "rotation": 180, "texture": "#0"}
			}
		},
		{
			"name": "hexadecagon",
			"from": [3.99078, 5.44, 7.84],
			"to": [5.00922, 10.56, 8.16],
			"rotation": {"angle": -22.5, "axis": "z", "origin": [4.5, 8, 8]},
			"faces": {
				"north": {"uv": [0, 0, 3, 3], "rotation": 180, "texture": "#0"},
				"east": {"uv": [0, 0, 3, 3], "rotation": 180, "texture": "#0"},
				"south": {"uv": [0, 0, 3, 3], "rotation": 180, "texture": "#0"},
				"west": {"uv": [0, 0, 3, 3], "rotation": 180, "texture": "#0"},
				"up": {"uv": [0, 0, 3, 3], "rotation": 180, "texture": "#0"},
				"down": {"uv": [0, 0, 3, 3], "rotation": 180, "texture": "#0"}
			}
		},
		{
			"name": "hexadecagon",
			"from": [3.99078, 5.44, 7.84],
			"to": [5.00922, 10.56, 8.16],
			"rotation": {"angle": 0, "axis": "y", "origin": [4.5, 8, 8]},
			"faces": {
				"north": {"uv": [0, 0, 3, 3], "rotation": 180, "texture": "#0"},
				"east": {"uv": [0, 0, 3, 3], "rotation": 180, "texture": "#0"},
				"south": {"uv": [0, 0, 3, 3], "rotation": 180, "texture": "#0"},
				"west": {"uv": [0, 0, 3, 3], "rotation": 180, "texture": "#0"},
				"up": {"uv": [0, 0, 3, 3], "rotation": 180, "texture": "#0"},
				"down": {"uv": [0, 0, 3, 3], "rotation": 180, "texture": "#0"}
			}
		},
		{
			"name": "hexadecagon",
			"from": [3.99078, 5.44, 7.84],
			"to": [5.00922, 10.56, 8.16],
			"rotation": {"angle": 22.5, "axis": "z", "origin": [4.5, 8, 8]},
			"faces": {
				"north": {"uv": [0, 0, 3, 3], "rotation": 180, "texture": "#0"},
				"east": {"uv": [0, 0, 3, 3], "rotation": 180, "texture": "#0"},
				"south": {"uv": [0, 0, 3, 3], "rotation": 180, "texture": "#0"},
				"west": {"uv": [0, 0, 3, 3], "rotation": 180, "texture": "#0"},
				"up": {"uv": [0, 0, 3, 3], "rotation": 180, "texture": "#0"},
				"down": {"uv": [0, 0, 3, 3], "rotation": 180, "texture": "#0"}
			}
		},
		{
			"name": "hexadecagon",
			"from": [3.99078, 5.44, 7.84],
			"to": [5.00922, 10.56, 8.16],
			"rotation": {"angle": 45, "axis": "z", "origin": [4.5, 8, 8]},
			"faces": {
				"north": {"uv": [0, 0, 3, 3], "rotation": 180, "texture": "#0"},
				"east": {"uv": [0, 0, 3, 3], "rotation": 180, "texture": "#0"},
				"south": {"uv": [0, 0, 3, 3], "rotation": 180, "texture": "#0"},
				"west": {"uv": [0, 0, 3, 3], "rotation": 180, "texture": "#0"},
				"up": {"uv": [0, 0, 3, 3], "rotation": 180, "texture": "#0"},
				"down": {"uv": [0, 0, 3, 3], "rotation": 180, "texture": "#0"}
			}
		},
		{
			"name": "hexadecagon",
			"from": [1.94, 7.49078, 7.84],
			"to": [7.06, 8.50922, 8.16],
			"rotation": {"angle": -22.5, "axis": "z", "origin": [4.5, 8, 8]},
			"faces": {
				"north": {"uv": [0, 0, 3, 3], "rotation": 180, "texture": "#0"},
				"east": {"uv": [0, 0, 3, 3], "rotation": 180, "texture": "#0"},
				"south": {"uv": [0, 0, 3, 3], "rotation": 180, "texture": "#0"},
				"west": {"uv": [0, 0, 3, 3], "rotation": 180, "texture": "#0"},
				"up": {"uv": [0, 0, 3, 3], "rotation": 180, "texture": "#0"},
				"down": {"uv": [0, 0, 3, 3], "rotation": 180, "texture": "#0"}
			}
		},
		{
			"name": "hexadecagon",
			"from": [1.94, 7.49078, 7.84],
			"to": [7.06, 8.50922, 8.16],
			"rotation": {"angle": 0, "axis": "y", "origin": [4.5, 8, 8]},
			"faces": {
				"north": {"uv": [0, 0, 3, 3], "rotation": 180, "texture": "#0"},
				"east": {"uv": [0, 0, 3, 3], "rotation": 180, "texture": "#0"},
				"south": {"uv": [0, 0, 3, 3], "rotation": 180, "texture": "#0"},
				"west": {"uv": [0, 0, 3, 3], "rotation": 180, "texture": "#0"},
				"up": {"uv": [0, 0, 3, 3], "rotation": 180, "texture": "#0"},
				"down": {"uv": [0, 0, 3, 3], "rotation": 180, "texture": "#0"}
			}
		},
		{
			"name": "hexadecagon",
			"from": [1.94, 7.49078, 7.84],
			"to": [7.06, 8.50922, 8.16],
			"rotation": {"angle": 22.5, "axis": "z", "origin": [4.5, 8, 8]},
			"faces": {
				"north": {"uv": [0, 0, 3, 3], "rotation": 180, "texture": "#0"},
				"east": {"uv": [0, 0, 3, 3], "rotation": 180, "texture": "#0"},
				"south": {"uv": [0, 0, 3, 3], "rotation": 180, "texture": "#0"},
				"west": {"uv": [0, 0, 3, 3], "rotation": 180, "texture": "#0"},
				"up": {"uv": [0, 0, 3, 3], "rotation": 180, "texture": "#0"},
				"down": {"uv": [0, 0, 3, 3], "rotation": 180, "texture": "#0"}
			}
		},
		{
			"name": "hexadecagon",
			"from": [7.60516, 7.92991, 6.015],
			"to": [8.39484, 8.6045, 9.985],
			"rotation": {"angle": -45, "axis": "y", "origin": [8, 8.67429, 8]},
			"faces": {
				"north": {"uv": [5.75, 1.5, 6, 1.75], "texture": "#1"},
				"east": {"uv": [5.75, 1.5, 6, 1.75], "texture": "#1"},
				"south": {"uv": [5.75, 1.5, 6, 1.75], "texture": "#1"},
				"west": {"uv": [5.75, 1.5, 6, 1.75], "texture": "#1"},
				"up": {"uv": [5.75, 1.5, 6, 1.75], "texture": "#1"},
				"down": {"uv": [5.75, 1.5, 6, 1.75], "texture": "#1"}
			}
		},
		{
			"name": "hexadecagon",
			"from": [7.60516, 7.92991, 6.015],
			"to": [8.39484, 8.6045, 9.985],
			"rotation": {"angle": -22.5, "axis": "y", "origin": [8, 8.67429, 8]},
			"faces": {
				"north": {"uv": [5.75, 1.5, 6, 1.75], "texture": "#1"},
				"east": {"uv": [5.75, 1.5, 6, 1.75], "texture": "#1"},
				"south": {"uv": [5.75, 1.5, 6, 1.75], "texture": "#1"},
				"west": {"uv": [5.75, 1.5, 6, 1.75], "texture": "#1"},
				"up": {"uv": [5.75, 1.5, 6, 1.75], "texture": "#1"},
				"down": {"uv": [5.75, 1.5, 6, 1.75], "texture": "#1"}
			}
		},
		{
			"name": "hexadecagon",
			"from": [7.60516, 7.92991, 6.015],
			"to": [8.39484, 8.6045, 9.985],
			"rotation": {"angle": 0, "axis": "y", "origin": [8, 8.67429, 8]},
			"faces": {
				"north": {"uv": [5.75, 1.5, 6, 1.75], "texture": "#1"},
				"east": {"uv": [5.75, 1.5, 6, 1.75], "texture": "#1"},
				"south": {"uv": [5.75, 1.5, 6, 1.75], "texture": "#1"},
				"west": {"uv": [5.75, 1.5, 6, 1.75], "texture": "#1"},
				"up": {"uv": [5.75, 1.5, 6, 1.75], "texture": "#1"},
				"down": {"uv": [5.75, 1.5, 6, 1.75], "texture": "#1"}
			}
		},
		{
			"name": "hexadecagon",
			"from": [7.60516, 7.92991, 6.015],
			"to": [8.39484, 8.6045, 9.985],
			"rotation": {"angle": 22.5, "axis": "y", "origin": [8, 8.67429, 8]},
			"faces": {
				"north": {"uv": [5.75, 1.5, 6, 1.75], "texture": "#1"},
				"east": {"uv": [5.75, 1.5, 6, 1.75], "texture": "#1"},
				"south": {"uv": [5.75, 1.5, 6, 1.75], "texture": "#1"},
				"west": {"uv": [5.75, 1.5, 6, 1.75], "texture": "#1"},
				"up": {"uv": [5.75, 1.5, 6, 1.75], "texture": "#1"},
				"down": {"uv": [5.75, 1.5, 6, 1.75], "texture": "#1"}
			}
		},
		{
			"name": "hexadecagon",
			"from": [7.60516, 7.92991, 6.015],
			"to": [8.39484, 8.6045, 9.985],
			"rotation": {"angle": 45, "axis": "y", "origin": [8, 8.67429, 8]},
			"faces": {
				"north": {"uv": [5.75, 1.5, 6, 1.75], "texture": "#1"},
				"east": {"uv": [5.75, 1.5, 6, 1.75], "texture": "#1"},
				"south": {"uv": [5.75, 1.5, 6, 1.75], "texture": "#1"},
				"west": {"uv": [5.75, 1.5, 6, 1.75], "texture": "#1"},
				"up": {"uv": [5.75, 1.5, 6, 1.75], "texture": "#1"},
				"down": {"uv": [5.75, 1.5, 6, 1.75], "texture": "#1"}
			}
		},
		{
			"name": "hexadecagon",
			"from": [6.015, 7.92991, 7.60516],
			"to": [9.985, 8.6045, 8.39484],
			"rotation": {"angle": -22.5, "axis": "y", "origin": [8, 8.67429, 8]},
			"faces": {
				"north": {"uv": [5.75, 1.5, 6, 1.75], "texture": "#1"},
				"east": {"uv": [5.75, 1.5, 6, 1.75], "texture": "#1"},
				"south": {"uv": [5.75, 1.5, 6, 1.75], "texture": "#1"},
				"west": {"uv": [5.75, 1.5, 6, 1.75], "texture": "#1"},
				"up": {"uv": [5.75, 1.5, 6, 1.75], "texture": "#1"},
				"down": {"uv": [5.75, 1.5, 6, 1.75], "texture": "#1"}
			}
		},
		{
			"name": "hexadecagon",
			"from": [6.015, 7.92991, 7.60516],
			"to": [9.985, 8.6045, 8.39484],
			"rotation": {"angle": 0, "axis": "y", "origin": [8, 8.67429, 8]},
			"faces": {
				"north": {"uv": [5.75, 1.5, 6, 1.75], "texture": "#1"},
				"east": {"uv": [5.75, 1.5, 6, 1.75], "texture": "#1"},
				"south": {"uv": [5.75, 1.5, 6, 1.75], "texture": "#1"},
				"west": {"uv": [5.75, 1.5, 6, 1.75], "texture": "#1"},
				"up": {"uv": [5.75, 1.5, 6, 1.75], "texture": "#1"},
				"down": {"uv": [5.75, 1.5, 6, 1.75], "texture": "#1"}
			}
		},
		{
			"name": "hexadecagon",
			"from": [6.015, 7.92991, 7.60516],
			"to": [9.985, 8.6045, 8.39484],
			"rotation": {"angle": 22.5, "axis": "y", "origin": [8, 8.67429, 8]},
			"faces": {
				"north": {"uv": [5.75, 1.5, 6, 1.75], "texture": "#1"},
				"east": {"uv": [5.75, 1.5, 6, 1.75], "texture": "#1"},
				"south": {"uv": [5.75, 1.5, 6, 1.75], "texture": "#1"},
				"west": {"uv": [5.75, 1.5, 6, 1.75], "texture": "#1"},
				"up": {"uv": [5.75, 1.5, 6, 1.75], "texture": "#1"},
				"down": {"uv": [5.75, 1.5, 6, 1.75], "texture": "#1"}
			}
		},
		{
			"name": "hexadecagon",
			"from": [7.67884, 8.63536, 6.38541],
			"to": [8.32116, 9.06996, 9.61459],
			"rotation": {"angle": -45, "axis": "y", "origin": [8, 9.24084, 8]},
			"faces": {
				"north": {"uv": [5.75, 1.5, 6, 1.75], "texture": "#1"},
				"east": {"uv": [5.75, 1.5, 6, 1.75], "texture": "#1"},
				"south": {"uv": [5.75, 1.5, 6, 1.75], "texture": "#1"},
				"west": {"uv": [5.75, 1.5, 6, 1.75], "texture": "#1"},
				"up": {"uv": [5.75, 1.5, 6, 1.75], "texture": "#1"},
				"down": {"uv": [5.75, 1.5, 6, 1.75], "texture": "#1"}
			}
		},
		{
			"name": "hexadecagon",
			"from": [7.67884, 8.63536, 6.38541],
			"to": [8.32116, 9.06996, 9.61459],
			"rotation": {"angle": -22.5, "axis": "y", "origin": [8, 9.24084, 8]},
			"faces": {
				"north": {"uv": [5.75, 1.5, 6, 1.75], "texture": "#1"},
				"east": {"uv": [5.75, 1.5, 6, 1.75], "texture": "#1"},
				"south": {"uv": [5.75, 1.5, 6, 1.75], "texture": "#1"},
				"west": {"uv": [5.75, 1.5, 6, 1.75], "texture": "#1"},
				"up": {"uv": [5.75, 1.5, 6, 1.75], "texture": "#1"},
				"down": {"uv": [5.75, 1.5, 6, 1.75], "texture": "#1"}
			}
		},
		{
			"name": "hexadecagon",
			"from": [7.67884, 8.63536, 6.38541],
			"to": [8.32116, 9.06996, 9.61459],
			"rotation": {"angle": 0, "axis": "y", "origin": [8, 9.24084, 8]},
			"faces": {
				"north": {"uv": [5.75, 1.5, 6, 1.75], "texture": "#1"},
				"east": {"uv": [5.75, 1.5, 6, 1.75], "texture": "#1"},
				"south": {"uv": [5.75, 1.5, 6, 1.75], "texture": "#1"},
				"west": {"uv": [5.75, 1.5, 6, 1.75], "texture": "#1"},
				"up": {"uv": [5.75, 1.5, 6, 1.75], "texture": "#1"},
				"down": {"uv": [5.75, 1.5, 6, 1.75], "texture": "#1"}
			}
		},
		{
			"name": "hexadecagon",
			"from": [7.67884, 8.63536, 6.38541],
			"to": [8.32116, 9.06996, 9.61459],
			"rotation": {"angle": 22.5, "axis": "y", "origin": [8, 9.24084, 8]},
			"faces": {
				"north": {"uv": [5.75, 1.5, 6, 1.75], "texture": "#1"},
				"east": {"uv": [5.75, 1.5, 6, 1.75], "texture": "#1"},
				"south": {"uv": [5.75, 1.5, 6, 1.75], "texture": "#1"},
				"west": {"uv": [5.75, 1.5, 6, 1.75], "texture": "#1"},
				"up": {"uv": [5.75, 1.5, 6, 1.75], "texture": "#1"},
				"down": {"uv": [5.75, 1.5, 6, 1.75], "texture": "#1"}
			}
		},
		{
			"name": "hexadecagon",
			"from": [7.67884, 8.63536, 6.38541],
			"to": [8.32116, 9.06996, 9.61459],
			"rotation": {"angle": 45, "axis": "y", "origin": [8, 9.24084, 8]},
			"faces": {
				"north": {"uv": [5.75, 1.5, 6, 1.75], "texture": "#1"},
				"east": {"uv": [5.75, 1.5, 6, 1.75], "texture": "#1"},
				"south": {"uv": [5.75, 1.5, 6, 1.75], "texture": "#1"},
				"west": {"uv": [5.75, 1.5, 6, 1.75], "texture": "#1"},
				"up": {"uv": [5.75, 1.5, 6, 1.75], "texture": "#1"},
				"down": {"uv": [5.75, 1.5, 6, 1.75], "texture": "#1"}
			}
		},
		{
			"name": "hexadecagon",
			"from": [6.38541, 8.63536, 7.67884],
			"to": [9.61459, 9.06996, 8.32116],
			"rotation": {"angle": -22.5, "axis": "y", "origin": [8, 9.24084, 8]},
			"faces": {
				"north": {"uv": [5.75, 1.5, 6, 1.75], "texture": "#1"},
				"east": {"uv": [5.75, 1.5, 6, 1.75], "texture": "#1"},
				"south": {"uv": [5.75, 1.5, 6, 1.75], "texture": "#1"},
				"west": {"uv": [5.75, 1.5, 6, 1.75], "texture": "#1"},
				"up": {"uv": [5.75, 1.5, 6, 1.75], "texture": "#1"},
				"down": {"uv": [5.75, 1.5, 6, 1.75], "texture": "#1"}
			}
		},
		{
			"name": "hexadecagon",
			"from": [6.38541, 8.63536, 7.67884],
			"to": [9.61459, 9.06996, 8.32116],
			"rotation": {"angle": 0, "axis": "y", "origin": [8, 9.24084, 8]},
			"faces": {
				"north": {"uv": [5.75, 1.5, 6, 1.75], "texture": "#1"},
				"east": {"uv": [5.75, 1.5, 6, 1.75], "texture": "#1"},
				"south": {"uv": [5.75, 1.5, 6, 1.75], "texture": "#1"},
				"west": {"uv": [5.75, 1.5, 6, 1.75], "texture": "#1"},
				"up": {"uv": [5.75, 1.5, 6, 1.75], "texture": "#1"},
				"down": {"uv": [5.75, 1.5, 6, 1.75], "texture": "#1"}
			}
		},
		{
			"name": "hexadecagon",
			"from": [6.38541, 8.63536, 7.67884],
			"to": [9.61459, 9.06996, 8.32116],
			"rotation": {"angle": 22.5, "axis": "y", "origin": [8, 9.24084, 8]},
			"faces": {
				"north": {"uv": [5.75, 1.5, 6, 1.75], "texture": "#1"},
				"east": {"uv": [5.75, 1.5, 6, 1.75], "texture": "#1"},
				"south": {"uv": [5.75, 1.5, 6, 1.75], "texture": "#1"},
				"west": {"uv": [5.75, 1.5, 6, 1.75], "texture": "#1"},
				"up": {"uv": [5.75, 1.5, 6, 1.75], "texture": "#1"},
				"down": {"uv": [5.75, 1.5, 6, 1.75], "texture": "#1"}
			}
		},
		{
			"name": "hexadecagon",
			"from": [7.72701, 9.06078, 6.6276],
			"to": [8.27299, 9.51658, 9.3724],
			"rotation": {"angle": -45, "axis": "y", "origin": [8, 9.57544, 8]},
			"faces": {
				"north": {"uv": [5.75, 1.5, 6, 1.75], "texture": "#1"},
				"east": {"uv": [5.75, 1.5, 6, 1.75], "texture": "#1"},
				"south": {"uv": [5.75, 1.5, 6, 1.75], "texture": "#1"},
				"west": {"uv": [5.75, 1.5, 6, 1.75], "texture": "#1"},
				"up": {"uv": [5.75, 1.5, 6, 1.75], "texture": "#1"},
				"down": {"uv": [5.75, 1.5, 6, 1.75], "texture": "#1"}
			}
		},
		{
			"name": "hexadecagon",
			"from": [7.72701, 9.06078, 6.6276],
			"to": [8.27299, 9.51658, 9.3724],
			"rotation": {"angle": -22.5, "axis": "y", "origin": [8, 9.57544, 8]},
			"faces": {
				"north": {"uv": [5.75, 1.5, 6, 1.75], "texture": "#1"},
				"east": {"uv": [5.75, 1.5, 6, 1.75], "texture": "#1"},
				"south": {"uv": [5.75, 1.5, 6, 1.75], "texture": "#1"},
				"west": {"uv": [5.75, 1.5, 6, 1.75], "texture": "#1"},
				"up": {"uv": [5.75, 1.5, 6, 1.75], "texture": "#1"},
				"down": {"uv": [5.75, 1.5, 6, 1.75], "texture": "#1"}
			}
		},
		{
			"name": "hexadecagon",
			"from": [7.72701, 9.06078, 6.6276],
			"to": [8.27299, 9.51658, 9.3724],
			"rotation": {"angle": 0, "axis": "y", "origin": [8, 9.57544, 8]},
			"faces": {
				"north": {"uv": [5.75, 1.5, 6, 1.75], "texture": "#1"},
				"east": {"uv": [5.75, 1.5, 6, 1.75], "texture": "#1"},
				"south": {"uv": [5.75, 1.5, 6, 1.75], "texture": "#1"},
				"west": {"uv": [5.75, 1.5, 6, 1.75], "texture": "#1"},
				"up": {"uv": [5.75, 1.5, 6, 1.75], "texture": "#1"},
				"down": {"uv": [5.75, 1.5, 6, 1.75], "texture": "#1"}
			}
		},
		{
			"name": "hexadecagon",
			"from": [7.72701, 9.06078, 6.6276],
			"to": [8.27299, 9.51658, 9.3724],
			"rotation": {"angle": 22.5, "axis": "y", "origin": [8, 9.57544, 8]},
			"faces": {
				"north": {"uv": [5.75, 1.5, 6, 1.75], "texture": "#1"},
				"east": {"uv": [5.75, 1.5, 6, 1.75], "texture": "#1"},
				"south": {"uv": [5.75, 1.5, 6, 1.75], "texture": "#1"},
				"west": {"uv": [5.75, 1.5, 6, 1.75], "texture": "#1"},
				"up": {"uv": [5.75, 1.5, 6, 1.75], "texture": "#1"},
				"down": {"uv": [5.75, 1.5, 6, 1.75], "texture": "#1"}
			}
		},
		{
			"name": "hexadecagon",
			"from": [7.72701, 9.06078, 6.6276],
			"to": [8.27299, 9.51658, 9.3724],
			"rotation": {"angle": 45, "axis": "y", "origin": [8, 9.57544, 8]},
			"faces": {
				"north": {"uv": [5.75, 1.5, 6, 1.75], "texture": "#1"},
				"east": {"uv": [5.75, 1.5, 6, 1.75], "texture": "#1"},
				"south": {"uv": [5.75, 1.5, 6, 1.75], "texture": "#1"},
				"west": {"uv": [5.75, 1.5, 6, 1.75], "texture": "#1"},
				"up": {"uv": [5.75, 1.5, 6, 1.75], "texture": "#1"},
				"down": {"uv": [5.75, 1.5, 6, 1.75], "texture": "#1"}
			}
		},
		{
			"name": "hexadecagon",
			"from": [6.6276, 9.06078, 7.72701],
			"to": [9.3724, 9.51658, 8.27299],
			"rotation": {"angle": -22.5, "axis": "y", "origin": [8, 9.57544, 8]},
			"faces": {
				"north": {"uv": [5.75, 1.5, 6, 1.75], "texture": "#1"},
				"east": {"uv": [5.75, 1.5, 6, 1.75], "texture": "#1"},
				"south": {"uv": [5.75, 1.5, 6, 1.75], "texture": "#1"},
				"west": {"uv": [5.75, 1.5, 6, 1.75], "texture": "#1"},
				"up": {"uv": [5.75, 1.5, 6, 1.75], "texture": "#1"},
				"down": {"uv": [5.75, 1.5, 6, 1.75], "texture": "#1"}
			}
		},
		{
			"name": "hexadecagon",
			"from": [6.6276, 9.06078, 7.72701],
			"to": [9.3724, 9.51658, 8.27299],
			"rotation": {"angle": 0, "axis": "y", "origin": [8, 9.57544, 8]},
			"faces": {
				"north": {"uv": [5.75, 1.5, 6, 1.75], "texture": "#1"},
				"east": {"uv": [5.75, 1.5, 6, 1.75], "texture": "#1"},
				"south": {"uv": [5.75, 1.5, 6, 1.75], "texture": "#1"},
				"west": {"uv": [5.75, 1.5, 6, 1.75], "texture": "#1"},
				"up": {"uv": [5.75, 1.5, 6, 1.75], "texture": "#1"},
				"down": {"uv": [5.75, 1.5, 6, 1.75], "texture": "#1"}
			}
		},
		{
			"name": "hexadecagon",
			"from": [6.6276, 9.06078, 7.72701],
			"to": [9.3724, 9.51658, 8.27299],
			"rotation": {"angle": 22.5, "axis": "y", "origin": [8, 9.57544, 8]},
			"faces": {
				"north": {"uv": [5.75, 1.5, 6, 1.75], "texture": "#1"},
				"east": {"uv": [5.75, 1.5, 6, 1.75], "texture": "#1"},
				"south": {"uv": [5.75, 1.5, 6, 1.75], "texture": "#1"},
				"west": {"uv": [5.75, 1.5, 6, 1.75], "texture": "#1"},
				"up": {"uv": [5.75, 1.5, 6, 1.75], "texture": "#1"},
				"down": {"uv": [5.75, 1.5, 6, 1.75], "texture": "#1"}
			}
		},
		{
			"name": "hexadecagon",
			"from": [7.76796, 9.50057, 6.83346],
			"to": [8.23204, 9.97757, 9.16654],
			"rotation": {"angle": -45, "axis": "y", "origin": [8, 10.04402, 8]},
			"faces": {
				"north": {"uv": [5.75, 1.5, 6, 1.75], "texture": "#1"},
				"east": {"uv": [5.75, 1.5, 6, 1.75], "texture": "#1"},
				"south": {"uv": [5.75, 1.5, 6, 1.75], "texture": "#1"},
				"west": {"uv": [5.75, 1.5, 6, 1.75], "texture": "#1"},
				"up": {"uv": [5.75, 1.5, 6, 1.75], "texture": "#1"},
				"down": {"uv": [5.75, 1.5, 6, 1.75], "texture": "#1"}
			}
		},
		{
			"name": "hexadecagon",
			"from": [7.76796, 9.50057, 6.83346],
			"to": [8.23204, 9.97757, 9.16654],
			"rotation": {"angle": -22.5, "axis": "y", "origin": [8, 10.04402, 8]},
			"faces": {
				"north": {"uv": [5.75, 1.5, 6, 1.75], "texture": "#1"},
				"east": {"uv": [5.75, 1.5, 6, 1.75], "texture": "#1"},
				"south": {"uv": [5.75, 1.5, 6, 1.75], "texture": "#1"},
				"west": {"uv": [5.75, 1.5, 6, 1.75], "texture": "#1"},
				"up": {"uv": [5.75, 1.5, 6, 1.75], "texture": "#1"},
				"down": {"uv": [5.75, 1.5, 6, 1.75], "texture": "#1"}
			}
		},
		{
			"name": "hexadecagon",
			"from": [7.76796, 9.50057, 6.83346],
			"to": [8.23204, 9.97757, 9.16654],
			"rotation": {"angle": 0, "axis": "y", "origin": [8, 10.04402, 8]},
			"faces": {
				"north": {"uv": [5.75, 1.5, 6, 1.75], "texture": "#1"},
				"east": {"uv": [5.75, 1.5, 6, 1.75], "texture": "#1"},
				"south": {"uv": [5.75, 1.5, 6, 1.75], "texture": "#1"},
				"west": {"uv": [5.75, 1.5, 6, 1.75], "texture": "#1"},
				"up": {"uv": [5.75, 1.5, 6, 1.75], "texture": "#1"},
				"down": {"uv": [5.75, 1.5, 6, 1.75], "texture": "#1"}
			}
		},
		{
			"name": "hexadecagon",
			"from": [7.76796, 9.50057, 6.83346],
			"to": [8.23204, 9.97757, 9.16654],
			"rotation": {"angle": 22.5, "axis": "y", "origin": [8, 10.04402, 8]},
			"faces": {
				"north": {"uv": [5.75, 1.5, 6, 1.75], "texture": "#1"},
				"east": {"uv": [5.75, 1.5, 6, 1.75], "texture": "#1"},
				"south": {"uv": [5.75, 1.5, 6, 1.75], "texture": "#1"},
				"west": {"uv": [5.75, 1.5, 6, 1.75], "texture": "#1"},
				"up": {"uv": [5.75, 1.5, 6, 1.75], "texture": "#1"},
				"down": {"uv": [5.75, 1.5, 6, 1.75], "texture": "#1"}
			}
		},
		{
			"name": "hexadecagon",
			"from": [7.76796, 9.50057, 6.83346],
			"to": [8.23204, 9.97757, 9.16654],
			"rotation": {"angle": 45, "axis": "y", "origin": [8, 10.04402, 8]},
			"faces": {
				"north": {"uv": [5.75, 1.5, 6, 1.75], "texture": "#1"},
				"east": {"uv": [5.75, 1.5, 6, 1.75], "texture": "#1"},
				"south": {"uv": [5.75, 1.5, 6, 1.75], "texture": "#1"},
				"west": {"uv": [5.75, 1.5, 6, 1.75], "texture": "#1"},
				"up": {"uv": [5.75, 1.5, 6, 1.75], "texture": "#1"},
				"down": {"uv": [5.75, 1.5, 6, 1.75], "texture": "#1"}
			}
		},
		{
			"name": "hexadecagon",
			"from": [6.83346, 9.50057, 7.76796],
			"to": [9.16654, 9.97757, 8.23204],
			"rotation": {"angle": -22.5, "axis": "y", "origin": [8, 10.04402, 8]},
			"faces": {
				"north": {"uv": [5.75, 1.5, 6, 1.75], "texture": "#1"},
				"east": {"uv": [5.75, 1.5, 6, 1.75], "texture": "#1"},
				"south": {"uv": [5.75, 1.5, 6, 1.75], "texture": "#1"},
				"west": {"uv": [5.75, 1.5, 6, 1.75], "texture": "#1"},
				"up": {"uv": [5.75, 1.5, 6, 1.75], "texture": "#1"},
				"down": {"uv": [5.75, 1.5, 6, 1.75], "texture": "#1"}
			}
		},
		{
			"name": "hexadecagon",
			"from": [6.83346, 9.50057, 7.76796],
			"to": [9.16654, 9.97757, 8.23204],
			"rotation": {"angle": 0, "axis": "y", "origin": [8, 10.04402, 8]},
			"faces": {
				"north": {"uv": [5.75, 1.5, 6, 1.75], "texture": "#1"},
				"east": {"uv": [5.75, 1.5, 6, 1.75], "texture": "#1"},
				"south": {"uv": [5.75, 1.5, 6, 1.75], "texture": "#1"},
				"west": {"uv": [5.75, 1.5, 6, 1.75], "texture": "#1"},
				"up": {"uv": [5.75, 1.5, 6, 1.75], "texture": "#1"},
				"down": {"uv": [5.75, 1.5, 6, 1.75], "texture": "#1"}
			}
		},
		{
			"name": "hexadecagon",
			"from": [6.83346, 9.50057, 7.76796],
			"to": [9.16654, 9.97757, 8.23204],
			"rotation": {"angle": 22.5, "axis": "y", "origin": [8, 10.04402, 8]},
			"faces": {
				"north": {"uv": [5.75, 1.5, 6, 1.75], "texture": "#1"},
				"east": {"uv": [5.75, 1.5, 6, 1.75], "texture": "#1"},
				"south": {"uv": [5.75, 1.5, 6, 1.75], "texture": "#1"},
				"west": {"uv": [5.75, 1.5, 6, 1.75], "texture": "#1"},
				"up": {"uv": [5.75, 1.5, 6, 1.75], "texture": "#1"},
				"down": {"uv": [5.75, 1.5, 6, 1.75], "texture": "#1"}
			}
		},
		{
			"name": "hexadecagon",
			"from": [7.80277, 9.93136, 7.00844],
			"to": [8.19723, 10.42956, 8.99156],
			"rotation": {"angle": -45, "axis": "y", "origin": [8, 10.30319, 8]},
			"faces": {
				"north": {"uv": [5.75, 1.5, 6, 1.75], "texture": "#1"},
				"east": {"uv": [5.75, 1.5, 6, 1.75], "texture": "#1"},
				"south": {"uv": [5.75, 1.5, 6, 1.75], "texture": "#1"},
				"west": {"uv": [5.75, 1.5, 6, 1.75], "texture": "#1"},
				"up": {"uv": [5.75, 1.5, 6, 1.75], "texture": "#1"},
				"down": {"uv": [5.75, 1.5, 6, 1.75], "texture": "#1"}
			}
		},
		{
			"name": "hexadecagon",
			"from": [7.80277, 9.93136, 7.00844],
			"to": [8.19723, 10.42956, 8.99156],
			"rotation": {"angle": -22.5, "axis": "y", "origin": [8, 10.30319, 8]},
			"faces": {
				"north": {"uv": [5.75, 1.5, 6, 1.75], "texture": "#1"},
				"east": {"uv": [5.75, 1.5, 6, 1.75], "texture": "#1"},
				"south": {"uv": [5.75, 1.5, 6, 1.75], "texture": "#1"},
				"west": {"uv": [5.75, 1.5, 6, 1.75], "texture": "#1"},
				"up": {"uv": [5.75, 1.5, 6, 1.75], "texture": "#1"},
				"down": {"uv": [5.75, 1.5, 6, 1.75], "texture": "#1"}
			}
		},
		{
			"name": "hexadecagon",
			"from": [7.80277, 9.93136, 7.00844],
			"to": [8.19723, 10.42956, 8.99156],
			"rotation": {"angle": 0, "axis": "y", "origin": [8, 10.30319, 8]},
			"faces": {
				"north": {"uv": [5.75, 1.5, 6, 1.75], "texture": "#1"},
				"east": {"uv": [5.75, 1.5, 6, 1.75], "texture": "#1"},
				"south": {"uv": [5.75, 1.5, 6, 1.75], "texture": "#1"},
				"west": {"uv": [5.75, 1.5, 6, 1.75], "texture": "#1"},
				"up": {"uv": [5.75, 1.5, 6, 1.75], "texture": "#1"},
				"down": {"uv": [5.75, 1.5, 6, 1.75], "texture": "#1"}
			}
		},
		{
			"name": "hexadecagon",
			"from": [7.80277, 9.93136, 7.00844],
			"to": [8.19723, 10.42956, 8.99156],
			"rotation": {"angle": 22.5, "axis": "y", "origin": [8, 10.30319, 8]},
			"faces": {
				"north": {"uv": [5.75, 1.5, 6, 1.75], "texture": "#1"},
				"east": {"uv": [5.75, 1.5, 6, 1.75], "texture": "#1"},
				"south": {"uv": [5.75, 1.5, 6, 1.75], "texture": "#1"},
				"west": {"uv": [5.75, 1.5, 6, 1.75], "texture": "#1"},
				"up": {"uv": [5.75, 1.5, 6, 1.75], "texture": "#1"},
				"down": {"uv": [5.75, 1.5, 6, 1.75], "texture": "#1"}
			}
		},
		{
			"name": "hexadecagon",
			"from": [7.80277, 9.93136, 7.00844],
			"to": [8.19723, 10.42956, 8.99156],
			"rotation": {"angle": 45, "axis": "y", "origin": [8, 10.30319, 8]},
			"faces": {
				"north": {"uv": [5.75, 1.5, 6, 1.75], "texture": "#1"},
				"east": {"uv": [5.75, 1.5, 6, 1.75], "texture": "#1"},
				"south": {"uv": [5.75, 1.5, 6, 1.75], "texture": "#1"},
				"west": {"uv": [5.75, 1.5, 6, 1.75], "texture": "#1"},
				"up": {"uv": [5.75, 1.5, 6, 1.75], "texture": "#1"},
				"down": {"uv": [5.75, 1.5, 6, 1.75], "texture": "#1"}
			}
		},
		{
			"name": "hexadecagon",
			"from": [7.00844, 9.93136, 7.80277],
			"to": [8.99156, 10.42956, 8.19723],
			"rotation": {"angle": -22.5, "axis": "y", "origin": [8, 10.30319, 8]},
			"faces": {
				"north": {"uv": [5.75, 1.5, 6, 1.75], "texture": "#1"},
				"east": {"uv": [5.75, 1.5, 6, 1.75], "texture": "#1"},
				"south": {"uv": [5.75, 1.5, 6, 1.75], "texture": "#1"},
				"west": {"uv": [5.75, 1.5, 6, 1.75], "texture": "#1"},
				"up": {"uv": [5.75, 1.5, 6, 1.75], "texture": "#1"},
				"down": {"uv": [5.75, 1.5, 6, 1.75], "texture": "#1"}
			}
		},
		{
			"name": "hexadecagon",
			"from": [7.00844, 9.93136, 7.80277],
			"to": [8.99156, 10.42956, 8.19723],
			"rotation": {"angle": 0, "axis": "y", "origin": [8, 10.30319, 8]},
			"faces": {
				"north": {"uv": [5.75, 1.5, 6, 1.75], "texture": "#1"},
				"east": {"uv": [5.75, 1.5, 6, 1.75], "texture": "#1"},
				"south": {"uv": [5.75, 1.5, 6, 1.75], "texture": "#1"},
				"west": {"uv": [5.75, 1.5, 6, 1.75], "texture": "#1"},
				"up": {"uv": [5.75, 1.5, 6, 1.75], "texture": "#1"},
				"down": {"uv": [5.75, 1.5, 6, 1.75], "texture": "#1"}
			}
		},
		{
			"name": "hexadecagon",
			"from": [7.00844, 9.93136, 7.80277],
			"to": [8.99156, 10.42956, 8.19723],
			"rotation": {"angle": 22.5, "axis": "y", "origin": [8, 10.30319, 8]},
			"faces": {
				"north": {"uv": [5.75, 1.5, 6, 1.75], "texture": "#1"},
				"east": {"uv": [5.75, 1.5, 6, 1.75], "texture": "#1"},
				"south": {"uv": [5.75, 1.5, 6, 1.75], "texture": "#1"},
				"west": {"uv": [5.75, 1.5, 6, 1.75], "texture": "#1"},
				"up": {"uv": [5.75, 1.5, 6, 1.75], "texture": "#1"},
				"down": {"uv": [5.75, 1.5, 6, 1.75], "texture": "#1"}
			}
		},
		{
			"name": "hexadecagon",
			"from": [7.83235, 10.33728, 7.15717],
			"to": [8.16765, 10.85668, 8.84283],
			"rotation": {"angle": -45, "axis": "y", "origin": [8, 10.65334, 8]},
			"faces": {
				"north": {"uv": [5.75, 1.5, 6, 1.75], "texture": "#1"},
				"east": {"uv": [5.75, 1.5, 6, 1.75], "texture": "#1"},
				"south": {"uv": [5.75, 1.5, 6, 1.75], "texture": "#1"},
				"west": {"uv": [5.75, 1.5, 6, 1.75], "texture": "#1"},
				"up": {"uv": [5.75, 1.5, 6, 1.75], "texture": "#1"},
				"down": {"uv": [5.75, 1.5, 6, 1.75], "texture": "#1"}
			}
		},
		{
			"name": "hexadecagon",
			"from": [7.83235, 10.33728, 7.15717],
			"to": [8.16765, 10.85668, 8.84283],
			"rotation": {"angle": -22.5, "axis": "y", "origin": [8, 10.65334, 8]},
			"faces": {
				"north": {"uv": [5.75, 1.5, 6, 1.75], "texture": "#1"},
				"east": {"uv": [5.75, 1.5, 6, 1.75], "texture": "#1"},
				"south": {"uv": [5.75, 1.5, 6, 1.75], "texture": "#1"},
				"west": {"uv": [5.75, 1.5, 6, 1.75], "texture": "#1"},
				"up": {"uv": [5.75, 1.5, 6, 1.75], "texture": "#1"},
				"down": {"uv": [5.75, 1.5, 6, 1.75], "texture": "#1"}
			}
		},
		{
			"name": "hexadecagon",
			"from": [7.83235, 10.33728, 7.15717],
			"to": [8.16765, 10.85668, 8.84283],
			"rotation": {"angle": 0, "axis": "y", "origin": [8, 10.65334, 8]},
			"faces": {
				"north": {"uv": [5.75, 1.5, 6, 1.75], "texture": "#1"},
				"east": {"uv": [5.75, 1.5, 6, 1.75], "texture": "#1"},
				"south": {"uv": [5.75, 1.5, 6, 1.75], "texture": "#1"},
				"west": {"uv": [5.75, 1.5, 6, 1.75], "texture": "#1"},
				"up": {"uv": [5.75, 1.5, 6, 1.75], "texture": "#1"},
				"down": {"uv": [5.75, 1.5, 6, 1.75], "texture": "#1"}
			}
		},
		{
			"name": "hexadecagon",
			"from": [7.83235, 10.33728, 7.15717],
			"to": [8.16765, 10.85668, 8.84283],
			"rotation": {"angle": 22.5, "axis": "y", "origin": [8, 10.65334, 8]},
			"faces": {
				"north": {"uv": [5.75, 1.5, 6, 1.75], "texture": "#1"},
				"east": {"uv": [5.75, 1.5, 6, 1.75], "texture": "#1"},
				"south": {"uv": [5.75, 1.5, 6, 1.75], "texture": "#1"},
				"west": {"uv": [5.75, 1.5, 6, 1.75], "texture": "#1"},
				"up": {"uv": [5.75, 1.5, 6, 1.75], "texture": "#1"},
				"down": {"uv": [5.75, 1.5, 6, 1.75], "texture": "#1"}
			}
		},
		{
			"name": "hexadecagon",
			"from": [7.83235, 10.33728, 7.15717],
			"to": [8.16765, 10.85668, 8.84283],
			"rotation": {"angle": 45, "axis": "y", "origin": [8, 10.65334, 8]},
			"faces": {
				"north": {"uv": [5.75, 1.5, 6, 1.75], "texture": "#1"},
				"east": {"uv": [5.75, 1.5, 6, 1.75], "texture": "#1"},
				"south": {"uv": [5.75, 1.5, 6, 1.75], "texture": "#1"},
				"west": {"uv": [5.75, 1.5, 6, 1.75], "texture": "#1"},
				"up": {"uv": [5.75, 1.5, 6, 1.75], "texture": "#1"},
				"down": {"uv": [5.75, 1.5, 6, 1.75], "texture": "#1"}
			}
		},
		{
			"name": "hexadecagon",
			"from": [7.15717, 10.33728, 7.83235],
			"to": [8.84283, 10.85668, 8.16765],
			"rotation": {"angle": -22.5, "axis": "y", "origin": [8, 10.65334, 8]},
			"faces": {
				"north": {"uv": [5.75, 1.5, 6, 1.75], "texture": "#1"},
				"east": {"uv": [5.75, 1.5, 6, 1.75], "texture": "#1"},
				"south": {"uv": [5.75, 1.5, 6, 1.75], "texture": "#1"},
				"west": {"uv": [5.75, 1.5, 6, 1.75], "texture": "#1"},
				"up": {"uv": [5.75, 1.5, 6, 1.75], "texture": "#1"},
				"down": {"uv": [5.75, 1.5, 6, 1.75], "texture": "#1"}
			}
		},
		{
			"name": "hexadecagon",
			"from": [7.15717, 10.33728, 7.83235],
			"to": [8.84283, 10.85668, 8.16765],
			"rotation": {"angle": 0, "axis": "y", "origin": [8, 10.65334, 8]},
			"faces": {
				"north": {"uv": [5.75, 1.5, 6, 1.75], "texture": "#1"},
				"east": {"uv": [5.75, 1.5, 6, 1.75], "texture": "#1"},
				"south": {"uv": [5.75, 1.5, 6, 1.75], "texture": "#1"},
				"west": {"uv": [5.75, 1.5, 6, 1.75], "texture": "#1"},
				"up": {"uv": [5.75, 1.5, 6, 1.75], "texture": "#1"},
				"down": {"uv": [5.75, 1.5, 6, 1.75], "texture": "#1"}
			}
		},
		{
			"name": "hexadecagon",
			"from": [7.15717, 10.33728, 7.83235],
			"to": [8.84283, 10.85668, 8.16765],
			"rotation": {"angle": 22.5, "axis": "y", "origin": [8, 10.65334, 8]},
			"faces": {
				"north": {"uv": [5.75, 1.5, 6, 1.75], "texture": "#1"},
				"east": {"uv": [5.75, 1.5, 6, 1.75], "texture": "#1"},
				"south": {"uv": [5.75, 1.5, 6, 1.75], "texture": "#1"},
				"west": {"uv": [5.75, 1.5, 6, 1.75], "texture": "#1"},
				"up": {"uv": [5.75, 1.5, 6, 1.75], "texture": "#1"},
				"down": {"uv": [5.75, 1.5, 6, 1.75], "texture": "#1"}
			}
		},
		{
			"name": "hexadecagon",
			"from": [7.8575, 10.83469, 7.2836],
			"to": [8.1425, 11.37529, 8.7164],
			"rotation": {"angle": -45, "axis": "y", "origin": [8, 11.10334, 8]},
			"faces": {
				"north": {"uv": [5.75, 1.5, 6, 1.75], "texture": "#1"},
				"east": {"uv": [5.75, 1.5, 6, 1.75], "texture": "#1"},
				"south": {"uv": [5.75, 1.5, 6, 1.75], "texture": "#1"},
				"west": {"uv": [5.75, 1.5, 6, 1.75], "texture": "#1"},
				"up": {"uv": [5.75, 1.5, 6, 1.75], "texture": "#1"},
				"down": {"uv": [5.75, 1.5, 6, 1.75], "texture": "#1"}
			}
		},
		{
			"name": "hexadecagon",
			"from": [7.8575, 10.83469, 7.2836],
			"to": [8.1425, 11.37529, 8.7164],
			"rotation": {"angle": -22.5, "axis": "y", "origin": [8, 11.10334, 8]},
			"faces": {
				"north": {"uv": [5.75, 1.5, 6, 1.75], "texture": "#1"},
				"east": {"uv": [5.75, 1.5, 6, 1.75], "texture": "#1"},
				"south": {"uv": [5.75, 1.5, 6, 1.75], "texture": "#1"},
				"west": {"uv": [5.75, 1.5, 6, 1.75], "texture": "#1"},
				"up": {"uv": [5.75, 1.5, 6, 1.75], "texture": "#1"},
				"down": {"uv": [5.75, 1.5, 6, 1.75], "texture": "#1"}
			}
		},
		{
			"name": "hexadecagon",
			"from": [7.8575, 10.83469, 7.2836],
			"to": [8.1425, 11.37529, 8.7164],
			"rotation": {"angle": 0, "axis": "y", "origin": [8, 11.10334, 8]},
			"faces": {
				"north": {"uv": [5.75, 1.5, 6, 1.75], "texture": "#1"},
				"east": {"uv": [5.75, 1.5, 6, 1.75], "texture": "#1"},
				"south": {"uv": [5.75, 1.5, 6, 1.75], "texture": "#1"},
				"west": {"uv": [5.75, 1.5, 6, 1.75], "texture": "#1"},
				"up": {"uv": [5.75, 1.5, 6, 1.75], "texture": "#1"},
				"down": {"uv": [5.75, 1.5, 6, 1.75], "texture": "#1"}
			}
		},
		{
			"name": "hexadecagon",
			"from": [7.8575, 10.83469, 7.2836],
			"to": [8.1425, 11.37529, 8.7164],
			"rotation": {"angle": 22.5, "axis": "y", "origin": [8, 11.10334, 8]},
			"faces": {
				"north": {"uv": [5.75, 1.5, 6, 1.75], "texture": "#1"},
				"east": {"uv": [5.75, 1.5, 6, 1.75], "texture": "#1"},
				"south": {"uv": [5.75, 1.5, 6, 1.75], "texture": "#1"},
				"west": {"uv": [5.75, 1.5, 6, 1.75], "texture": "#1"},
				"up": {"uv": [5.75, 1.5, 6, 1.75], "texture": "#1"},
				"down": {"uv": [5.75, 1.5, 6, 1.75], "texture": "#1"}
			}
		},
		{
			"name": "hexadecagon",
			"from": [7.8575, 10.83469, 7.2836],
			"to": [8.1425, 11.37529, 8.7164],
			"rotation": {"angle": 45, "axis": "y", "origin": [8, 11.10334, 8]},
			"faces": {
				"north": {"uv": [5.75, 1.5, 6, 1.75], "texture": "#1"},
				"east": {"uv": [5.75, 1.5, 6, 1.75], "texture": "#1"},
				"south": {"uv": [5.75, 1.5, 6, 1.75], "texture": "#1"},
				"west": {"uv": [5.75, 1.5, 6, 1.75], "texture": "#1"},
				"up": {"uv": [5.75, 1.5, 6, 1.75], "texture": "#1"},
				"down": {"uv": [5.75, 1.5, 6, 1.75], "texture": "#1"}
			}
		},
		{
			"name": "hexadecagon",
			"from": [7.2836, 10.83469, 7.8575],
			"to": [8.7164, 11.37529, 8.1425],
			"rotation": {"angle": -22.5, "axis": "y", "origin": [8, 11.10334, 8]},
			"faces": {
				"north": {"uv": [5.75, 1.5, 6, 1.75], "texture": "#1"},
				"east": {"uv": [5.75, 1.5, 6, 1.75], "texture": "#1"},
				"south": {"uv": [5.75, 1.5, 6, 1.75], "texture": "#1"},
				"west": {"uv": [5.75, 1.5, 6, 1.75], "texture": "#1"},
				"up": {"uv": [5.75, 1.5, 6, 1.75], "texture": "#1"},
				"down": {"uv": [5.75, 1.5, 6, 1.75], "texture": "#1"}
			}
		},
		{
			"name": "hexadecagon",
			"from": [7.2836, 10.83469, 7.8575],
			"to": [8.7164, 11.37529, 8.1425],
			"rotation": {"angle": 0, "axis": "y", "origin": [8, 11.10334, 8]},
			"faces": {
				"north": {"uv": [5.75, 1.5, 6, 1.75], "texture": "#1"},
				"east": {"uv": [5.75, 1.5, 6, 1.75], "texture": "#1"},
				"south": {"uv": [5.75, 1.5, 6, 1.75], "texture": "#1"},
				"west": {"uv": [5.75, 1.5, 6, 1.75], "texture": "#1"},
				"up": {"uv": [5.75, 1.5, 6, 1.75], "texture": "#1"},
				"down": {"uv": [5.75, 1.5, 6, 1.75], "texture": "#1"}
			}
		},
		{
			"name": "hexadecagon",
			"from": [7.2836, 10.83469, 7.8575],
			"to": [8.7164, 11.37529, 8.1425],
			"rotation": {"angle": 22.5, "axis": "y", "origin": [8, 11.10334, 8]},
			"faces": {
				"north": {"uv": [5.75, 1.5, 6, 1.75], "texture": "#1"},
				"east": {"uv": [5.75, 1.5, 6, 1.75], "texture": "#1"},
				"south": {"uv": [5.75, 1.5, 6, 1.75], "texture": "#1"},
				"west": {"uv": [5.75, 1.5, 6, 1.75], "texture": "#1"},
				"up": {"uv": [5.75, 1.5, 6, 1.75], "texture": "#1"},
				"down": {"uv": [5.75, 1.5, 6, 1.75], "texture": "#1"}
			}
		},
		{
			"name": "hexadecagon",
			"from": [7.87887, 11.35951, 7.39106],
			"to": [8.12113, 11.92131, 8.60894],
			"rotation": {"angle": -45, "axis": "y", "origin": [8, 11.58786, 8]},
			"faces": {
				"north": {"uv": [5.75, 1.5, 6, 1.75], "texture": "#1"},
				"east": {"uv": [5.75, 1.5, 6, 1.75], "texture": "#1"},
				"south": {"uv": [5.75, 1.5, 6, 1.75], "texture": "#1"},
				"west": {"uv": [5.75, 1.5, 6, 1.75], "texture": "#1"},
				"up": {"uv": [5.75, 1.5, 6, 1.75], "texture": "#1"},
				"down": {"uv": [5.75, 1.5, 6, 1.75], "texture": "#1"}
			}
		},
		{
			"name": "hexadecagon",
			"from": [7.87887, 11.35951, 7.39106],
			"to": [8.12113, 11.92131, 8.60894],
			"rotation": {"angle": -22.5, "axis": "y", "origin": [8, 11.58786, 8]},
			"faces": {
				"north": {"uv": [5.75, 1.5, 6, 1.75], "texture": "#1"},
				"east": {"uv": [5.75, 1.5, 6, 1.75], "texture": "#1"},
				"south": {"uv": [5.75, 1.5, 6, 1.75], "texture": "#1"},
				"west": {"uv": [5.75, 1.5, 6, 1.75], "texture": "#1"},
				"up": {"uv": [5.75, 1.5, 6, 1.75], "texture": "#1"},
				"down": {"uv": [5.75, 1.5, 6, 1.75], "texture": "#1"}
			}
		},
		{
			"name": "hexadecagon",
			"from": [7.87887, 11.35951, 7.39106],
			"to": [8.12113, 11.92131, 8.60894],
			"rotation": {"angle": 0, "axis": "y", "origin": [8, 11.58786, 8]},
			"faces": {
				"north": {"uv": [5.75, 1.5, 6, 1.75], "texture": "#1"},
				"east": {"uv": [5.75, 1.5, 6, 1.75], "texture": "#1"},
				"south": {"uv": [5.75, 1.5, 6, 1.75], "texture": "#1"},
				"west": {"uv": [5.75, 1.5, 6, 1.75], "texture": "#1"},
				"up": {"uv": [5.75, 1.5, 6, 1.75], "texture": "#1"},
				"down": {"uv": [5.75, 1.5, 6, 1.75], "texture": "#1"}
			}
		},
		{
			"name": "hexadecagon",
			"from": [7.87887, 11.35951, 7.39106],
			"to": [8.12113, 11.92131, 8.60894],
			"rotation": {"angle": 22.5, "axis": "y", "origin": [8, 11.58786, 8]},
			"faces": {
				"north": {"uv": [5.75, 1.5, 6, 1.75], "texture": "#1"},
				"east": {"uv": [5.75, 1.5, 6, 1.75], "texture": "#1"},
				"south": {"uv": [5.75, 1.5, 6, 1.75], "texture": "#1"},
				"west": {"uv": [5.75, 1.5, 6, 1.75], "texture": "#1"},
				"up": {"uv": [5.75, 1.5, 6, 1.75], "texture": "#1"},
				"down": {"uv": [5.75, 1.5, 6, 1.75], "texture": "#1"}
			}
		},
		{
			"name": "hexadecagon",
			"from": [7.87887, 11.35951, 7.39106],
			"to": [8.12113, 11.92131, 8.60894],
			"rotation": {"angle": 45, "axis": "y", "origin": [8, 11.58786, 8]},
			"faces": {
				"north": {"uv": [5.75, 1.5, 6, 1.75], "texture": "#1"},
				"east": {"uv": [5.75, 1.5, 6, 1.75], "texture": "#1"},
				"south": {"uv": [5.75, 1.5, 6, 1.75], "texture": "#1"},
				"west": {"uv": [5.75, 1.5, 6, 1.75], "texture": "#1"},
				"up": {"uv": [5.75, 1.5, 6, 1.75], "texture": "#1"},
				"down": {"uv": [5.75, 1.5, 6, 1.75], "texture": "#1"}
			}
		},
		{
			"name": "hexadecagon",
			"from": [7.39106, 11.35951, 7.87887],
			"to": [8.60894, 11.92131, 8.12113],
			"rotation": {"angle": -22.5, "axis": "y", "origin": [8, 11.58786, 8]},
			"faces": {
				"north": {"uv": [5.75, 1.5, 6, 1.75], "texture": "#1"},
				"east": {"uv": [5.75, 1.5, 6, 1.75], "texture": "#1"},
				"south": {"uv": [5.75, 1.5, 6, 1.75], "texture": "#1"},
				"west": {"uv": [5.75, 1.5, 6, 1.75], "texture": "#1"},
				"up": {"uv": [5.75, 1.5, 6, 1.75], "texture": "#1"},
				"down": {"uv": [5.75, 1.5, 6, 1.75], "texture": "#1"}
			}
		},
		{
			"name": "hexadecagon",
			"from": [7.39106, 11.35951, 7.87887],
			"to": [8.60894, 11.92131, 8.12113],
			"rotation": {"angle": 0, "axis": "y", "origin": [8, 11.58786, 8]},
			"faces": {
				"north": {"uv": [5.75, 1.5, 6, 1.75], "texture": "#1"},
				"east": {"uv": [5.75, 1.5, 6, 1.75], "texture": "#1"},
				"south": {"uv": [5.75, 1.5, 6, 1.75], "texture": "#1"},
				"west": {"uv": [5.75, 1.5, 6, 1.75], "texture": "#1"},
				"up": {"uv": [5.75, 1.5, 6, 1.75], "texture": "#1"},
				"down": {"uv": [5.75, 1.5, 6, 1.75], "texture": "#1"}
			}
		},
		{
			"name": "hexadecagon",
			"from": [7.39106, 11.35951, 7.87887],
			"to": [8.60894, 11.92131, 8.12113],
			"rotation": {"angle": 22.5, "axis": "y", "origin": [8, 11.58786, 8]},
			"faces": {
				"north": {"uv": [5.75, 1.5, 6, 1.75], "texture": "#1"},
				"east": {"uv": [5.75, 1.5, 6, 1.75], "texture": "#1"},
				"south": {"uv": [5.75, 1.5, 6, 1.75], "texture": "#1"},
				"west": {"uv": [5.75, 1.5, 6, 1.75], "texture": "#1"},
				"up": {"uv": [5.75, 1.5, 6, 1.75], "texture": "#1"},
				"down": {"uv": [5.75, 1.5, 6, 1.75], "texture": "#1"}
			}
		},
		{
			"name": "hexadecagon",
			"from": [7.89704, 11.91558, 7.4824],
			"to": [8.10296, 12.49858, 8.5176],
			"rotation": {"angle": -45, "axis": "y", "origin": [8, 12.10968, 8]},
			"faces": {
				"north": {"uv": [5.75, 1.5, 6, 1.75], "texture": "#1"},
				"east": {"uv": [5.75, 1.5, 6, 1.75], "texture": "#1"},
				"south": {"uv": [5.75, 1.5, 6, 1.75], "texture": "#1"},
				"west": {"uv": [5.75, 1.5, 6, 1.75], "texture": "#1"},
				"up": {"uv": [5.75, 1.5, 6, 1.75], "texture": "#1"},
				"down": {"uv": [5.75, 1.5, 6, 1.75], "texture": "#1"}
			}
		},
		{
			"name": "hexadecagon",
			"from": [7.89704, 11.91558, 7.4824],
			"to": [8.10296, 12.49858, 8.5176],
			"rotation": {"angle": -22.5, "axis": "y", "origin": [8, 12.10968, 8]},
			"faces": {
				"north": {"uv": [5.75, 1.5, 6, 1.75], "texture": "#1"},
				"east": {"uv": [5.75, 1.5, 6, 1.75], "texture": "#1"},
				"south": {"uv": [5.75, 1.5, 6, 1.75], "texture": "#1"},
				"west": {"uv": [5.75, 1.5, 6, 1.75], "texture": "#1"},
				"up": {"uv": [5.75, 1.5, 6, 1.75], "texture": "#1"},
				"down": {"uv": [5.75, 1.5, 6, 1.75], "texture": "#1"}
			}
		},
		{
			"name": "hexadecagon",
			"from": [7.89704, 11.91558, 7.4824],
			"to": [8.10296, 12.49858, 8.5176],
			"rotation": {"angle": 0, "axis": "y", "origin": [8, 12.10968, 8]},
			"faces": {
				"north": {"uv": [5.75, 1.5, 6, 1.75], "texture": "#1"},
				"east": {"uv": [5.75, 1.5, 6, 1.75], "texture": "#1"},
				"south": {"uv": [5.75, 1.5, 6, 1.75], "texture": "#1"},
				"west": {"uv": [5.75, 1.5, 6, 1.75], "texture": "#1"},
				"up": {"uv": [5.75, 1.5, 6, 1.75], "texture": "#1"},
				"down": {"uv": [5.75, 1.5, 6, 1.75], "texture": "#1"}
			}
		},
		{
			"name": "hexadecagon",
			"from": [7.89704, 11.91558, 7.4824],
			"to": [8.10296, 12.49858, 8.5176],
			"rotation": {"angle": 22.5, "axis": "y", "origin": [8, 12.10968, 8]},
			"faces": {
				"north": {"uv": [5.75, 1.5, 6, 1.75], "texture": "#1"},
				"east": {"uv": [5.75, 1.5, 6, 1.75], "texture": "#1"},
				"south": {"uv": [5.75, 1.5, 6, 1.75], "texture": "#1"},
				"west": {"uv": [5.75, 1.5, 6, 1.75], "texture": "#1"},
				"up": {"uv": [5.75, 1.5, 6, 1.75], "texture": "#1"},
				"down": {"uv": [5.75, 1.5, 6, 1.75], "texture": "#1"}
			}
		},
		{
			"name": "hexadecagon",
			"from": [7.89704, 11.91558, 7.4824],
			"to": [8.10296, 12.49858, 8.5176],
			"rotation": {"angle": 45, "axis": "y", "origin": [8, 12.10968, 8]},
			"faces": {
				"north": {"uv": [5.75, 1.5, 6, 1.75], "texture": "#1"},
				"east": {"uv": [5.75, 1.5, 6, 1.75], "texture": "#1"},
				"south": {"uv": [5.75, 1.5, 6, 1.75], "texture": "#1"},
				"west": {"uv": [5.75, 1.5, 6, 1.75], "texture": "#1"},
				"up": {"uv": [5.75, 1.5, 6, 1.75], "texture": "#1"},
				"down": {"uv": [5.75, 1.5, 6, 1.75], "texture": "#1"}
			}
		},
		{
			"name": "hexadecagon",
			"from": [7.4824, 11.91558, 7.89704],
			"to": [8.5176, 12.49858, 8.10296],
			"rotation": {"angle": -22.5, "axis": "y", "origin": [8, 12.10968, 8]},
			"faces": {
				"north": {"uv": [5.75, 1.5, 6, 1.75], "texture": "#1"},
				"east": {"uv": [5.75, 1.5, 6, 1.75], "texture": "#1"},
				"south": {"uv": [5.75, 1.5, 6, 1.75], "texture": "#1"},
				"west": {"uv": [5.75, 1.5, 6, 1.75], "texture": "#1"},
				"up": {"uv": [5.75, 1.5, 6, 1.75], "texture": "#1"},
				"down": {"uv": [5.75, 1.5, 6, 1.75], "texture": "#1"}
			}
		},
		{
			"name": "hexadecagon",
			"from": [7.4824, 11.91558, 7.89704],
			"to": [8.5176, 12.49858, 8.10296],
			"rotation": {"angle": 0, "axis": "y", "origin": [8, 12.10968, 8]},
			"faces": {
				"north": {"uv": [5.75, 1.5, 6, 1.75], "texture": "#1"},
				"east": {"uv": [5.75, 1.5, 6, 1.75], "texture": "#1"},
				"south": {"uv": [5.75, 1.5, 6, 1.75], "texture": "#1"},
				"west": {"uv": [5.75, 1.5, 6, 1.75], "texture": "#1"},
				"up": {"uv": [5.75, 1.5, 6, 1.75], "texture": "#1"},
				"down": {"uv": [5.75, 1.5, 6, 1.75], "texture": "#1"}
			}
		},
		{
			"name": "hexadecagon",
			"from": [7.4824, 11.91558, 7.89704],
			"to": [8.5176, 12.49858, 8.10296],
			"rotation": {"angle": 22.5, "axis": "y", "origin": [8, 12.10968, 8]},
			"faces": {
				"north": {"uv": [5.75, 1.5, 6, 1.75], "texture": "#1"},
				"east": {"uv": [5.75, 1.5, 6, 1.75], "texture": "#1"},
				"south": {"uv": [5.75, 1.5, 6, 1.75], "texture": "#1"},
				"west": {"uv": [5.75, 1.5, 6, 1.75], "texture": "#1"},
				"up": {"uv": [5.75, 1.5, 6, 1.75], "texture": "#1"},
				"down": {"uv": [5.75, 1.5, 6, 1.75], "texture": "#1"}
			}
		},
		{
			"name": "hexadecagon",
			"from": [7.94518, 12.4602, 7.72441],
			"to": [8.05482, 13.11867, 8.27559],
			"rotation": {"angle": -45, "axis": "y", "origin": [8, 12.56354, 8]},
			"faces": {
				"north": {"uv": [5.75, 1.5, 6, 1.75], "texture": "#1"},
				"east": {"uv": [5.75, 1.5, 6, 1.75], "texture": "#1"},
				"south": {"uv": [5.75, 1.5, 6, 1.75], "texture": "#1"},
				"west": {"uv": [5.75, 1.5, 6, 1.75], "texture": "#1"},
				"up": {"uv": [5.75, 1.5, 6, 1.75], "texture": "#1"},
				"down": {"uv": [5.75, 1.5, 6, 1.75], "texture": "#1"}
			}
		},
		{
			"name": "hexadecagon",
			"from": [7.94518, 12.4602, 7.72441],
			"to": [8.05482, 13.11867, 8.27559],
			"rotation": {"angle": -22.5, "axis": "y", "origin": [8, 12.56354, 8]},
			"faces": {
				"north": {"uv": [5.75, 1.5, 6, 1.75], "texture": "#1"},
				"east": {"uv": [5.75, 1.5, 6, 1.75], "texture": "#1"},
				"south": {"uv": [5.75, 1.5, 6, 1.75], "texture": "#1"},
				"west": {"uv": [5.75, 1.5, 6, 1.75], "texture": "#1"},
				"up": {"uv": [5.75, 1.5, 6, 1.75], "texture": "#1"},
				"down": {"uv": [5.75, 1.5, 6, 1.75], "texture": "#1"}
			}
		},
		{
			"name": "hexadecagon",
			"from": [7.94518, 12.4602, 7.72441],
			"to": [8.05482, 13.11867, 8.27559],
			"rotation": {"angle": 0, "axis": "y", "origin": [8, 12.56354, 8]},
			"faces": {
				"north": {"uv": [5.75, 1.5, 6, 1.75], "texture": "#1"},
				"east": {"uv": [5.75, 1.5, 6, 1.75], "texture": "#1"},
				"south": {"uv": [5.75, 1.5, 6, 1.75], "texture": "#1"},
				"west": {"uv": [5.75, 1.5, 6, 1.75], "texture": "#1"},
				"up": {"uv": [5.75, 1.5, 6, 1.75], "texture": "#1"},
				"down": {"uv": [5.75, 1.5, 6, 1.75], "texture": "#1"}
			}
		},
		{
			"name": "hexadecagon",
			"from": [7.94518, 12.4602, 7.72441],
			"to": [8.05482, 13.11867, 8.27559],
			"rotation": {"angle": 22.5, "axis": "y", "origin": [8, 12.56354, 8]},
			"faces": {
				"north": {"uv": [5.75, 1.5, 6, 1.75], "texture": "#1"},
				"east": {"uv": [5.75, 1.5, 6, 1.75], "texture": "#1"},
				"south": {"uv": [5.75, 1.5, 6, 1.75], "texture": "#1"},
				"west": {"uv": [5.75, 1.5, 6, 1.75], "texture": "#1"},
				"up": {"uv": [5.75, 1.5, 6, 1.75], "texture": "#1"},
				"down": {"uv": [5.75, 1.5, 6, 1.75], "texture": "#1"}
			}
		},
		{
			"name": "hexadecagon",
			"from": [7.94518, 12.4602, 7.72441],
			"to": [8.05482, 13.11867, 8.27559],
			"rotation": {"angle": 45, "axis": "y", "origin": [8, 12.56354, 8]},
			"faces": {
				"north": {"uv": [5.75, 1.5, 6, 1.75], "texture": "#1"},
				"east": {"uv": [5.75, 1.5, 6, 1.75], "texture": "#1"},
				"south": {"uv": [5.75, 1.5, 6, 1.75], "texture": "#1"},
				"west": {"uv": [5.75, 1.5, 6, 1.75], "texture": "#1"},
				"up": {"uv": [5.75, 1.5, 6, 1.75], "texture": "#1"},
				"down": {"uv": [5.75, 1.5, 6, 1.75], "texture": "#1"}
			}
		},
		{
			"name": "hexadecagon",
			"from": [7.72441, 12.4602, 7.94518],
			"to": [8.27559, 13.11867, 8.05482],
			"rotation": {"angle": -22.5, "axis": "y", "origin": [8, 12.56354, 8]},
			"faces": {
				"north": {"uv": [5.75, 1.5, 6, 1.75], "texture": "#1"},
				"east": {"uv": [5.75, 1.5, 6, 1.75], "texture": "#1"},
				"south": {"uv": [5.75, 1.5, 6, 1.75], "texture": "#1"},
				"west": {"uv": [5.75, 1.5, 6, 1.75], "texture": "#1"},
				"up": {"uv": [5.75, 1.5, 6, 1.75], "texture": "#1"},
				"down": {"uv": [5.75, 1.5, 6, 1.75], "texture": "#1"}
			}
		},
		{
			"name": "hexadecagon",
			"from": [7.72441, 12.4602, 7.94518],
			"to": [8.27559, 13.11867, 8.05482],
			"rotation": {"angle": 0, "axis": "y", "origin": [8, 12.56354, 8]},
			"faces": {
				"north": {"uv": [5.75, 1.5, 6, 1.75], "texture": "#1"},
				"east": {"uv": [5.75, 1.5, 6, 1.75], "texture": "#1"},
				"south": {"uv": [5.75, 1.5, 6, 1.75], "texture": "#1"},
				"west": {"uv": [5.75, 1.5, 6, 1.75], "texture": "#1"},
				"up": {"uv": [5.75, 1.5, 6, 1.75], "texture": "#1"},
				"down": {"uv": [5.75, 1.5, 6, 1.75], "texture": "#1"}
			}
		},
		{
			"name": "hexadecagon",
			"from": [7.72441, 12.4602, 7.94518],
			"to": [8.27559, 13.11867, 8.05482],
			"rotation": {"angle": 22.5, "axis": "y", "origin": [8, 12.56354, 8]},
			"faces": {
				"north": {"uv": [5.75, 1.5, 6, 1.75], "texture": "#1"},
				"east": {"uv": [5.75, 1.5, 6, 1.75], "texture": "#1"},
				"south": {"uv": [5.75, 1.5, 6, 1.75], "texture": "#1"},
				"west": {"uv": [5.75, 1.5, 6, 1.75], "texture": "#1"},
				"up": {"uv": [5.75, 1.5, 6, 1.75], "texture": "#1"},
				"down": {"uv": [5.75, 1.5, 6, 1.75], "texture": "#1"}
			}
		},
		{
			"name": "hexadecagon",
			"from": [7.26674, 8.68114, 5.985],
			"to": [7.79191, 8.85114, 6.14],
			"rotation": {"angle": -22.5, "axis": "z", "origin": [7.54183, 8.74114, 7.745]},
			"faces": {
				"north": {"uv": [11.75, 8.5, 12.75, 9.5], "texture": "#2"},
				"east": {"uv": [11.75, 8.5, 12.75, 9.5], "texture": "#2"},
				"south": {"uv": [11.75, 8.5, 12.75, 9.5], "texture": "#2"},
				"west": {"uv": [11.75, 8.5, 12.75, 9.5], "texture": "#2"},
				"up": {"uv": [11.75, 8.5, 12.75, 9.5], "texture": "#2"},
				"down": {"uv": [11.75, 8.5, 12.75, 9.5], "texture": "#2"}
			}
		},
		{
			"name": "hexadecagon",
			"from": [6.86966, 8.38903, 5.985],
			"to": [7.39483, 8.55903, 6.14],
			"rotation": {"angle": 0, "axis": "y", "origin": [7.14475, 8.44903, 7.745]},
			"faces": {
				"north": {"uv": [11.75, 8.5, 12.75, 9.5], "texture": "#2"},
				"east": {"uv": [11.75, 8.5, 12.75, 9.5], "texture": "#2"},
				"south": {"uv": [11.75, 8.5, 12.75, 9.5], "texture": "#2"},
				"west": {"uv": [11.75, 8.5, 12.75, 9.5], "texture": "#2"},
				"up": {"uv": [11.75, 8.5, 12.75, 9.5], "texture": "#2"},
				"down": {"uv": [11.75, 8.5, 12.75, 9.5], "texture": "#2"}
			}
		},
		{
			"name": "hexadecagon",
			"from": [6.8046, 8.77803, 5.985],
			"to": [7.32978, 8.94803, 6.14],
			"rotation": {"angle": 0, "axis": "y", "origin": [7.07969, 8.83803, 7.745]},
			"faces": {
				"north": {"uv": [11.75, 8.5, 12.75, 9.5], "texture": "#2"},
				"east": {"uv": [11.75, 8.5, 12.75, 9.5], "texture": "#2"},
				"south": {"uv": [11.75, 8.5, 12.75, 9.5], "texture": "#2"},
				"west": {"uv": [11.75, 8.5, 12.75, 9.5], "texture": "#2"},
				"up": {"uv": [11.75, 8.5, 12.75, 9.5], "texture": "#2"},
				"down": {"uv": [11.75, 8.5, 12.75, 9.5], "texture": "#2"}
			}
		},
		{
			"name": "hexadecagon",
			"from": [6.34056, 8.6907, 5.985],
			"to": [6.86574, 8.8607, 6.14],
			"rotation": {"angle": 22.5, "axis": "z", "origin": [6.61565, 8.7507, 7.745]},
			"faces": {
				"north": {"uv": [11.75, 8.5, 12.75, 9.5], "texture": "#2"},
				"east": {"uv": [11.75, 8.5, 12.75, 9.5], "texture": "#2"},
				"south": {"uv": [11.75, 8.5, 12.75, 9.5], "texture": "#2"},
				"west": {"uv": [11.75, 8.5, 12.75, 9.5], "texture": "#2"},
				"up": {"uv": [11.75, 8.5, 12.75, 9.5], "texture": "#2"},
				"down": {"uv": [11.75, 8.5, 12.75, 9.5], "texture": "#2"}
			}
		},
		{
			"name": "hexadecagon",
			"from": [7.35093, 8.48973, 5.985],
			"to": [7.8761, 8.65973, 6.14],
			"rotation": {"angle": 22.5, "axis": "z", "origin": [7.62602, 8.54973, 7.745]},
			"faces": {
				"north": {"uv": [11.75, 8.5, 12.75, 9.5], "texture": "#2"},
				"east": {"uv": [11.75, 8.5, 12.75, 9.5], "texture": "#2"},
				"south": {"uv": [11.75, 8.5, 12.75, 9.5], "texture": "#2"},
				"west": {"uv": [11.75, 8.5, 12.75, 9.5], "texture": "#2"},
				"up": {"uv": [11.75, 8.5, 12.75, 9.5], "texture": "#2"},
				"down": {"uv": [11.75, 8.5, 12.75, 9.5], "texture": "#2"}
			}
		},
		{
			"name": "hexadecagon",
			"from": [6.397, 8.48304, 5.985],
			"to": [6.92218, 8.65304, 6.14],
			"rotation": {"angle": -22.5, "axis": "z", "origin": [6.65959, 8.56804, 6.0625]},
			"faces": {
				"north": {"uv": [11.75, 8.5, 12.75, 9.5], "texture": "#2"},
				"east": {"uv": [11.75, 8.5, 12.75, 9.5], "texture": "#2"},
				"south": {"uv": [11.75, 8.5, 12.75, 9.5], "texture": "#2"},
				"west": {"uv": [11.75, 8.5, 12.75, 9.5], "texture": "#2"},
				"up": {"uv": [11.75, 8.5, 12.75, 9.5], "texture": "#2"},
				"down": {"uv": [11.75, 8.5, 12.75, 9.5], "texture": "#2"}
			}
		},
		{
			"name": "hexadecagon",
			"from": [8.20809, 8.68114, 5.985],
			"to": [8.73326, 8.85114, 6.14],
			"rotation": {"angle": 22.5, "axis": "z", "origin": [8.45817, 8.74114, 7.745]},
			"faces": {
				"north": {"uv": [11.75, 8.5, 12.75, 9.5], "texture": "#2"},
				"east": {"uv": [11.75, 8.5, 12.75, 9.5], "texture": "#2"},
				"south": {"uv": [11.75, 8.5, 12.75, 9.5], "texture": "#2"},
				"west": {"uv": [11.75, 8.5, 12.75, 9.5], "texture": "#2"},
				"up": {"uv": [11.75, 8.5, 12.75, 9.5], "texture": "#2"},
				"down": {"uv": [11.75, 8.5, 12.75, 9.5], "texture": "#2"}
			}
		},
		{
			"name": "hexadecagon",
			"from": [8.60517, 8.38903, 5.985],
			"to": [9.13034, 8.55903, 6.14],
			"rotation": {"angle": 0, "axis": "y", "origin": [8.85525, 8.44903, 7.745]},
			"faces": {
				"north": {"uv": [11.75, 8.5, 12.75, 9.5], "texture": "#2"},
				"east": {"uv": [11.75, 8.5, 12.75, 9.5], "texture": "#2"},
				"south": {"uv": [11.75, 8.5, 12.75, 9.5], "texture": "#2"},
				"west": {"uv": [11.75, 8.5, 12.75, 9.5], "texture": "#2"},
				"up": {"uv": [11.75, 8.5, 12.75, 9.5], "texture": "#2"},
				"down": {"uv": [11.75, 8.5, 12.75, 9.5], "texture": "#2"}
			}
		},
		{
			"name": "hexadecagon",
			"from": [8.67022, 8.77803, 5.985],
			"to": [9.1954, 8.94803, 6.14],
			"rotation": {"angle": 0, "axis": "y", "origin": [8.92031, 8.83803, 7.745]},
			"faces": {
				"north": {"uv": [11.75, 8.5, 12.75, 9.5], "texture": "#2"},
				"east": {"uv": [11.75, 8.5, 12.75, 9.5], "texture": "#2"},
				"south": {"uv": [11.75, 8.5, 12.75, 9.5], "texture": "#2"},
				"west": {"uv": [11.75, 8.5, 12.75, 9.5], "texture": "#2"},
				"up": {"uv": [11.75, 8.5, 12.75, 9.5], "texture": "#2"},
				"down": {"uv": [11.75, 8.5, 12.75, 9.5], "texture": "#2"}
			}
		},
		{
			"name": "hexadecagon",
			"from": [9.13426, 8.6907, 5.985],
			"to": [9.65944, 8.8607, 6.14],
			"rotation": {"angle": -22.5, "axis": "z", "origin": [9.38435, 8.7507, 7.745]},
			"faces": {
				"north": {"uv": [11.75, 8.5, 12.75, 9.5], "texture": "#2"},
				"east": {"uv": [11.75, 8.5, 12.75, 9.5], "texture": "#2"},
				"south": {"uv": [11.75, 8.5, 12.75, 9.5], "texture": "#2"},
				"west": {"uv": [11.75, 8.5, 12.75, 9.5], "texture": "#2"},
				"up": {"uv": [11.75, 8.5, 12.75, 9.5], "texture": "#2"},
				"down": {"uv": [11.75, 8.5, 12.75, 9.5], "texture": "#2"}
			}
		},
		{
			"name": "hexadecagon",
			"from": [8.1239, 8.48973, 5.985],
			"to": [8.64907, 8.65973, 6.14],
			"rotation": {"angle": -22.5, "axis": "z", "origin": [8.37398, 8.54973, 7.745]},
			"faces": {
				"north": {"uv": [11.75, 8.5, 12.75, 9.5], "texture": "#2"},
				"east": {"uv": [11.75, 8.5, 12.75, 9.5], "texture": "#2"},
				"south": {"uv": [11.75, 8.5, 12.75, 9.5], "texture": "#2"},
				"west": {"uv": [11.75, 8.5, 12.75, 9.5], "texture": "#2"},
				"up": {"uv": [11.75, 8.5, 12.75, 9.5], "texture": "#2"},
				"down": {"uv": [11.75, 8.5, 12.75, 9.5], "texture": "#2"}
			}
		},
		{
			"name": "hexadecagon",
			"from": [9.07782, 8.48304, 5.985],
			"to": [9.603, 8.65304, 6.14],
			"rotation": {"angle": 22.5, "axis": "z", "origin": [9.34041, 8.56804, 6.0625]},
			"faces": {
				"north": {"uv": [11.75, 8.5, 12.75, 9.5], "texture": "#2"},
				"east": {"uv": [11.75, 8.5, 12.75, 9.5], "texture": "#2"},
				"south": {"uv": [11.75, 8.5, 12.75, 9.5], "texture": "#2"},
				"west": {"uv": [11.75, 8.5, 12.75, 9.5], "texture": "#2"},
				"up": {"uv": [11.75, 8.5, 12.75, 9.5], "texture": "#2"},
				"down": {"uv": [11.75, 8.5, 12.75, 9.5], "texture": "#2"}
			}
		},
		{
			"name": "hexadecagon",
			"from": [7.74991, 8.59, 5.985],
			"to": [8.25009, 8.76, 6.265],
			"rotation": {"angle": 0, "axis": "y", "origin": [8, 8.675, 7.745]},
			"faces": {
				"north": {"uv": [11.75, 8.5, 12.75, 9.5], "texture": "#2"},
				"east": {"uv": [11.75, 8.5, 12.75, 9.5], "texture": "#2"},
				"south": {"uv": [11.75, 8.5, 12.75, 9.5], "texture": "#2"},
				"west": {"uv": [11.75, 8.5, 12.75, 9.5], "texture": "#2"},
				"up": {"uv": [11.75, 8.5, 12.75, 9.5], "texture": "#2"},
				"down": {"uv": [11.75, 8.5, 12.75, 9.5], "texture": "#2"}
			}
		},
		{
			"name": "hexadecagon",
			"from": [7.64991, 8.565, 6.24],
			"to": [8.35009, 8.785, 6.57],
			"rotation": {"angle": -45, "axis": "y", "origin": [8, 8.675, 8]},
			"faces": {
				"north": {"uv": [11.75, 8.5, 12.75, 9.5], "texture": "#2"},
				"east": {"uv": [11.75, 8.5, 12.75, 9.5], "texture": "#2"},
				"south": {"uv": [11.75, 8.5, 12.75, 9.5], "texture": "#2"},
				"west": {"uv": [11.75, 8.5, 12.75, 9.5], "texture": "#2"},
				"up": {"uv": [11.75, 8.5, 12.75, 9.5], "texture": "#2"},
				"down": {"uv": [11.75, 8.5, 12.75, 9.5], "texture": "#2"}
			}
		},
		{
			"name": "hexadecagon",
			"from": [7.64991, 8.565, 6.24],
			"to": [8.35009, 8.785, 6.57],
			"rotation": {"angle": -22.5, "axis": "y", "origin": [8, 8.675, 8]},
			"faces": {
				"north": {"uv": [11.75, 8.5, 12.75, 9.5], "texture": "#2"},
				"east": {"uv": [11.75, 8.5, 12.75, 9.5], "texture": "#2"},
				"south": {"uv": [11.75, 8.5, 12.75, 9.5], "texture": "#2"},
				"west": {"uv": [11.75, 8.5, 12.75, 9.5], "texture": "#2"},
				"up": {"uv": [11.75, 8.5, 12.75, 9.5], "texture": "#2"},
				"down": {"uv": [11.75, 8.5, 12.75, 9.5], "texture": "#2"}
			}
		},
		{
			"name": "hexadecagon",
			"from": [7.64991, 8.565, 6.24],
			"to": [8.35009, 8.785, 6.57],
			"rotation": {"angle": 0, "axis": "y", "origin": [8, 8.675, 8]},
			"faces": {
				"north": {"uv": [11.75, 8.5, 12.75, 9.5], "texture": "#2"},
				"east": {"uv": [11.75, 8.5, 12.75, 9.5], "texture": "#2"},
				"south": {"uv": [11.75, 8.5, 12.75, 9.5], "texture": "#2"},
				"west": {"uv": [11.75, 8.5, 12.75, 9.5], "texture": "#2"},
				"up": {"uv": [11.75, 8.5, 12.75, 9.5], "texture": "#2"},
				"down": {"uv": [11.75, 8.5, 12.75, 9.5], "texture": "#2"}
			}
		},
		{
			"name": "hexadecagon",
			"from": [7.64991, 8.565, 6.24],
			"to": [8.35009, 8.785, 6.57],
			"rotation": {"angle": 22.5, "axis": "y", "origin": [8, 8.675, 8]},
			"faces": {
				"north": {"uv": [11.75, 8.5, 12.75, 9.5], "texture": "#2"},
				"east": {"uv": [11.75, 8.5, 12.75, 9.5], "texture": "#2"},
				"south": {"uv": [11.75, 8.5, 12.75, 9.5], "texture": "#2"},
				"west": {"uv": [11.75, 8.5, 12.75, 9.5], "texture": "#2"},
				"up": {"uv": [11.75, 8.5, 12.75, 9.5], "texture": "#2"},
				"down": {"uv": [11.75, 8.5, 12.75, 9.5], "texture": "#2"}
			}
		},
		{
			"name": "hexadecagon",
			"from": [7.64991, 8.565, 6.24],
			"to": [8.35009, 8.785, 6.57],
			"rotation": {"angle": 45, "axis": "y", "origin": [8, 8.675, 8]},
			"faces": {
				"north": {"uv": [11.75, 8.5, 12.75, 9.5], "texture": "#2"},
				"east": {"uv": [11.75, 8.5, 12.75, 9.5], "texture": "#2"},
				"south": {"uv": [11.75, 8.5, 12.75, 9.5], "texture": "#2"},
				"west": {"uv": [11.75, 8.5, 12.75, 9.5], "texture": "#2"},
				"up": {"uv": [11.75, 8.5, 12.75, 9.5], "texture": "#2"},
				"down": {"uv": [11.75, 8.5, 12.75, 9.5], "texture": "#2"}
			}
		},
		{
			"name": "hexadecagon",
			"from": [7.64991, 8.565, 9.43],
			"to": [8.35009, 8.785, 9.76],
			"rotation": {"angle": -45, "axis": "y", "origin": [8, 8.675, 8]},
			"faces": {
				"north": {"uv": [11.75, 8.5, 12.75, 9.5], "texture": "#2"},
				"east": {"uv": [11.75, 8.5, 12.75, 9.5], "texture": "#2"},
				"south": {"uv": [11.75, 8.5, 12.75, 9.5], "texture": "#2"},
				"west": {"uv": [11.75, 8.5, 12.75, 9.5], "texture": "#2"},
				"up": {"uv": [11.75, 8.5, 12.75, 9.5], "texture": "#2"},
				"down": {"uv": [11.75, 8.5, 12.75, 9.5], "texture": "#2"}
			}
		},
		{
			"name": "hexadecagon",
			"from": [7.64991, 8.565, 9.43],
			"to": [8.35009, 8.785, 9.76],
			"rotation": {"angle": -22.5, "axis": "y", "origin": [8, 8.675, 8]},
			"faces": {
				"north": {"uv": [11.75, 8.5, 12.75, 9.5], "texture": "#2"},
				"east": {"uv": [11.75, 8.5, 12.75, 9.5], "texture": "#2"},
				"south": {"uv": [11.75, 8.5, 12.75, 9.5], "texture": "#2"},
				"west": {"uv": [11.75, 8.5, 12.75, 9.5], "texture": "#2"},
				"up": {"uv": [11.75, 8.5, 12.75, 9.5], "texture": "#2"},
				"down": {"uv": [11.75, 8.5, 12.75, 9.5], "texture": "#2"}
			}
		},
		{
			"name": "hexadecagon",
			"from": [7.64991, 8.565, 9.43],
			"to": [8.35009, 8.785, 9.76],
			"rotation": {"angle": 0, "axis": "y", "origin": [8, 8.675, 8]},
			"faces": {
				"north": {"uv": [11.75, 8.5, 12.75, 9.5], "texture": "#2"},
				"east": {"uv": [11.75, 8.5, 12.75, 9.5], "texture": "#2"},
				"south": {"uv": [11.75, 8.5, 12.75, 9.5], "texture": "#2"},
				"west": {"uv": [11.75, 8.5, 12.75, 9.5], "texture": "#2"},
				"up": {"uv": [11.75, 8.5, 12.75, 9.5], "texture": "#2"},
				"down": {"uv": [11.75, 8.5, 12.75, 9.5], "texture": "#2"}
			}
		},
		{
			"name": "hexadecagon",
			"from": [7.64991, 8.565, 9.43],
			"to": [8.35009, 8.785, 9.76],
			"rotation": {"angle": 22.5, "axis": "y", "origin": [8, 8.675, 8]},
			"faces": {
				"north": {"uv": [11.75, 8.5, 12.75, 9.5], "texture": "#2"},
				"east": {"uv": [11.75, 8.5, 12.75, 9.5], "texture": "#2"},
				"south": {"uv": [11.75, 8.5, 12.75, 9.5], "texture": "#2"},
				"west": {"uv": [11.75, 8.5, 12.75, 9.5], "texture": "#2"},
				"up": {"uv": [11.75, 8.5, 12.75, 9.5], "texture": "#2"},
				"down": {"uv": [11.75, 8.5, 12.75, 9.5], "texture": "#2"}
			}
		},
		{
			"name": "hexadecagon",
			"from": [7.64991, 8.565, 9.43],
			"to": [8.35009, 8.785, 9.76],
			"rotation": {"angle": 45, "axis": "y", "origin": [8, 8.675, 8]},
			"faces": {
				"north": {"uv": [11.75, 8.5, 12.75, 9.5], "texture": "#2"},
				"east": {"uv": [11.75, 8.5, 12.75, 9.5], "texture": "#2"},
				"south": {"uv": [11.75, 8.5, 12.75, 9.5], "texture": "#2"},
				"west": {"uv": [11.75, 8.5, 12.75, 9.5], "texture": "#2"},
				"up": {"uv": [11.75, 8.5, 12.75, 9.5], "texture": "#2"},
				"down": {"uv": [11.75, 8.5, 12.75, 9.5], "texture": "#2"}
			}
		},
		{
			"name": "hexadecagon",
			"from": [6.24, 8.565, 7.64991],
			"to": [6.57, 8.785, 8.35009],
			"rotation": {"angle": -22.5, "axis": "y", "origin": [8, 8.675, 8]},
			"faces": {
				"north": {"uv": [11.75, 8.5, 12.75, 9.5], "texture": "#2"},
				"east": {"uv": [11.75, 8.5, 12.75, 9.5], "texture": "#2"},
				"south": {"uv": [11.75, 8.5, 12.75, 9.5], "texture": "#2"},
				"west": {"uv": [11.75, 8.5, 12.75, 9.5], "texture": "#2"},
				"up": {"uv": [11.75, 8.5, 12.75, 9.5], "texture": "#2"},
				"down": {"uv": [11.75, 8.5, 12.75, 9.5], "texture": "#2"}
			}
		},
		{
			"name": "hexadecagon",
			"from": [6.24, 8.565, 7.64991],
			"to": [6.57, 8.785, 8.35009],
			"rotation": {"angle": 0, "axis": "y", "origin": [8, 8.675, 8]},
			"faces": {
				"north": {"uv": [11.75, 8.5, 12.75, 9.5], "texture": "#2"},
				"east": {"uv": [11.75, 8.5, 12.75, 9.5], "texture": "#2"},
				"south": {"uv": [11.75, 8.5, 12.75, 9.5], "texture": "#2"},
				"west": {"uv": [11.75, 8.5, 12.75, 9.5], "texture": "#2"},
				"up": {"uv": [11.75, 8.5, 12.75, 9.5], "texture": "#2"},
				"down": {"uv": [11.75, 8.5, 12.75, 9.5], "texture": "#2"}
			}
		},
		{
			"name": "hexadecagon",
			"from": [6.24, 8.565, 7.64991],
			"to": [6.57, 8.785, 8.35009],
			"rotation": {"angle": 22.5, "axis": "y", "origin": [8, 8.675, 8]},
			"faces": {
				"north": {"uv": [11.75, 8.5, 12.75, 9.5], "texture": "#2"},
				"east": {"uv": [11.75, 8.5, 12.75, 9.5], "texture": "#2"},
				"south": {"uv": [11.75, 8.5, 12.75, 9.5], "texture": "#2"},
				"west": {"uv": [11.75, 8.5, 12.75, 9.5], "texture": "#2"},
				"up": {"uv": [11.75, 8.5, 12.75, 9.5], "texture": "#2"},
				"down": {"uv": [11.75, 8.5, 12.75, 9.5], "texture": "#2"}
			}
		},
		{
			"name": "hexadecagon",
			"from": [9.43, 8.565, 7.64991],
			"to": [9.76, 8.785, 8.35009],
			"rotation": {"angle": -22.5, "axis": "y", "origin": [8, 8.675, 8]},
			"faces": {
				"north": {"uv": [11.75, 8.5, 12.75, 9.5], "texture": "#2"},
				"east": {"uv": [11.75, 8.5, 12.75, 9.5], "texture": "#2"},
				"south": {"uv": [11.75, 8.5, 12.75, 9.5], "texture": "#2"},
				"west": {"uv": [11.75, 8.5, 12.75, 9.5], "texture": "#2"},
				"up": {"uv": [11.75, 8.5, 12.75, 9.5], "texture": "#2"},
				"down": {"uv": [11.75, 8.5, 12.75, 9.5], "texture": "#2"}
			}
		},
		{
			"name": "hexadecagon",
			"from": [9.43, 8.565, 7.64991],
			"to": [9.76, 8.785, 8.35009],
			"rotation": {"angle": 0, "axis": "y", "origin": [8, 8.675, 8]},
			"faces": {
				"north": {"uv": [11.75, 8.5, 12.75, 9.5], "texture": "#2"},
				"east": {"uv": [11.75, 8.5, 12.75, 9.5], "texture": "#2"},
				"south": {"uv": [11.75, 8.5, 12.75, 9.5], "texture": "#2"},
				"west": {"uv": [11.75, 8.5, 12.75, 9.5], "texture": "#2"},
				"up": {"uv": [11.75, 8.5, 12.75, 9.5], "texture": "#2"},
				"down": {"uv": [11.75, 8.5, 12.75, 9.5], "texture": "#2"}
			}
		},
		{
			"name": "hexadecagon",
			"from": [9.43, 8.565, 7.64991],
			"to": [9.76, 8.785, 8.35009],
			"rotation": {"angle": 22.5, "axis": "y", "origin": [8, 8.675, 8]},
			"faces": {
				"north": {"uv": [11.75, 8.5, 12.75, 9.5], "texture": "#2"},
				"east": {"uv": [11.75, 8.5, 12.75, 9.5], "texture": "#2"},
				"south": {"uv": [11.75, 8.5, 12.75, 9.5], "texture": "#2"},
				"west": {"uv": [11.75, 8.5, 12.75, 9.5], "texture": "#2"},
				"up": {"uv": [11.75, 8.5, 12.75, 9.5], "texture": "#2"},
				"down": {"uv": [11.75, 8.5, 12.75, 9.5], "texture": "#2"}
			}
		},
		{
			"name": "hexadecagon",
			"from": [7.40107, 11.71303, 7.375],
			"to": [8.32447, 12.63643, 7.39203],
			"rotation": {"angle": 22.5, "axis": "z", "origin": [7.86277, 12.17473, 7.53979]},
			"faces": {
				"north": {"uv": [0, 0.125, 16, 16], "texture": "#3"},
				"east": {"uv": [5.75, 1.5, 6, 1.75], "texture": "#3"},
				"south": {"uv": [5.75, 1.5, 6, 1.75], "texture": "#3"},
				"west": {"uv": [5.75, 1.5, 6, 1.75], "texture": "#3"},
				"up": {"uv": [5.75, 1.5, 6, 1.75], "texture": "#3"},
				"down": {"uv": [5.75, 1.5, 6, 1.75], "texture": "#3"}
			}
		},
		{
			"name": "hexadecagon",
			"from": [8.62607, 8.96303, 6.76878],
			"to": [9.54947, 9.88643, 6.78581],
			"rotation": {"angle": -22.5, "axis": "z", "origin": [9.08777, 9.42473, 6.9148]},
			"faces": {
				"north": {"uv": [0, 0.125, 16, 16], "texture": "#3"},
				"east": {"uv": [5.75, 1.5, 6, 1.75], "texture": "#3"},
				"south": {"uv": [5.75, 1.5, 6, 1.75], "texture": "#3"},
				"west": {"uv": [5.75, 1.5, 6, 1.75], "texture": "#3"},
				"up": {"uv": [5.75, 1.5, 6, 1.75], "texture": "#3"},
				"down": {"uv": [5.75, 1.5, 6, 1.75], "texture": "#3"}
			}
		},
		{
			"name": "hexadecagon",
			"from": [6.69349, 9.77242, 6.81971],
			"to": [7.13672, 10.21565, 6.82788],
			"rotation": {"angle": -45, "axis": "z", "origin": [6.91511, 9.99404, 6.8238]},
			"faces": {
				"north": {"uv": [6.3125, 6.5625, 10, 11.125], "rotation": 180, "texture": "#3"},
				"east": {"uv": [5.75, 1.5, 6, 1.75], "rotation": 180, "texture": "#3"},
				"south": {"uv": [5.75, 1.5, 6, 1.75], "rotation": 180, "texture": "#3"},
				"west": {"uv": [5.75, 1.5, 6, 1.75], "rotation": 180, "texture": "#3"},
				"up": {"uv": [5.75, 1.5, 6, 1.75], "rotation": 180, "texture": "#3"},
				"down": {"uv": [5.75, 1.5, 6, 1.75], "rotation": 180, "texture": "#3"}
			}
		},
		{
			"name": "hexadecagon",
			"from": [6.98305, 9.57895, 6.81971],
			"to": [7.42628, 10.02218, 6.82788],
			"rotation": {"angle": -22.5, "axis": "z", "origin": [7.20466, 9.80056, 6.8238]},
			"faces": {
				"north": {"uv": [6.3125, 6.5625, 10, 11.125], "rotation": 180, "texture": "#3"},
				"east": {"uv": [5.75, 1.5, 6, 1.75], "rotation": 180, "texture": "#3"},
				"south": {"uv": [5.75, 1.5, 6, 1.75], "rotation": 180, "texture": "#3"},
				"west": {"uv": [5.75, 1.5, 6, 1.75], "rotation": 180, "texture": "#3"},
				"up": {"uv": [5.75, 1.5, 6, 1.75], "rotation": 180, "texture": "#3"},
				"down": {"uv": [5.75, 1.5, 6, 1.75], "rotation": 180, "texture": "#3"}
			}
		},
		{
			"name": "hexadecagon",
			"from": [7.3246, 9.51101, 6.81971],
			"to": [7.76783, 9.95424, 6.82788],
			"rotation": {"angle": 0, "axis": "y", "origin": [7.54621, 9.73262, 6.8238]},
			"faces": {
				"north": {"uv": [6.3125, 6.5625, 10, 11.125], "rotation": 180, "texture": "#3"},
				"east": {"uv": [5.75, 1.5, 6, 1.75], "rotation": 180, "texture": "#3"},
				"south": {"uv": [5.75, 1.5, 6, 1.75], "rotation": 180, "texture": "#3"},
				"west": {"uv": [5.75, 1.5, 6, 1.75], "rotation": 180, "texture": "#3"},
				"up": {"uv": [5.75, 1.5, 6, 1.75], "rotation": 180, "texture": "#3"},
				"down": {"uv": [5.75, 1.5, 6, 1.75], "rotation": 180, "texture": "#3"}
			}
		},
		{
			"name": "hexadecagon",
			"from": [7.66615, 9.57895, 6.81971],
			"to": [8.10938, 10.02218, 6.82788],
			"rotation": {"angle": 22.5, "axis": "z", "origin": [7.88777, 9.80056, 6.8238]},
			"faces": {
				"north": {"uv": [6.3125, 6.5625, 10, 11.125], "rotation": 180, "texture": "#3"},
				"east": {"uv": [5.75, 1.5, 6, 1.75], "rotation": 180, "texture": "#3"},
				"south": {"uv": [5.75, 1.5, 6, 1.75], "rotation": 180, "texture": "#3"},
				"west": {"uv": [5.75, 1.5, 6, 1.75], "rotation": 180, "texture": "#3"},
				"up": {"uv": [5.75, 1.5, 6, 1.75], "rotation": 180, "texture": "#3"},
				"down": {"uv": [5.75, 1.5, 6, 1.75], "rotation": 180, "texture": "#3"}
			}
		},
		{
			"name": "hexadecagon",
			"from": [7.95571, 9.77242, 6.81971],
			"to": [8.39894, 10.21565, 6.82788],
			"rotation": {"angle": -45, "axis": "z", "origin": [8.17732, 9.99404, 6.8238]},
			"faces": {
				"north": {"uv": [6.3125, 6.5625, 10, 11.125], "rotation": 270, "texture": "#3"},
				"east": {"uv": [5.75, 1.5, 6, 1.75], "rotation": 90, "texture": "#3"},
				"south": {"uv": [5.75, 1.5, 6, 1.75], "rotation": 90, "texture": "#3"},
				"west": {"uv": [5.75, 1.5, 6, 1.75], "rotation": 90, "texture": "#3"},
				"up": {"uv": [5.75, 1.5, 6, 1.75], "rotation": 90, "texture": "#3"},
				"down": {"uv": [5.75, 1.5, 6, 1.75], "rotation": 90, "texture": "#3"}
			}
		},
		{
			"name": "hexadecagon",
			"from": [8.14918, 10.06198, 6.81971],
			"to": [8.59241, 10.50521, 6.82788],
			"rotation": {"angle": -22.5, "axis": "z", "origin": [8.3708, 10.28359, 6.8238]},
			"faces": {
				"north": {"uv": [6.3125, 6.5625, 10, 11.125], "rotation": 270, "texture": "#3"},
				"east": {"uv": [5.75, 1.5, 6, 1.75], "rotation": 90, "texture": "#3"},
				"south": {"uv": [5.75, 1.5, 6, 1.75], "rotation": 90, "texture": "#3"},
				"west": {"uv": [5.75, 1.5, 6, 1.75], "rotation": 90, "texture": "#3"},
				"up": {"uv": [5.75, 1.5, 6, 1.75], "rotation": 90, "texture": "#3"},
				"down": {"uv": [5.75, 1.5, 6, 1.75], "rotation": 90, "texture": "#3"}
			}
		},
		{
			"name": "hexadecagon",
			"from": [8.21712, 10.40353, 6.81971],
			"to": [8.66035, 10.84676, 6.82788],
			"rotation": {"angle": 0, "axis": "y", "origin": [8.43874, 10.62515, 6.8238]},
			"faces": {
				"north": {"uv": [6.3125, 6.5625, 10, 11.125], "rotation": 270, "texture": "#3"},
				"east": {"uv": [5.75, 1.5, 6, 1.75], "rotation": 90, "texture": "#3"},
				"south": {"uv": [5.75, 1.5, 6, 1.75], "rotation": 90, "texture": "#3"},
				"west": {"uv": [5.75, 1.5, 6, 1.75], "rotation": 90, "texture": "#3"},
				"up": {"uv": [5.75, 1.5, 6, 1.75], "rotation": 90, "texture": "#3"},
				"down": {"uv": [5.75, 1.5, 6, 1.75], "rotation": 90, "texture": "#3"}
			}
		},
		{
			"name": "hexadecagon",
			"from": [8.14918, 10.74508, 6.81971],
			"to": [8.59241, 11.18832, 6.82788],
			"rotation": {"angle": 22.5, "axis": "z", "origin": [8.3708, 10.9667, 6.8238]},
			"faces": {
				"north": {"uv": [6.3125, 6.5625, 10, 11.125], "rotation": 270, "texture": "#3"},
				"east": {"uv": [5.75, 1.5, 6, 1.75], "rotation": 90, "texture": "#3"},
				"south": {"uv": [5.75, 1.5, 6, 1.75], "rotation": 90, "texture": "#3"},
				"west": {"uv": [5.75, 1.5, 6, 1.75], "rotation": 90, "texture": "#3"},
				"up": {"uv": [5.75, 1.5, 6, 1.75], "rotation": 90, "texture": "#3"},
				"down": {"uv": [5.75, 1.5, 6, 1.75], "rotation": 90, "texture": "#3"}
			}
		},
		{
			"name": "hexadecagon",
			"from": [7.93916, 9.9291, 6.81971],
			"to": [8.11839, 10.46833, 6.82788],
			"rotation": {"angle": -22.5, "axis": "z", "origin": [8.06477, 10.15071, 6.8238]},
			"faces": {
				"north": {"uv": [6.3125, 6.5625, 9.625, 11.125], "rotation": 270, "texture": "#3"},
				"east": {"uv": [5.75, 1.5, 6, 1.75], "rotation": 90, "texture": "#3"},
				"south": {"uv": [5.75, 1.5, 6, 1.75], "rotation": 90, "texture": "#3"},
				"west": {"uv": [5.75, 1.5, 6, 1.75], "rotation": 90, "texture": "#3"},
				"up": {"uv": [5.75, 1.5, 6, 1.75], "rotation": 90, "texture": "#3"},
				"down": {"uv": [5.75, 1.5, 6, 1.75], "rotation": 90, "texture": "#3"}
			}
		},
		{
			"name": "hexadecagon",
			"from": [8.03353, 10.40353, 6.81971],
			"to": [8.22476, 10.91876, 6.82788],
			"rotation": {"angle": 0, "axis": "y", "origin": [8.15915, 10.62515, 6.8238]},
			"faces": {
				"north": {"uv": [6.3125, 6.5625, 9.625, 11.125], "rotation": 270, "texture": "#3"},
				"east": {"uv": [5.75, 1.5, 6, 1.75], "rotation": 90, "texture": "#3"},
				"south": {"uv": [5.75, 1.5, 6, 1.75], "rotation": 90, "texture": "#3"},
				"west": {"uv": [5.75, 1.5, 6, 1.75], "rotation": 90, "texture": "#3"},
				"up": {"uv": [5.75, 1.5, 6, 1.75], "rotation": 90, "texture": "#3"},
				"down": {"uv": [5.75, 1.5, 6, 1.75], "rotation": 90, "texture": "#3"}
			}
		},
		{
			"name": "hexadecagon",
			"from": [8.11735, 10.49132, 6.81971],
			"to": [8.38058, 10.93456, 6.82788],
			"rotation": {"angle": -22.5, "axis": "z", "origin": [8.24297, 10.71294, 6.8238]},
			"faces": {
				"north": {"uv": [6.3125, 6.5625, 9.625, 11.125], "rotation": 270, "texture": "#3"},
				"east": {"uv": [5.75, 1.5, 6, 1.75], "rotation": 90, "texture": "#3"},
				"south": {"uv": [5.75, 1.5, 6, 1.75], "rotation": 90, "texture": "#3"},
				"west": {"uv": [5.75, 1.5, 6, 1.75], "rotation": 90, "texture": "#3"},
				"up": {"uv": [5.75, 1.5, 6, 1.75], "rotation": 90, "texture": "#3"},
				"down": {"uv": [5.75, 1.5, 6, 1.75], "rotation": 90, "texture": "#3"}
			}
		},
		{
			"name": "hexadecagon",
			"from": [7.57175, 10.08827, 6.81971],
			"to": [8.23098, 10.3515, 6.82788],
			"rotation": {"angle": 45, "axis": "z", "origin": [7.88937, 10.22588, 6.8238]},
			"faces": {
				"north": {"uv": [6.3125, 6.5625, 10.1875, 11.125], "rotation": 180, "texture": "#3"},
				"east": {"uv": [5.75, 1.5, 6, 1.75], "rotation": 180, "texture": "#3"},
				"south": {"uv": [5.75, 1.5, 6, 1.75], "rotation": 180, "texture": "#3"},
				"west": {"uv": [5.75, 1.5, 6, 1.75], "rotation": 180, "texture": "#3"},
				"up": {"uv": [5.75, 1.5, 6, 1.75], "rotation": 180, "texture": "#3"},
				"down": {"uv": [5.75, 1.5, 6, 1.75], "rotation": 180, "texture": "#3"}
			}
		},
		{
			"name": "hexadecagon",
			"from": [7.08472, 9.93489, 6.81971],
			"to": [7.73196, 10.09012, 6.82788],
			"rotation": {"angle": 0, "axis": "y", "origin": [7.30634, 9.9645, 6.8238]},
			"faces": {
				"north": {"uv": [6.3125, 6.5625, 9.625, 11.125], "rotation": 180, "texture": "#3"},
				"east": {"uv": [5.75, 1.5, 6, 1.75], "rotation": 180, "texture": "#3"},
				"south": {"uv": [5.75, 1.5, 6, 1.75], "rotation": 180, "texture": "#3"},
				"west": {"uv": [5.75, 1.5, 6, 1.75], "rotation": 180, "texture": "#3"},
				"up": {"uv": [5.75, 1.5, 6, 1.75], "rotation": 180, "texture": "#3"},
				"down": {"uv": [5.75, 1.5, 6, 1.75], "rotation": 180, "texture": "#3"}
			}
		},
		{
			"name": "hexadecagon",
			"from": [7.66615, 11.22811, 6.81971],
			"to": [8.10938, 11.67135, 6.82788],
			"rotation": {"angle": -22.5, "axis": "z", "origin": [7.88777, 11.44973, 6.8898]},
			"faces": {
				"north": {"uv": [6.3125, 6.5625, 10, 11.125], "texture": "#3"},
				"east": {"uv": [5.75, 1.5, 6, 1.75], "texture": "#3"},
				"south": {"uv": [5.75, 1.5, 6, 1.75], "texture": "#3"},
				"west": {"uv": [5.75, 1.5, 6, 1.75], "texture": "#3"},
				"up": {"uv": [5.75, 1.5, 6, 1.75], "texture": "#3"},
				"down": {"uv": [5.75, 1.5, 6, 1.75], "texture": "#3"}
			}
		},
		{
			"name": "hexadecagon",
			"from": [7.95571, 11.03464, 6.81971],
			"to": [8.39894, 11.47787, 6.82788],
			"rotation": {"angle": -45, "axis": "z", "origin": [8.17732, 11.25625, 6.8238]},
			"faces": {
				"north": {"uv": [6.3125, 6.5625, 10, 11.125], "texture": "#3"},
				"east": {"uv": [5.75, 1.5, 6, 1.75], "texture": "#3"},
				"south": {"uv": [5.75, 1.5, 6, 1.75], "texture": "#3"},
				"west": {"uv": [5.75, 1.5, 6, 1.75], "texture": "#3"},
				"up": {"uv": [5.75, 1.5, 6, 1.75], "texture": "#3"},
				"down": {"uv": [5.75, 1.5, 6, 1.75], "texture": "#3"}
			}
		},
		{
			"name": "hexadecagon",
			"from": [7.93916, 10.87796, 6.81971],
			"to": [8.09439, 11.3212, 6.82788],
			"rotation": {"angle": 22.5, "axis": "z", "origin": [8.06477, 11.09958, 6.8238]},
			"faces": {
				"north": {"uv": [6.3125, 6.5625, 9.625, 11.125], "rotation": 270, "texture": "#3"},
				"east": {"uv": [5.75, 1.5, 6, 1.75], "rotation": 90, "texture": "#3"},
				"south": {"uv": [5.75, 1.5, 6, 1.75], "rotation": 90, "texture": "#3"},
				"west": {"uv": [5.75, 1.5, 6, 1.75], "rotation": 90, "texture": "#3"},
				"up": {"uv": [5.75, 1.5, 6, 1.75], "rotation": 90, "texture": "#3"},
				"down": {"uv": [5.75, 1.5, 6, 1.75], "rotation": 90, "texture": "#3"}
			}
		}
	],
	"display": {
		"firstperson_righthand": {
			"rotation": [0, -180, 0],
			"translation": [0, 2.75, 0]
		},
		"firstperson_lefthand": {
			"rotation": [0, -180, 0],
			"translation": [0, 2.75, 0]
		},
		"gui": {
			"rotation": [0, -180, 0]
		},
		"head": {
			"translation": [0, 6.75, -4.5],
			"scale": [1.26, 1.26, 1.26]
		}
	},
	"groups": [
		{
			"name": "group",
			"origin": [8, 8, 8],
			"children": [
				{
					"name": "hexadecagon",
					"origin": [8, 8, 8],
					"children": [0, 1, 2, 3, 4, 5, 6, 7]
				},
				{
					"name": "hexadecagon",
					"origin": [8, 8, 8],
					"children": [8, 9, 10, 11, 12, 13, 14, 15]
				}
			]
		},
		{
			"name": "group",
			"origin": [8, 8, 8],
			"children": [
				{
					"name": "hexadecagon",
					"origin": [8, 8, 8],
					"children": [16, 17, 18, 19, 20, 21, 22, 23]
				},
				{
					"name": "hexadecagon",
					"origin": [8, 8, 8],
					"children": [24, 25, 26, 27, 28, 29, 30, 31]
				},
				{
					"name": "hexadecagon",
					"origin": [8, 8, 8],
					"children": [32, 33, 34, 35, 36, 37, 38, 39]
				},
				{
					"name": "hexadecagon",
					"origin": [8, 8, 8],
					"children": [40, 41, 42, 43, 44, 45, 46, 47]
				},
				{
					"name": "hexadecagon",
					"origin": [8, 8, 8],
					"children": [48, 49, 50, 51, 52, 53, 54, 55]
				},
				{
					"name": "hexadecagon",
					"origin": [8, 8, 8],
					"children": [56, 57, 58, 59, 60, 61, 62, 63]
				},
				{
					"name": "hexadecagon",
					"origin": [8, 8, 8],
					"children": [64, 65, 66, 67, 68, 69, 70, 71]
				},
				{
					"name": "hexadecagon",
					"origin": [8, 8, 8],
					"children": [72, 73, 74, 75, 76, 77, 78, 79]
				},
				{
					"name": "hexadecagon",
					"origin": [8, 8, 8],
					"children": [80, 81, 82, 83, 84, 85, 86, 87]
				},
				{
					"name": "hexadecagon",
					"origin": [8, 8, 8],
					"children": [88, 89, 90, 91, 92, 93, 94, 95]
				}
			]
		},
		{
			"name": "group",
			"origin": [7.56096, 8.76233, 7.845],
			"children": [96, 97, 98, 99, 100, 101,
				{
					"name": "group",
					"origin": [7.56096, 8.76233, 7.845],
					"children": [102, 103, 104, 105, 106, 107, 108]
				},
				{
					"name": "hexadecagon",
					"origin": [8, 8, 8],
					"children": [109, 110, 111, 112, 113, 114, 115, 116, 117, 118, 119, 120, 121, 122, 123, 124]
				}
			]
		}, 125, 126,
		{
			"name": "group",
			"origin": [7.88777, 11.04973, 2.1148],
			"children": [127, 128, 129, 130, 131, 132, 133, 134, 135, 136, 137, 138, 139, 140, 141, 142]
		}
	]
}
