{
	"credit": "Made with Blockbench",
	"textures": {
		"0": "blocks/wool_colored_purple",
		"1": "blocks/sandstone_top",
		"2": "blocks/sand",
		"3": "blocks/wool_colored_black",
		"4": "blocks/wool_colored_magenta",
		"5": "blocks/wool_colored_pink",
		"6": "blocks/wool_colored_white",
		"particle": "blocks/wool_colored_purple"
	},
	"elements": [
		{
			"from": [11.97654, 4.49297, 7.49956],
			"to": [12.47654, 4.99297, 8.49956],
			"rotation": {"angle": -22.5, "axis": "z", "origin": [4.16959, 12.99297, 10.32048]},
			"faces": {
				"north": {"uv": [7.5, 4.749, 8.499, 5.249], "rotation": 90, "texture": "#1"},
				"east": {"uv": [7.5, 4.749, 8.499, 5.249], "rotation": 90, "texture": "#1"},
				"south": {"uv": [7.5, 4.749, 8.499, 5.249], "rotation": 90, "texture": "#1"},
				"west": {"uv": [7.5, 4.749, 8.499, 5.249], "rotation": 90, "texture": "#1"},
				"up": {"uv": [7.5, 4.749, 8.499, 5.249], "rotation": 90, "texture": "#1"},
				"down": {"uv": [7.5, 4.749, 8.499, 5.249], "rotation": 90, "texture": "#1"}
			}
		},
		{
			"from": [10.86059, 4.41265, 7.50135],
			"to": [11.36059, 4.91265, 8.50135],
			"rotation": {"angle": -22.5, "axis": "z", "origin": [3.05365, 12.91265, 10.32227]},
			"faces": {
				"north": {"uv": [7.5, 4.749, 8.499, 5.249], "rotation": 90, "texture": "#1"},
				"east": {"uv": [7.5, 4.749, 8.499, 5.249], "rotation": 90, "texture": "#1"},
				"south": {"uv": [7.5, 4.749, 8.499, 5.249], "rotation": 90, "texture": "#1"},
				"west": {"uv": [7.5, 4.749, 8.499, 5.249], "rotation": 90, "texture": "#1"},
				"up": {"uv": [7.5, 4.749, 8.499, 5.249], "rotation": 90, "texture": "#1"},
				"down": {"uv": [7.5, 4.749, 8.499, 5.249], "rotation": 90, "texture": "#1"}
			}
		},
		{
			"from": [13.41586, -0.27839, 7.50057],
			"to": [13.71586, 0.22161, 8.50057],
			"rotation": {"angle": -45, "axis": "z", "origin": [14.40892, 8.22161, 10.32149]},
			"faces": {
				"north": {"uv": [7.5, 4.749, 8.499, 5.249], "rotation": 90, "texture": "#1"},
				"east": {"uv": [7.5, 4.749, 8.499, 5.249], "rotation": 90, "texture": "#1"},
				"south": {"uv": [7.5, 4.749, 8.499, 5.249], "rotation": 90, "texture": "#1"},
				"west": {"uv": [7.5, 4.749, 8.499, 5.249], "rotation": 90, "texture": "#1"},
				"up": {"uv": [7.5, 4.749, 8.499, 5.249], "rotation": 90, "texture": "#1"},
				"down": {"uv": [7.5, 4.749, 8.499, 5.249], "rotation": 90, "texture": "#1"}
			}
		},
		{
			"from": [11.0355, 1.77822, 7.50056],
			"to": [11.5355, 2.27822, 8.50056],
			"rotation": {"angle": -22.5, "axis": "z", "origin": [12.02856, 10.27822, 10.32148]},
			"faces": {
				"north": {"uv": [7.5, 4.749, 8.499, 5.249], "rotation": 90, "texture": "#1"},
				"east": {"uv": [7.5, 4.749, 8.499, 5.249], "rotation": 90, "texture": "#1"},
				"south": {"uv": [7.5, 4.749, 8.499, 5.249], "rotation": 90, "texture": "#1"},
				"west": {"uv": [7.5, 4.749, 8.499, 5.249], "rotation": 90, "texture": "#1"},
				"up": {"uv": [7.5, 4.749, 8.499, 5.249], "rotation": 90, "texture": "#1"},
				"down": {"uv": [7.5, 4.749, 8.499, 5.249], "rotation": 90, "texture": "#1"}
			}
		},
		{
			"from": [7.01431, 2.07174, 7.5009],
			"to": [7.51431, 2.57174, 8.5009],
			"faces": {
				"north": {"uv": [7.5, 4.749, 8.499, 5.249], "rotation": 90, "texture": "#1"},
				"east": {"uv": [7.5, 4.749, 8.499, 5.249], "rotation": 90, "texture": "#1"},
				"south": {"uv": [7.5, 4.749, 8.499, 5.249], "rotation": 90, "texture": "#1"},
				"west": {"uv": [7.5, 4.749, 8.499, 5.249], "rotation": 90, "texture": "#1"},
				"up": {"uv": [7.5, 4.749, 8.499, 5.249], "rotation": 90, "texture": "#1"},
				"down": {"uv": [7.5, 4.749, 8.499, 5.249], "rotation": 90, "texture": "#1"}
			}
		},
		{
			"from": [7.11431, 2.07174, 7.3009],
			"to": [8.11431, 2.57174, 7.8009],
			"faces": {
				"north": {"uv": [7.5, 4.749, 8.499, 5.249], "texture": "#1"},
				"east": {"uv": [7.5, 4.749, 8.499, 5.249], "texture": "#1"},
				"south": {"uv": [7.5, 4.749, 8.499, 5.249], "texture": "#1"},
				"west": {"uv": [7.5, 4.749, 8.499, 5.249], "texture": "#1"},
				"up": {"uv": [7.5, 4.749, 8.499, 5.249], "texture": "#1"},
				"down": {"uv": [7.5, 4.749, 8.499, 5.249], "texture": "#1"}
			}
		},
		{
			"from": [11.78514, 4.03158, 7.49907],
			"to": [12.28514, 4.53158, 8.49907],
			"rotation": {"angle": -22.5, "axis": "z", "origin": [3.97819, 12.53158, 10.31999]},
			"faces": {
				"north": {"uv": [7.5, 4.749, 8.499, 5.249], "rotation": 90, "texture": "#1"},
				"east": {"uv": [7.5, 4.749, 8.499, 5.249], "rotation": 90, "texture": "#1"},
				"south": {"uv": [7.5, 4.749, 8.499, 5.249], "rotation": 90, "texture": "#1"},
				"west": {"uv": [7.5, 4.749, 8.499, 5.249], "rotation": 90, "texture": "#1"},
				"up": {"uv": [7.5, 4.749, 8.499, 5.249], "rotation": 90, "texture": "#1"},
				"down": {"uv": [7.5, 4.749, 8.499, 5.249], "rotation": 90, "texture": "#1"}
			}
		},
		{
			"from": [7.91431, 2.07174, 7.5009],
			"to": [8.41431, 2.57174, 8.5009],
			"faces": {
				"north": {"uv": [7.5, 4.749, 8.499, 5.249], "rotation": 90, "texture": "#1"},
				"east": {"uv": [7.5, 4.749, 8.499, 5.249], "rotation": 90, "texture": "#1"},
				"south": {"uv": [7.5, 4.749, 8.499, 5.249], "rotation": 90, "texture": "#1"},
				"west": {"uv": [7.5, 4.749, 8.499, 5.249], "rotation": 90, "texture": "#1"},
				"up": {"uv": [7.5, 4.749, 8.499, 5.249], "rotation": 90, "texture": "#1"},
				"down": {"uv": [7.5, 4.749, 8.499, 5.249], "rotation": 90, "texture": "#1"}
			}
		},
		{
			"from": [7.11431, 2.07174, 8.3009],
			"to": [8.11431, 2.57174, 8.8009],
			"faces": {
				"north": {"uv": [7.5, 4.749, 8.499, 5.249], "texture": "#1"},
				"east": {"uv": [7.5, 4.749, 8.499, 5.249], "texture": "#1"},
				"south": {"uv": [7.5, 4.749, 8.499, 5.249], "texture": "#1"},
				"west": {"uv": [7.5, 4.749, 8.499, 5.249], "texture": "#1"},
				"up": {"uv": [7.5, 4.749, 8.499, 5.249], "texture": "#1"},
				"down": {"uv": [7.5, 4.749, 8.499, 5.249], "texture": "#1"}
			}
		},
		{
			"from": [11.32286, 4.22211, 7.50021],
			"to": [11.82286, 4.72211, 8.50021],
			"rotation": {"angle": -22.5, "axis": "z", "origin": [3.51592, 12.72211, 10.32113]},
			"faces": {
				"north": {"uv": [7.5, 4.749, 8.499, 5.249], "rotation": 90, "texture": "#1"},
				"east": {"uv": [7.5, 4.749, 8.499, 5.249], "rotation": 90, "texture": "#1"},
				"south": {"uv": [7.5, 4.749, 8.499, 5.249], "rotation": 90, "texture": "#1"},
				"west": {"uv": [7.5, 4.749, 8.499, 5.249], "rotation": 90, "texture": "#1"},
				"up": {"uv": [7.5, 4.749, 8.499, 5.249], "rotation": 90, "texture": "#1"},
				"down": {"uv": [7.5, 4.749, 8.499, 5.249], "rotation": 90, "texture": "#1"}
			}
		},
		{
			"from": [12.16707, 4.95525, 7.50004],
			"to": [12.66707, 5.45525, 8.50004],
			"rotation": {"angle": -22.5, "axis": "z", "origin": [4.36013, 13.45525, 10.32096]},
			"faces": {
				"north": {"uv": [7.5, 4.749, 8.499, 5.249], "rotation": 90, "texture": "#1"},
				"east": {"uv": [7.5, 4.749, 8.499, 5.249], "rotation": 90, "texture": "#1"},
				"south": {"uv": [7.5, 4.749, 8.499, 5.249], "rotation": 90, "texture": "#1"},
				"west": {"uv": [7.5, 4.749, 8.499, 5.249], "rotation": 90, "texture": "#1"},
				"up": {"uv": [7.5, 4.749, 8.499, 5.249], "rotation": 90, "texture": "#1"},
				"down": {"uv": [7.5, 4.749, 8.499, 5.249], "rotation": 90, "texture": "#1"}
			}
		},
		{
			"from": [17.72529, 4, 7.8],
			"to": [18.22529, 4.5, 7.9],
			"rotation": {"angle": -45, "axis": "z", "origin": [10.42529, 12.25136, 15.99565]},
			"faces": {
				"north": {"uv": [0.3, 0, 0.8, 0.5], "texture": "#6"},
				"east": {"uv": [0.3, 0, 0.8, 0.5], "texture": "#6"},
				"south": {"uv": [0.3, 0, 0.8, 0.5], "texture": "#6"},
				"west": {"uv": [0.3, 0, 0.8, 0.5], "texture": "#6"},
				"up": {"uv": [0.3, 0, 0.8, 0.5], "texture": "#6"},
				"down": {"uv": [0.3, 0, 0.8, 0.5], "texture": "#6"}
			}
		},
		{
			"from": [16.72529, 4, 7.8],
			"to": [17.22529, 4.5, 7.9],
			"rotation": {"angle": -45, "axis": "z", "origin": [9.42529, 12.25136, 15.99565]},
			"faces": {
				"north": {"uv": [0.3, 0, 0.8, 0.5], "texture": "#6"},
				"east": {"uv": [0.3, 0, 0.8, 0.5], "texture": "#6"},
				"south": {"uv": [0.3, 0, 0.8, 0.5], "texture": "#6"},
				"west": {"uv": [0.3, 0, 0.8, 0.5], "texture": "#6"},
				"up": {"uv": [0.3, 0, 0.8, 0.5], "texture": "#6"},
				"down": {"uv": [0.3, 0, 0.8, 0.5], "texture": "#6"}
			}
		},
		{
			"from": [15.72529, 4, 7.8],
			"to": [16.22529, 4.5, 7.9],
			"rotation": {"angle": -45, "axis": "z", "origin": [8.42529, 12.25136, 15.99565]},
			"faces": {
				"north": {"uv": [0.3, 0, 0.8, 0.5], "texture": "#6"},
				"east": {"uv": [0.3, 0, 0.8, 0.5], "texture": "#6"},
				"south": {"uv": [0.3, 0, 0.8, 0.5], "texture": "#6"},
				"west": {"uv": [0.3, 0, 0.8, 0.5], "texture": "#6"},
				"up": {"uv": [0.3, 0, 0.8, 0.5], "texture": "#6"},
				"down": {"uv": [0.3, 0, 0.8, 0.5], "texture": "#6"}
			}
		},
		{
			"from": [14.72529, 4, 7.8],
			"to": [15.22529, 4.5, 7.9],
			"rotation": {"angle": -45, "axis": "z", "origin": [7.42529, 12.25136, 15.99565]},
			"faces": {
				"north": {"uv": [0.3, 0, 0.8, 0.5], "texture": "#6"},
				"east": {"uv": [0.3, 0, 0.8, 0.5], "texture": "#6"},
				"south": {"uv": [0.3, 0, 0.8, 0.5], "texture": "#6"},
				"west": {"uv": [0.3, 0, 0.8, 0.5], "texture": "#6"},
				"up": {"uv": [0.3, 0, 0.8, 0.5], "texture": "#6"},
				"down": {"uv": [0.3, 0, 0.8, 0.5], "texture": "#6"}
			}
		},
		{
			"from": [13.72529, 4, 7.8],
			"to": [14.22529, 4.5, 7.9],
			"rotation": {"angle": -45, "axis": "z", "origin": [6.42529, 12.25136, 15.99565]},
			"faces": {
				"north": {"uv": [0.3, 0, 0.8, 0.5], "texture": "#6"},
				"east": {"uv": [0.3, 0, 0.8, 0.5], "texture": "#6"},
				"south": {"uv": [0.3, 0, 0.8, 0.5], "texture": "#6"},
				"west": {"uv": [0.3, 0, 0.8, 0.5], "texture": "#6"},
				"up": {"uv": [0.3, 0, 0.8, 0.5], "texture": "#6"},
				"down": {"uv": [0.3, 0, 0.8, 0.5], "texture": "#6"}
			}
		},
		{
			"from": [5, 1, 7],
			"to": [11, 1.5, 7.8],
			"faces": {
				"north": {"uv": [6, 0, 12, 0.5], "texture": "#0"},
				"east": {"uv": [6, 0, 12, 0.5], "texture": "#0"},
				"south": {"uv": [6, 0, 12, 0.5], "texture": "#0"},
				"west": {"uv": [6, 0, 12, 0.5], "texture": "#0"},
				"up": {"uv": [6, 0, 12, 0.5], "texture": "#0"},
				"down": {"uv": [6, 0, 12, 0.5], "texture": "#0"}
			}
		},
		{
			"from": [7.29201, 1.38109, 7.69892],
			"to": [9.09201, 1.88109, 7.79892],
			"faces": {
				"north": {"uv": [0.3, 0, 2.1, 0.5], "texture": "#2"},
				"east": {"uv": [0.3, 0, 2.1, 0.5], "texture": "#2"},
				"south": {"uv": [0.3, 0, 2.1, 0.5], "texture": "#2"},
				"west": {"uv": [0.3, 0, 2.1, 0.5], "texture": "#2"},
				"up": {"uv": [0.3, 0, 2.1, 0.5], "texture": "#2"},
				"down": {"uv": [0.3, 0, 2.1, 0.5], "texture": "#2"}
			}
		},
		{
			"name": "hexadecagon",
			"from": [0.39644, -0.69468, 7.49915],
			"to": [1.19644, 1.30532, 7.69915],
			"rotation": {"angle": 45, "axis": "z", "origin": [1.09264, 2.80532, 7.69915]},
			"faces": {
				"north": {"uv": [0, 0, 1, 1], "texture": "#4"},
				"east": {"uv": [0, 0, 1, 1], "texture": "#3"},
				"south": {"uv": [0, 0, 14.999, 15.999], "texture": "#4"},
				"west": {"uv": [0, 0, 1, 1], "texture": "#4"},
				"up": {"uv": [0, 0, 1, 1], "texture": "#3"},
				"down": {"uv": [0, 0, 1, 1], "texture": "#4"}
			}
		},
		{
			"name": "hexadecagon",
			"from": [5.8126, 4.09216, 7.49835],
			"to": [6.4126, 5.59216, 7.69835],
			"rotation": {"angle": -22.5, "axis": "z", "origin": [6.50879, 7.59216, 7.69835]},
			"faces": {
				"north": {"uv": [0, 0, 1, 1], "texture": "#4"},
				"east": {"uv": [0, 0, 1, 1], "texture": "#3"},
				"south": {"uv": [0, 0, 15.999, 14.999], "texture": "#4"},
				"west": {"uv": [0, 0, 1, 1], "texture": "#4"},
				"up": {"uv": [0, 0, 1, 1], "texture": "#4"},
				"down": {"uv": [0, 0, 1, 1], "texture": "#4"}
			}
		},
		{
			"name": "hexadecagon",
			"from": [5.35495, 5.78166, 7.4975],
			"to": [5.65495, 6.78166, 7.6975],
			"faces": {
				"north": {"uv": [0, 0, 1, 1], "texture": "#4"},
				"east": {"uv": [0, 0, 1, 1], "texture": "#3"},
				"south": {"uv": [0, 0, 1, 1], "texture": "#4"},
				"west": {"uv": [0, 0, 1, 1], "texture": "#4"},
				"up": {"uv": [0, 0, 1, 1], "texture": "#3"},
				"down": {"uv": [0, 0, 1, 1], "texture": "#4"}
			}
		},
		{
			"name": "hexadecagon",
			"from": [1.36682, 5.30531, 7.49816],
			"to": [1.66682, 6.30531, 7.69816],
			"rotation": {"angle": 45, "axis": "z", "origin": [2.06302, 7.80531, 7.69816]},
			"faces": {
				"north": {"uv": [0, 0, 1, 1], "texture": "#4"},
				"east": {"uv": [0, 0, 1, 1], "texture": "#3"},
				"south": {"uv": [0, 0, 1, 1], "texture": "#4"},
				"west": {"uv": [0, 0, 1, 1], "texture": "#4"},
				"up": {"uv": [0, 0, 1, 1], "texture": "#3"},
				"down": {"uv": [0, 0, 1, 1], "texture": "#4"}
			}
		},
		{
			"name": "hexadecagon",
			"from": [1.43019, 3.0078, 7.50186],
			"to": [1.73019, 4.0078, 7.70186],
			"faces": {
				"north": {"uv": [0, 0, 1, 1], "texture": "#4"},
				"east": {"uv": [0, 0, 1, 1], "texture": "#3"},
				"south": {"uv": [0, 0, 1, 1], "texture": "#4"},
				"west": {"uv": [0, 0, 1, 1], "texture": "#4"},
				"up": {"uv": [0, 0, 1, 1], "texture": "#3"},
				"down": {"uv": [0, 0, 1, 1], "texture": "#4"}
			}
		},
		{
			"name": "hexadecagon",
			"from": [2.36922, 3.67996, 7.49828],
			"to": [2.96922, 5.67996, 7.69828],
			"rotation": {"angle": 22.5, "axis": "z", "origin": [3.06542, 7.17996, 7.69828]},
			"faces": {
				"north": {"uv": [0, 0, 1, 1], "texture": "#4"},
				"east": {"uv": [0, 0, 1, 1], "texture": "#3"},
				"south": {"uv": [0, 0, 14, 14], "texture": "#4"},
				"west": {"uv": [0, 0, 1, 1], "texture": "#4"},
				"up": {"uv": [0, 0, 1, 1], "texture": "#4"},
				"down": {"uv": [0, 0, 1, 1], "texture": "#4"}
			}
		},
		{
			"name": "hexadecagon",
			"from": [-0.82628, 2.83739, 7.50121],
			"to": [-0.52628, 3.83739, 7.70121],
			"rotation": {"angle": 45, "axis": "z", "origin": [-0.13009, 5.33739, 7.70121]},
			"faces": {
				"north": {"uv": [0, 0, 1, 1], "texture": "#4"},
				"east": {"uv": [0, 0, 1, 1], "texture": "#3"},
				"south": {"uv": [0, 0, 1, 1], "texture": "#4"},
				"west": {"uv": [0, 0, 1, 1], "texture": "#4"},
				"up": {"uv": [0, 0, 1, 1], "texture": "#3"},
				"down": {"uv": [0, 0, 1, 1], "texture": "#4"}
			}
		},
		{
			"name": "hexadecagon",
			"from": [3.09802, 0.13179, 7.4984],
			"to": [3.89802, 3.98179, 7.6984],
			"rotation": {"angle": 45, "axis": "z", "origin": [3.79421, 4.63179, 7.6984]},
			"faces": {
				"north": {"uv": [0, 0, 1, 1], "texture": "#3"},
				"east": {"uv": [0, 0, 1, 1], "texture": "#3"},
				"south": {"uv": [0, 0, 14, 14.999], "texture": "#4"},
				"west": {"uv": [0, 0, 1, 1], "texture": "#3"},
				"up": {"uv": [0, 0, 1, 1], "texture": "#3"},
				"down": {"uv": [0, 0, 1, 1], "texture": "#3"}
			}
		},
		{
			"name": "hexadecagon",
			"from": [0.26828, 1.25431, 7.49757],
			"to": [0.76828, 3.25431, 7.69757],
			"rotation": {"angle": 22.5, "axis": "z", "origin": [0.96447, 4.75431, 7.69757]},
			"faces": {
				"north": {"uv": [0, 0, 1, 1], "texture": "#4"},
				"east": {"uv": [0, 0, 1, 1], "texture": "#3"},
				"south": {"uv": [0, 0, 14, 15.999], "texture": "#4"},
				"west": {"uv": [0, 0, 1, 1], "texture": "#4"},
				"up": {"uv": [0, 0, 1, 1], "texture": "#4"},
				"down": {"uv": [0, 0, 1, 1], "texture": "#4"}
			}
		},
		{
			"name": "hexadecagon",
			"from": [0.16678, 1.05883, 7.50261],
			"to": [0.66678, 3.05883, 7.70261],
			"rotation": {"angle": 45, "axis": "z", "origin": [0.86297, 4.55883, 7.70261]},
			"faces": {
				"north": {"uv": [0, 0, 1, 1], "texture": "#4"},
				"east": {"uv": [0, 0, 1, 1], "texture": "#3"},
				"south": {"uv": [0, 0, 15.999, 15.999], "texture": "#4"},
				"west": {"uv": [0, 0, 1, 1], "texture": "#4"},
				"up": {"uv": [0, 0, 1, 1], "texture": "#3"},
				"down": {"uv": [0, 0, 1, 1], "texture": "#4"}
			}
		},
		{
			"name": "hexadecagon",
			"from": [4.2815, 1.85317, 7.49891],
			"to": [5.0815, 4.85317, 7.69891],
			"rotation": {"angle": 22.5, "axis": "z", "origin": [4.97769, 5.35317, 7.69891]},
			"faces": {
				"north": {"uv": [0, 0, 1, 1], "texture": "#missing"},
				"east": {"uv": [0, 0, 1, 1], "texture": "#3"},
				"south": {"uv": [0, 0, 14.999, 12.999], "texture": "#4"},
				"west": {"uv": [0, 0, 1, 1], "texture": "#4"},
				"up": {"uv": [0, 0, 1, 1], "texture": "#missing"},
				"down": {"uv": [0, 0, 1, 1], "texture": "#missing"}
			}
		},
		{
			"name": "hexadecagon",
			"from": [2.84555, 1.59342, 7.50087],
			"to": [5.84555, 2.39342, 7.70087],
			"faces": {
				"north": {"uv": [0, 0, 1, 1], "rotation": 270, "texture": "#4"},
				"east": {"uv": [0, 0, 1, 1], "rotation": 270, "texture": "#4"},
				"south": {"uv": [0, 0, 15.999, 10.999], "rotation": 270, "texture": "#4"},
				"west": {"uv": [0, 0, 1, 1], "rotation": 270, "texture": "#4"},
				"up": {"uv": [0, 0, 1, 1], "rotation": 270, "texture": "#3"},
				"down": {"uv": [0, 0, 1, 1], "rotation": 270, "texture": "#4"}
			}
		},
		{
			"name": "hexadecagon",
			"from": [2.84555, -0.40658, 7.50087],
			"to": [5.84555, 0.39342, 7.70087],
			"rotation": {"angle": 22.5, "axis": "z", "origin": [2.34555, 0.28962, 7.70087]},
			"faces": {
				"north": {"uv": [0, 0, 1, 1], "rotation": 270, "texture": "#4"},
				"east": {"uv": [0, 0, 1, 1], "rotation": 270, "texture": "#4"},
				"south": {"uv": [0, 0, 15.999, 15.999], "rotation": 270, "texture": "#4"},
				"west": {"uv": [0, 0, 1, 1], "rotation": 270, "texture": "#4"},
				"up": {"uv": [0, 0, 1, 1], "rotation": 270, "texture": "#3"},
				"down": {"uv": [0, 0, 1, 1], "rotation": 270, "texture": "#3"}
			}
		},
		{
			"from": [1, 2.8, 7.7],
			"to": [1.3, 3.1, 7.8],
			"faces": {
				"north": {"uv": [0, 0, 0.3, 0.3], "texture": "#5"},
				"east": {"uv": [0, 0, 0.3, 0.3], "texture": "#5"},
				"south": {"uv": [0, 0, 0.3, 0.3], "texture": "#5"},
				"west": {"uv": [0, 0, 0.3, 0.3], "texture": "#5"},
				"up": {"uv": [0, 0, 0.3, 0.3], "texture": "#5"},
				"down": {"uv": [0, 0, 0.3, 0.3], "texture": "#5"}
			}
		},
		{
			"from": [1.4, 1.8, 7.7],
			"to": [1.7, 2.1, 7.8],
			"faces": {
				"north": {"uv": [0, 0, 0.3, 0.3], "texture": "#5"},
				"east": {"uv": [0, 0, 0.3, 0.3], "texture": "#5"},
				"south": {"uv": [0, 0, 0.3, 0.3], "texture": "#5"},
				"west": {"uv": [0, 0, 0.3, 0.3], "texture": "#5"},
				"up": {"uv": [0, 0, 0.3, 0.3], "texture": "#5"},
				"down": {"uv": [0, 0, 0.3, 0.3], "texture": "#5"}
			}
		},
		{
			"from": [-1.6, 3.3, 7.7],
			"to": [-1.3, 3.6, 7.8],
			"rotation": {"angle": 22.5, "axis": "z", "origin": [6, 11, 16]},
			"faces": {
				"north": {"uv": [0, 0, 0.3, 0.3], "texture": "#5"},
				"east": {"uv": [0, 0, 0.3, 0.3], "texture": "#5"},
				"south": {"uv": [0, 0, 0.3, 0.3], "texture": "#5"},
				"west": {"uv": [0, 0, 0.3, 0.3], "texture": "#5"},
				"up": {"uv": [0, 0, 0.3, 0.3], "texture": "#5"},
				"down": {"uv": [0, 0, 0.3, 0.3], "texture": "#5"}
			}
		},
		{
			"from": [-4.6, 3.3, 7.7],
			"to": [-4.3, 3.6, 7.8],
			"rotation": {"angle": 45, "axis": "z", "origin": [3, 11, 16]},
			"faces": {
				"north": {"uv": [0, 0, 0.3, 0.3], "texture": "#5"},
				"east": {"uv": [0, 0, 0.3, 0.3], "texture": "#5"},
				"south": {"uv": [0, 0, 0.3, 0.3], "texture": "#5"},
				"west": {"uv": [0, 0, 0.3, 0.3], "texture": "#5"},
				"up": {"uv": [0, 0, 0.3, 0.3], "texture": "#5"},
				"down": {"uv": [0, 0, 0.3, 0.3], "texture": "#5"}
			}
		},
		{
			"from": [-3.6, 3.6, 7.7],
			"to": [-3.3, 3.9, 7.8],
			"rotation": {"angle": 45, "axis": "z", "origin": [4, 12, 16]},
			"faces": {
				"north": {"uv": [0, 0, 0.3, 0.3], "texture": "#5"},
				"east": {"uv": [0, 0, 0.3, 0.3], "texture": "#5"},
				"south": {"uv": [0, 0, 0.3, 0.3], "texture": "#5"},
				"west": {"uv": [0, 0, 0.3, 0.3], "texture": "#5"},
				"up": {"uv": [0, 0, 0.3, 0.3], "texture": "#5"},
				"down": {"uv": [0, 0, 0.3, 0.3], "texture": "#5"}
			}
		},
		{
			"from": [-2.6, 4.6, 7.7],
			"to": [-2.3, 4.9, 7.8],
			"rotation": {"angle": 45, "axis": "z", "origin": [5, 13, 16]},
			"faces": {
				"north": {"uv": [0, 0, 0.3, 0.3], "texture": "#5"},
				"east": {"uv": [0, 0, 0.3, 0.3], "texture": "#5"},
				"south": {"uv": [0, 0, 0.3, 0.3], "texture": "#5"},
				"west": {"uv": [0, 0, 0.3, 0.3], "texture": "#5"},
				"up": {"uv": [0, 0, 0.3, 0.3], "texture": "#5"},
				"down": {"uv": [0, 0, 0.3, 0.3], "texture": "#5"}
			}
		},
		{
			"from": [-3.8, 5.9, 7.7],
			"to": [-3.5, 6.2, 7.8],
			"rotation": {"angle": 45, "axis": "z", "origin": [3, 14, 16]},
			"faces": {
				"north": {"uv": [0, 0, 0.3, 0.3], "texture": "#5"},
				"east": {"uv": [0, 0, 0.3, 0.3], "texture": "#5"},
				"south": {"uv": [0, 0, 0.3, 0.3], "texture": "#5"},
				"west": {"uv": [0, 0, 0.3, 0.3], "texture": "#5"},
				"up": {"uv": [0, 0, 0.3, 0.3], "texture": "#5"},
				"down": {"uv": [0, 0, 0.3, 0.3], "texture": "#5"}
			}
		},
		{
			"from": [-3.4, 5.6, 7.7],
			"to": [-3.1, 5.9, 7.8],
			"rotation": {"angle": 45, "axis": "z", "origin": [4, 14, 16]},
			"faces": {
				"north": {"uv": [0, 0, 0.3, 0.3], "texture": "#5"},
				"east": {"uv": [0, 0, 0.3, 0.3], "texture": "#5"},
				"south": {"uv": [0, 0, 0.3, 0.3], "texture": "#5"},
				"west": {"uv": [0, 0, 0.3, 0.3], "texture": "#5"},
				"up": {"uv": [0, 0, 0.3, 0.3], "texture": "#5"},
				"down": {"uv": [0, 0, 0.3, 0.3], "texture": "#5"}
			}
		},
		{
			"from": [-2.9, 6.6, 7.7],
			"to": [-2.6, 6.9, 7.8],
			"rotation": {"angle": 45, "axis": "z", "origin": [4, 15, 16]},
			"faces": {
				"north": {"uv": [0, 0, 0.3, 0.3], "texture": "#5"},
				"east": {"uv": [0, 0, 0.3, 0.3], "texture": "#5"},
				"south": {"uv": [0, 0, 0.3, 0.3], "texture": "#5"},
				"west": {"uv": [0, 0, 0.3, 0.3], "texture": "#5"},
				"up": {"uv": [0, 0, 0.3, 0.3], "texture": "#5"},
				"down": {"uv": [0, 0, 0.3, 0.3], "texture": "#5"}
			}
		},
		{
			"from": [-4.6, 4.6, 7.7],
			"to": [-4.3, 4.9, 7.8],
			"rotation": {"angle": 45, "axis": "z", "origin": [3, 13, 16]},
			"faces": {
				"north": {"uv": [0, 0, 0.3, 0.3], "texture": "#5"},
				"east": {"uv": [0, 0, 0.3, 0.3], "texture": "#5"},
				"south": {"uv": [0, 0, 0.3, 0.3], "texture": "#5"},
				"west": {"uv": [0, 0, 0.3, 0.3], "texture": "#5"},
				"up": {"uv": [0, 0, 0.3, 0.3], "texture": "#5"},
				"down": {"uv": [0, 0, 0.3, 0.3], "texture": "#5"}
			}
		},
		{
			"from": [-3.6, 4.6, 7.7],
			"to": [-3.3, 4.9, 7.8],
			"rotation": {"angle": 45, "axis": "z", "origin": [4, 13, 16]},
			"faces": {
				"north": {"uv": [0, 0, 0.3, 0.3], "texture": "#5"},
				"east": {"uv": [0, 0, 0.3, 0.3], "texture": "#5"},
				"south": {"uv": [0, 0, 0.3, 0.3], "texture": "#5"},
				"west": {"uv": [0, 0, 0.3, 0.3], "texture": "#5"},
				"up": {"uv": [0, 0, 0.3, 0.3], "texture": "#5"},
				"down": {"uv": [0, 0, 0.3, 0.3], "texture": "#5"}
			}
		},
		{
			"from": [-4.6, 7.8, 7.7],
			"to": [-4.4, 8, 7.8],
			"rotation": {"angle": 45, "axis": "z", "origin": [3, 16, 16]},
			"faces": {
				"north": {"uv": [0, 0, 0.2, 0.2], "texture": "#5"},
				"east": {"uv": [0, 0, 0.2, 0.2], "texture": "#5"},
				"south": {"uv": [0, 0, 0.2, 0.2], "texture": "#5"},
				"west": {"uv": [0, 0, 0.2, 0.2], "texture": "#5"},
				"up": {"uv": [0, 0, 0.2, 0.2], "texture": "#5"},
				"down": {"uv": [0, 0, 0.2, 0.2], "texture": "#5"}
			}
		},
		{
			"from": [-2.5, 7.8, 7.7],
			"to": [-2.3, 8, 7.8],
			"rotation": {"angle": 45, "axis": "z", "origin": [4, 16, 16]},
			"faces": {
				"north": {"uv": [0, 0, 0.2, 0.2], "texture": "#5"},
				"east": {"uv": [0, 0, 0.2, 0.2], "texture": "#5"},
				"south": {"uv": [0, 0, 0.2, 0.2], "texture": "#5"},
				"west": {"uv": [0, 0, 0.2, 0.2], "texture": "#5"},
				"up": {"uv": [0, 0, 0.2, 0.2], "texture": "#5"},
				"down": {"uv": [0, 0, 0.2, 0.2], "texture": "#5"}
			}
		},
		{
			"from": [-6, 5.8, 7.7],
			"to": [-5.8, 6, 7.8],
			"rotation": {"angle": 45, "axis": "z", "origin": [2, 14, 16]},
			"faces": {
				"north": {"uv": [0, 0, 0.2, 0.2], "texture": "#5"},
				"east": {"uv": [0, 0, 0.2, 0.2], "texture": "#5"},
				"south": {"uv": [0, 0, 0.2, 0.2], "texture": "#5"},
				"west": {"uv": [0, 0, 0.2, 0.2], "texture": "#5"},
				"up": {"uv": [0, 0, 0.2, 0.2], "texture": "#5"},
				"down": {"uv": [0, 0, 0.2, 0.2], "texture": "#5"}
			}
		},
		{
			"name": "hexadecagon",
			"from": [2.60814, 0.50001, 7.09947],
			"to": [4.00052, 7.50001, 7.49947],
			"rotation": {"angle": -45, "axis": "z", "origin": [3.30433, 4.00001, 7.29947]},
			"faces": {
				"north": {"uv": [10, 14, 10.996, 14.997], "texture": "#3"},
				"east": {"uv": [10, 14, 10.996, 14.997], "texture": "#0"},
				"south": {"uv": [10, 14, 10.996, 14.997], "texture": "#0"},
				"west": {"uv": [10, 14, 10.996, 14.997], "texture": "#0"},
				"up": {"uv": [10, 14, 10.996, 14.997], "texture": "#3"},
				"down": {"uv": [10, 14, 10.996, 14.997], "texture": "#3"}
			}
		},
		{
			"name": "hexadecagon",
			"from": [2.60814, 0.50001, 7.09947],
			"to": [4.00052, 7.50001, 7.49947],
			"rotation": {"angle": -22.5, "axis": "z", "origin": [3.30433, 4.00001, 7.29947]},
			"faces": {
				"north": {"uv": [10, 14, 10.996, 14.997], "texture": "#3"},
				"east": {"uv": [10, 14, 10.996, 14.997], "texture": "#0"},
				"south": {"uv": [10, 14, 10.996, 14.997], "texture": "#0"},
				"west": {"uv": [10, 14, 10.996, 14.997], "texture": "#0"},
				"up": {"uv": [10, 14, 10.996, 14.997], "texture": "#3"},
				"down": {"uv": [10, 14, 10.996, 14.997], "texture": "#3"}
			}
		},
		{
			"name": "hexadecagon",
			"from": [2.60814, 0.50001, 7.09947],
			"to": [4.00052, 7.50001, 7.49947],
			"faces": {
				"north": {"uv": [10, 14, 10.996, 14.997], "texture": "#3"},
				"east": {"uv": [10, 14, 10.996, 14.997], "texture": "#0"},
				"south": {"uv": [10, 14, 10.996, 14.997], "texture": "#0"},
				"west": {"uv": [10, 14, 10.996, 14.997], "texture": "#0"},
				"up": {"uv": [10, 14, 10.996, 14.997], "texture": "#3"},
				"down": {"uv": [10, 14, 10.996, 14.997], "texture": "#3"}
			}
		},
		{
			"name": "hexadecagon",
			"from": [2.60814, 0.50001, 7.09947],
			"to": [4.00052, 7.50001, 7.49947],
			"rotation": {"angle": 22.5, "axis": "z", "origin": [3.30433, 4.00001, 7.29947]},
			"faces": {
				"north": {"uv": [10, 14, 10.996, 14.997], "texture": "#3"},
				"east": {"uv": [10, 14, 10.996, 14.997], "texture": "#0"},
				"south": {"uv": [10, 14, 10.996, 14.997], "texture": "#0"},
				"west": {"uv": [10, 14, 10.996, 14.997], "texture": "#0"},
				"up": {"uv": [10, 14, 10.996, 14.997], "texture": "#3"},
				"down": {"uv": [10, 14, 10.996, 14.997], "texture": "#3"}
			}
		},
		{
			"name": "hexadecagon",
			"from": [2.60814, 0.50001, 7.09947],
			"to": [4.00052, 7.50001, 7.49947],
			"rotation": {"angle": 45, "axis": "z", "origin": [3.30433, 4.00001, 7.29947]},
			"faces": {
				"north": {"uv": [10, 14, 10.996, 14.997], "texture": "#3"},
				"east": {"uv": [10, 14, 10.996, 14.997], "texture": "#0"},
				"south": {"uv": [10, 14, 10.996, 14.997], "texture": "#0"},
				"west": {"uv": [10, 14, 10.996, 14.997], "texture": "#0"},
				"up": {"uv": [10, 14, 10.996, 14.997], "texture": "#3"},
				"down": {"uv": [10, 14, 10.996, 14.997], "texture": "#3"}
			}
		},
		{
			"name": "hexadecagon",
			"from": [-0.19567, 3.30381, 7.09947],
			"to": [6.80433, 4.6962, 7.49947],
			"rotation": {"angle": -22.5, "axis": "z", "origin": [3.30433, 4.00001, 7.29947]},
			"faces": {
				"north": {"uv": [10, 14, 10.996, 14.997], "texture": "#3"},
				"east": {"uv": [10, 14, 10.996, 14.997], "texture": "#3"},
				"south": {"uv": [10, 14, 10.996, 14.997], "texture": "#0"},
				"west": {"uv": [10, 14, 10.996, 14.997], "texture": "#3"},
				"up": {"uv": [10, 14, 10.996, 14.997], "texture": "#0"},
				"down": {"uv": [10, 14, 10.996, 14.997], "texture": "#0"}
			}
		},
		{
			"name": "hexadecagon",
			"from": [-0.19567, 3.30381, 7.09947],
			"to": [6.80433, 4.6962, 7.49947],
			"faces": {
				"north": {"uv": [10, 14, 10.996, 14.997], "texture": "#3"},
				"east": {"uv": [10, 14, 10.996, 14.997], "texture": "#3"},
				"south": {"uv": [10, 14, 10.996, 14.997], "texture": "#0"},
				"west": {"uv": [10, 14, 10.996, 14.997], "texture": "#3"},
				"up": {"uv": [10, 14, 10.996, 14.997], "texture": "#0"},
				"down": {"uv": [10, 14, 10.996, 14.997], "texture": "#0"}
			}
		},
		{
			"name": "hexadecagon",
			"from": [-0.19567, 3.30381, 7.09947],
			"to": [6.80433, 4.6962, 7.49947],
			"rotation": {"angle": 22.5, "axis": "z", "origin": [3.30433, 4.00001, 7.29947]},
			"faces": {
				"north": {"uv": [10, 14, 10.996, 14.997], "texture": "#3"},
				"east": {"uv": [10, 14, 10.996, 14.997], "texture": "#3"},
				"south": {"uv": [10, 14, 10.996, 14.997], "texture": "#0"},
				"west": {"uv": [10, 14, 10.996, 14.997], "texture": "#3"},
				"up": {"uv": [10, 14, 10.996, 14.997], "texture": "#0"},
				"down": {"uv": [10, 14, 10.996, 14.997], "texture": "#0"}
			}
		},
		{
			"from": [8.4, 0.99898, 6.99977],
			"to": [10.4, 1.49898, 7.49977],
			"faces": {
				"north": {"uv": [10, 14, 10.996, 14.997], "texture": "#3"},
				"east": {"uv": [10, 14, 10.996, 14.997], "texture": "#3"},
				"south": {"uv": [10, 14, 10.996, 14.997], "texture": "#3"},
				"west": {"uv": [10, 14, 10.996, 14.997], "texture": "#3"},
				"up": {"uv": [10, 14, 10.996, 14.997], "texture": "#3"},
				"down": {"uv": [10, 14, 10.996, 14.997], "texture": "#3"}
			}
		},
		{
			"name": "hexadecagon",
			"from": [14.80356, -0.69468, 7.49915],
			"to": [15.60356, 1.30532, 7.69915],
			"rotation": {"angle": -45, "axis": "z", "origin": [14.90736, 2.80532, 7.69915]},
			"faces": {
				"north": {"uv": [1, 0, 0, 1], "texture": "#4"},
				"east": {"uv": [1, 0, 0, 1], "texture": "#3"},
				"south": {"uv": [14.999, 0, 0, 15.999], "texture": "#4"},
				"west": {"uv": [1, 0, 0, 1], "texture": "#3"},
				"up": {"uv": [1, 0, 0, 1], "texture": "#3"},
				"down": {"uv": [1, 0, 0, 1], "texture": "#4"}
			}
		},
		{
			"name": "hexadecagon",
			"from": [9.5874, 4.09216, 7.49835],
			"to": [10.1874, 5.59216, 7.69835],
			"rotation": {"angle": 22.5, "axis": "z", "origin": [9.49121, 7.59216, 7.69835]},
			"faces": {
				"north": {"uv": [1, 0, 0, 1], "texture": "#4"},
				"east": {"uv": [1, 0, 0, 1], "texture": "#4"},
				"south": {"uv": [15.999, 0, 0, 14.999], "texture": "#4"},
				"west": {"uv": [1, 0, 0, 1], "texture": "#3"},
				"up": {"uv": [1, 0, 0, 1], "texture": "#4"},
				"down": {"uv": [1, 0, 0, 1], "texture": "#4"}
			}
		},
		{
			"name": "hexadecagon",
			"from": [10.34505, 5.78166, 7.4975],
			"to": [10.64505, 6.78166, 7.6975],
			"faces": {
				"north": {"uv": [1, 0, 0, 1], "texture": "#4"},
				"east": {"uv": [1, 0, 0, 1], "texture": "#4"},
				"south": {"uv": [1, 0, 0, 1], "texture": "#4"},
				"west": {"uv": [1, 0, 0, 1], "texture": "#3"},
				"up": {"uv": [1, 0, 0, 1], "texture": "#3"},
				"down": {"uv": [1, 0, 0, 1], "texture": "#4"}
			}
		},
		{
			"name": "hexadecagon",
			"from": [14.33318, 5.30531, 7.49816],
			"to": [14.63318, 6.30531, 7.69816],
			"rotation": {"angle": -45, "axis": "z", "origin": [13.93698, 7.80531, 7.69816]},
			"faces": {
				"north": {"uv": [1, 0, 0, 1], "texture": "#4"},
				"east": {"uv": [1, 0, 0, 1], "texture": "#4"},
				"south": {"uv": [1, 0, 0, 1], "texture": "#4"},
				"west": {"uv": [1, 0, 0, 1], "texture": "#3"},
				"up": {"uv": [1, 0, 0, 1], "texture": "#3"},
				"down": {"uv": [1, 0, 0, 1], "texture": "#4"}
			}
		},
		{
			"name": "hexadecagon",
			"from": [14.26981, 3.0078, 7.50186],
			"to": [14.56981, 4.0078, 7.70186],
			"faces": {
				"north": {"uv": [1, 0, 0, 1], "texture": "#4"},
				"east": {"uv": [1, 0, 0, 1], "texture": "#4"},
				"south": {"uv": [1, 0, 0, 1], "texture": "#4"},
				"west": {"uv": [1, 0, 0, 1], "texture": "#3"},
				"up": {"uv": [1, 0, 0, 1], "texture": "#3"},
				"down": {"uv": [1, 0, 0, 1], "texture": "#4"}
			}
		},
		{
			"name": "hexadecagon",
			"from": [13.03078, 3.67996, 7.49828],
			"to": [13.63078, 5.67996, 7.69828],
			"rotation": {"angle": -22.5, "axis": "z", "origin": [12.93458, 7.17996, 7.69828]},
			"faces": {
				"north": {"uv": [1, 0, 0, 1], "texture": "#4"},
				"east": {"uv": [1, 0, 0, 1], "texture": "#4"},
				"south": {"uv": [14, 0, 0, 14], "texture": "#4"},
				"west": {"uv": [1, 0, 0, 1], "texture": "#3"},
				"up": {"uv": [1, 0, 0, 1], "texture": "#4"},
				"down": {"uv": [1, 0, 0, 1], "texture": "#4"}
			}
		},
		{
			"name": "hexadecagon",
			"from": [16.52628, 2.83739, 7.50121],
			"to": [16.82628, 3.83739, 7.70121],
			"rotation": {"angle": -45, "axis": "z", "origin": [16.13009, 5.33739, 7.70121]},
			"faces": {
				"north": {"uv": [1, 0, 0, 1], "texture": "#4"},
				"east": {"uv": [1, 0, 0, 1], "texture": "#4"},
				"south": {"uv": [1, 0, 0, 1], "texture": "#4"},
				"west": {"uv": [1, 0, 0, 1], "texture": "#3"},
				"up": {"uv": [1, 0, 0, 1], "texture": "#3"},
				"down": {"uv": [1, 0, 0, 1], "texture": "#4"}
			}
		},
		{
			"name": "hexadecagon",
			"from": [12.10198, 0.13179, 7.4984],
			"to": [12.90198, 3.98179, 7.6984],
			"rotation": {"angle": -45, "axis": "z", "origin": [12.20579, 4.63179, 7.6984]},
			"faces": {
				"north": {"uv": [1, 0, 0, 1], "texture": "#3"},
				"east": {"uv": [1, 0, 0, 1], "texture": "#3"},
				"south": {"uv": [14, 0, 0, 14.999], "texture": "#4"},
				"west": {"uv": [1, 0, 0, 1], "texture": "#3"},
				"up": {"uv": [1, 0, 0, 1], "texture": "#3"},
				"down": {"uv": [1, 0, 0, 1], "texture": "#3"}
			}
		},
		{
			"name": "hexadecagon",
			"from": [15.23172, 1.25431, 7.49757],
			"to": [15.73172, 3.25431, 7.69757],
			"rotation": {"angle": -22.5, "axis": "z", "origin": [15.03553, 4.75431, 7.69757]},
			"faces": {
				"north": {"uv": [1, 0, 0, 1], "texture": "#4"},
				"east": {"uv": [1, 0, 0, 1], "texture": "#4"},
				"south": {"uv": [14, 0, 0, 15.999], "texture": "#4"},
				"west": {"uv": [1, 0, 0, 1], "texture": "#3"},
				"up": {"uv": [1, 0, 0, 1], "texture": "#4"},
				"down": {"uv": [1, 0, 0, 1], "texture": "#4"}
			}
		},
		{
			"name": "hexadecagon",
			"from": [15.33322, 1.05883, 7.50261],
			"to": [15.83322, 3.05883, 7.70261],
			"rotation": {"angle": -45, "axis": "z", "origin": [15.13703, 4.55883, 7.70261]},
			"faces": {
				"north": {"uv": [1, 0, 0, 1], "texture": "#4"},
				"east": {"uv": [1, 0, 0, 1], "texture": "#4"},
				"south": {"uv": [15.999, 0, 0, 15.999], "texture": "#4"},
				"west": {"uv": [1, 0, 0, 1], "texture": "#3"},
				"up": {"uv": [1, 0, 0, 1], "texture": "#3"},
				"down": {"uv": [1, 0, 0, 1], "texture": "#4"}
			}
		},
		{
			"name": "hexadecagon",
			"from": [10.9185, 1.85317, 7.49891],
			"to": [11.7185, 4.85317, 7.69891],
			"rotation": {"angle": -22.5, "axis": "z", "origin": [11.02231, 5.35317, 7.69891]},
			"faces": {
				"north": {"uv": [1, 0, 0, 1], "texture": "#missing"},
				"east": {"uv": [1, 0, 0, 1], "texture": "#4"},
				"south": {"uv": [14.999, 0, 0, 12.999], "texture": "#4"},
				"west": {"uv": [1, 0, 0, 1], "texture": "#3"},
				"up": {"uv": [1, 0, 0, 1], "texture": "#missing"},
				"down": {"uv": [1, 0, 0, 1], "texture": "#missing"}
			}
		},
		{
			"name": "hexadecagon",
			"from": [10.15445, 1.59342, 7.50087],
			"to": [13.15445, 2.39342, 7.70087],
			"faces": {
				"north": {"uv": [0, 1, 1, 0], "rotation": 270, "texture": "#4"},
				"east": {"uv": [0, 1, 1, 0], "rotation": 270, "texture": "#4"},
				"south": {"uv": [0, 10.999, 15.999, 0], "rotation": 270, "texture": "#4"},
				"west": {"uv": [0, 1, 1, 0], "rotation": 270, "texture": "#4"},
				"up": {"uv": [0, 1, 1, 0], "rotation": 270, "texture": "#3"},
				"down": {"uv": [0, 1, 1, 0], "rotation": 270, "texture": "#3"}
			}
		},
		{
			"name": "hexadecagon",
			"from": [10.15445, -0.40658, 7.50087],
			"to": [13.15445, 0.39342, 7.70087],
			"rotation": {"angle": -22.5, "axis": "z", "origin": [13.65445, 0.28962, 7.70087]},
			"faces": {
				"north": {"uv": [0, 1, 1, 0], "rotation": 270, "texture": "#4"},
				"east": {"uv": [0, 1, 1, 0], "rotation": 270, "texture": "#4"},
				"south": {"uv": [0, 15.999, 15.999, 0], "rotation": 270, "texture": "#4"},
				"west": {"uv": [0, 1, 1, 0], "rotation": 270, "texture": "#4"},
				"up": {"uv": [0, 1, 1, 0], "rotation": 270, "texture": "#3"},
				"down": {"uv": [0, 1, 1, 0], "rotation": 270, "texture": "#3"}
			}
		},
		{
			"from": [14.7, 2.8, 7.7],
			"to": [15, 3.1, 7.8],
			"faces": {
				"north": {"uv": [0.3, 0, 0, 0.3], "texture": "#5"},
				"east": {"uv": [0.3, 0, 0, 0.3], "texture": "#5"},
				"south": {"uv": [0.3, 0, 0, 0.3], "texture": "#5"},
				"west": {"uv": [0.3, 0, 0, 0.3], "texture": "#5"},
				"up": {"uv": [0.3, 0, 0, 0.3], "texture": "#5"},
				"down": {"uv": [0.3, 0, 0, 0.3], "texture": "#5"}
			}
		},
		{
			"from": [14.3, 1.8, 7.7],
			"to": [14.6, 2.1, 7.8],
			"faces": {
				"north": {"uv": [0.3, 0, 0, 0.3], "texture": "#5"},
				"east": {"uv": [0.3, 0, 0, 0.3], "texture": "#5"},
				"south": {"uv": [0.3, 0, 0, 0.3], "texture": "#5"},
				"west": {"uv": [0.3, 0, 0, 0.3], "texture": "#5"},
				"up": {"uv": [0.3, 0, 0, 0.3], "texture": "#5"},
				"down": {"uv": [0.3, 0, 0, 0.3], "texture": "#5"}
			}
		},
		{
			"from": [17.3, 3.3, 7.7],
			"to": [17.6, 3.6, 7.8],
			"rotation": {"angle": -22.5, "axis": "z", "origin": [10, 11, 16]},
			"faces": {
				"north": {"uv": [0.3, 0, 0, 0.3], "texture": "#5"},
				"east": {"uv": [0.3, 0, 0, 0.3], "texture": "#5"},
				"south": {"uv": [0.3, 0, 0, 0.3], "texture": "#5"},
				"west": {"uv": [0.3, 0, 0, 0.3], "texture": "#5"},
				"up": {"uv": [0.3, 0, 0, 0.3], "texture": "#5"},
				"down": {"uv": [0.3, 0, 0, 0.3], "texture": "#5"}
			}
		},
		{
			"from": [20.3, 3.3, 7.7],
			"to": [20.6, 3.6, 7.8],
			"rotation": {"angle": -45, "axis": "z", "origin": [13, 11, 16]},
			"faces": {
				"north": {"uv": [0.3, 0, 0, 0.3], "texture": "#5"},
				"east": {"uv": [0.3, 0, 0, 0.3], "texture": "#5"},
				"south": {"uv": [0.3, 0, 0, 0.3], "texture": "#5"},
				"west": {"uv": [0.3, 0, 0, 0.3], "texture": "#5"},
				"up": {"uv": [0.3, 0, 0, 0.3], "texture": "#5"},
				"down": {"uv": [0.3, 0, 0, 0.3], "texture": "#5"}
			}
		},
		{
			"from": [19.3, 3.6, 7.7],
			"to": [19.6, 3.9, 7.8],
			"rotation": {"angle": -45, "axis": "z", "origin": [12, 12, 16]},
			"faces": {
				"north": {"uv": [0.3, 0, 0, 0.3], "texture": "#5"},
				"east": {"uv": [0.3, 0, 0, 0.3], "texture": "#5"},
				"south": {"uv": [0.3, 0, 0, 0.3], "texture": "#5"},
				"west": {"uv": [0.3, 0, 0, 0.3], "texture": "#5"},
				"up": {"uv": [0.3, 0, 0, 0.3], "texture": "#5"},
				"down": {"uv": [0.3, 0, 0, 0.3], "texture": "#5"}
			}
		},
		{
			"from": [18.3, 4.6, 7.7],
			"to": [18.6, 4.9, 7.8],
			"rotation": {"angle": -45, "axis": "z", "origin": [11, 13, 16]},
			"faces": {
				"north": {"uv": [0.3, 0, 0, 0.3], "texture": "#5"},
				"east": {"uv": [0.3, 0, 0, 0.3], "texture": "#5"},
				"south": {"uv": [0.3, 0, 0, 0.3], "texture": "#5"},
				"west": {"uv": [0.3, 0, 0, 0.3], "texture": "#5"},
				"up": {"uv": [0.3, 0, 0, 0.3], "texture": "#5"},
				"down": {"uv": [0.3, 0, 0, 0.3], "texture": "#5"}
			}
		},
		{
			"from": [19.5, 5.9, 7.7],
			"to": [19.8, 6.2, 7.8],
			"rotation": {"angle": -45, "axis": "z", "origin": [13, 14, 16]},
			"faces": {
				"north": {"uv": [0.3, 0, 0, 0.3], "texture": "#5"},
				"east": {"uv": [0.3, 0, 0, 0.3], "texture": "#5"},
				"south": {"uv": [0.3, 0, 0, 0.3], "texture": "#5"},
				"west": {"uv": [0.3, 0, 0, 0.3], "texture": "#5"},
				"up": {"uv": [0.3, 0, 0, 0.3], "texture": "#5"},
				"down": {"uv": [0.3, 0, 0, 0.3], "texture": "#5"}
			}
		},
		{
			"from": [19.1, 5.6, 7.7],
			"to": [19.4, 5.9, 7.8],
			"rotation": {"angle": -45, "axis": "z", "origin": [12, 14, 16]},
			"faces": {
				"north": {"uv": [0.3, 0, 0, 0.3], "texture": "#5"},
				"east": {"uv": [0.3, 0, 0, 0.3], "texture": "#5"},
				"south": {"uv": [0.3, 0, 0, 0.3], "texture": "#5"},
				"west": {"uv": [0.3, 0, 0, 0.3], "texture": "#5"},
				"up": {"uv": [0.3, 0, 0, 0.3], "texture": "#5"},
				"down": {"uv": [0.3, 0, 0, 0.3], "texture": "#5"}
			}
		},
		{
			"from": [18.6, 6.6, 7.7],
			"to": [18.9, 6.9, 7.8],
			"rotation": {"angle": -45, "axis": "z", "origin": [12, 15, 16]},
			"faces": {
				"north": {"uv": [0.3, 0, 0, 0.3], "texture": "#5"},
				"east": {"uv": [0.3, 0, 0, 0.3], "texture": "#5"},
				"south": {"uv": [0.3, 0, 0, 0.3], "texture": "#5"},
				"west": {"uv": [0.3, 0, 0, 0.3], "texture": "#5"},
				"up": {"uv": [0.3, 0, 0, 0.3], "texture": "#5"},
				"down": {"uv": [0.3, 0, 0, 0.3], "texture": "#5"}
			}
		},
		{
			"from": [20.3, 4.6, 7.7],
			"to": [20.6, 4.9, 7.8],
			"rotation": {"angle": -45, "axis": "z", "origin": [13, 13, 16]},
			"faces": {
				"north": {"uv": [0.3, 0, 0, 0.3], "texture": "#5"},
				"east": {"uv": [0.3, 0, 0, 0.3], "texture": "#5"},
				"south": {"uv": [0.3, 0, 0, 0.3], "texture": "#5"},
				"west": {"uv": [0.3, 0, 0, 0.3], "texture": "#5"},
				"up": {"uv": [0.3, 0, 0, 0.3], "texture": "#5"},
				"down": {"uv": [0.3, 0, 0, 0.3], "texture": "#5"}
			}
		},
		{
			"from": [19.3, 4.6, 7.7],
			"to": [19.6, 4.9, 7.8],
			"rotation": {"angle": -45, "axis": "z", "origin": [12, 13, 16]},
			"faces": {
				"north": {"uv": [0.3, 0, 0, 0.3], "texture": "#5"},
				"east": {"uv": [0.3, 0, 0, 0.3], "texture": "#5"},
				"south": {"uv": [0.3, 0, 0, 0.3], "texture": "#5"},
				"west": {"uv": [0.3, 0, 0, 0.3], "texture": "#5"},
				"up": {"uv": [0.3, 0, 0, 0.3], "texture": "#5"},
				"down": {"uv": [0.3, 0, 0, 0.3], "texture": "#5"}
			}
		},
		{
			"from": [20.4, 7.8, 7.7],
			"to": [20.6, 8, 7.8],
			"rotation": {"angle": -45, "axis": "z", "origin": [13, 16, 16]},
			"faces": {
				"north": {"uv": [0.2, 0, 0, 0.2], "texture": "#5"},
				"east": {"uv": [0.2, 0, 0, 0.2], "texture": "#5"},
				"south": {"uv": [0.2, 0, 0, 0.2], "texture": "#5"},
				"west": {"uv": [0.2, 0, 0, 0.2], "texture": "#5"},
				"up": {"uv": [0.2, 0, 0, 0.2], "texture": "#5"},
				"down": {"uv": [0.2, 0, 0, 0.2], "texture": "#5"}
			}
		},
		{
			"from": [18.3, 7.8, 7.7],
			"to": [18.5, 8, 7.8],
			"rotation": {"angle": -45, "axis": "z", "origin": [12, 16, 16]},
			"faces": {
				"north": {"uv": [0.2, 0, 0, 0.2], "texture": "#5"},
				"east": {"uv": [0.2, 0, 0, 0.2], "texture": "#5"},
				"south": {"uv": [0.2, 0, 0, 0.2], "texture": "#5"},
				"west": {"uv": [0.2, 0, 0, 0.2], "texture": "#5"},
				"up": {"uv": [0.2, 0, 0, 0.2], "texture": "#5"},
				"down": {"uv": [0.2, 0, 0, 0.2], "texture": "#5"}
			}
		},
		{
			"from": [21.8, 5.8, 7.7],
			"to": [22, 6, 7.8],
			"rotation": {"angle": -45, "axis": "z", "origin": [14, 14, 16]},
			"faces": {
				"north": {"uv": [0.2, 0, 0, 0.2], "texture": "#5"},
				"east": {"uv": [0.2, 0, 0, 0.2], "texture": "#5"},
				"south": {"uv": [0.2, 0, 0, 0.2], "texture": "#5"},
				"west": {"uv": [0.2, 0, 0, 0.2], "texture": "#5"},
				"up": {"uv": [0.2, 0, 0, 0.2], "texture": "#5"},
				"down": {"uv": [0.2, 0, 0, 0.2], "texture": "#5"}
			}
		},
		{
			"name": "hexadecagon",
			"from": [11.99948, 0.50001, 7.09947],
			"to": [13.39186, 7.50001, 7.49947],
			"rotation": {"angle": 45, "axis": "z", "origin": [12.69567, 4.00001, 7.29947]},
			"faces": {
				"north": {"uv": [10.996, 14, 10, 14.997], "texture": "#3"},
				"east": {"uv": [10.996, 14, 10, 14.997], "texture": "#0"},
				"south": {"uv": [10.996, 14, 10, 14.997], "texture": "#0"},
				"west": {"uv": [10.996, 14, 10, 14.997], "texture": "#0"},
				"up": {"uv": [10.996, 14, 10, 14.997], "texture": "#3"},
				"down": {"uv": [10.996, 14, 10, 14.997], "texture": "#3"}
			}
		},
		{
			"name": "hexadecagon",
			"from": [11.99948, 0.50001, 7.09947],
			"to": [13.39186, 7.50001, 7.49947],
			"rotation": {"angle": 22.5, "axis": "z", "origin": [12.69567, 4.00001, 7.29947]},
			"faces": {
				"north": {"uv": [10.996, 14, 10, 14.997], "texture": "#3"},
				"east": {"uv": [10.996, 14, 10, 14.997], "texture": "#0"},
				"south": {"uv": [10.996, 14, 10, 14.997], "texture": "#0"},
				"west": {"uv": [10.996, 14, 10, 14.997], "texture": "#0"},
				"up": {"uv": [10.996, 14, 10, 14.997], "texture": "#3"},
				"down": {"uv": [10.996, 14, 10, 14.997], "texture": "#3"}
			}
		},
		{
			"name": "hexadecagon",
			"from": [11.99948, 0.50001, 7.09947],
			"to": [13.39186, 7.50001, 7.49947],
			"faces": {
				"north": {"uv": [10.996, 14, 10, 14.997], "texture": "#3"},
				"east": {"uv": [10.996, 14, 10, 14.997], "texture": "#0"},
				"south": {"uv": [10.996, 14, 10, 14.997], "texture": "#0"},
				"west": {"uv": [10.996, 14, 10, 14.997], "texture": "#0"},
				"up": {"uv": [10.996, 14, 10, 14.997], "texture": "#3"},
				"down": {"uv": [10.996, 14, 10, 14.997], "texture": "#3"}
			}
		},
		{
			"name": "hexadecagon",
			"from": [11.99948, 0.50001, 7.09947],
			"to": [13.39186, 7.50001, 7.49947],
			"rotation": {"angle": -22.5, "axis": "z", "origin": [12.69567, 4.00001, 7.29947]},
			"faces": {
				"north": {"uv": [10.996, 14, 10, 14.997], "texture": "#3"},
				"east": {"uv": [10.996, 14, 10, 14.997], "texture": "#0"},
				"south": {"uv": [10.996, 14, 10, 14.997], "texture": "#0"},
				"west": {"uv": [10.996, 14, 10, 14.997], "texture": "#0"},
				"up": {"uv": [10.996, 14, 10, 14.997], "texture": "#3"},
				"down": {"uv": [10.996, 14, 10, 14.997], "texture": "#3"}
			}
		},
		{
			"name": "hexadecagon",
			"from": [11.99948, 0.50001, 7.09947],
			"to": [13.39186, 7.50001, 7.49947],
			"rotation": {"angle": -45, "axis": "z", "origin": [12.69567, 4.00001, 7.29947]},
			"faces": {
				"north": {"uv": [10.996, 14, 10, 14.997], "texture": "#3"},
				"east": {"uv": [10.996, 14, 10, 14.997], "texture": "#0"},
				"south": {"uv": [10.996, 14, 10, 14.997], "texture": "#0"},
				"west": {"uv": [10.996, 14, 10, 14.997], "texture": "#0"},
				"up": {"uv": [10.996, 14, 10, 14.997], "texture": "#3"},
				"down": {"uv": [10.996, 14, 10, 14.997], "texture": "#3"}
			}
		},
		{
			"name": "hexadecagon",
			"from": [9.19567, 3.30381, 7.09947],
			"to": [16.19567, 4.6962, 7.49947],
			"rotation": {"angle": 22.5, "axis": "z", "origin": [12.69567, 4.00001, 7.29947]},
			"faces": {
				"north": {"uv": [10.996, 14, 10, 14.997], "texture": "#3"},
				"east": {"uv": [10.996, 14, 10, 14.997], "texture": "#3"},
				"south": {"uv": [10.996, 14, 10, 14.997], "texture": "#0"},
				"west": {"uv": [10.996, 14, 10, 14.997], "texture": "#3"},
				"up": {"uv": [10.996, 14, 10, 14.997], "texture": "#0"},
				"down": {"uv": [10.996, 14, 10, 14.997], "texture": "#0"}
			}
		},
		{
			"name": "hexadecagon",
			"from": [9.19567, 3.30381, 7.09947],
			"to": [16.19567, 4.6962, 7.49947],
			"faces": {
				"north": {"uv": [10.996, 14, 10, 14.997], "texture": "#3"},
				"east": {"uv": [10.996, 14, 10, 14.997], "texture": "#3"},
				"south": {"uv": [10.996, 14, 10, 14.997], "texture": "#0"},
				"west": {"uv": [10.996, 14, 10, 14.997], "texture": "#3"},
				"up": {"uv": [10.996, 14, 10, 14.997], "texture": "#0"},
				"down": {"uv": [10.996, 14, 10, 14.997], "texture": "#0"}
			}
		},
		{
			"name": "hexadecagon",
			"from": [9.19567, 3.30381, 7.09947],
			"to": [16.19567, 4.6962, 7.49947],
			"rotation": {"angle": -22.5, "axis": "z", "origin": [12.69567, 4.00001, 7.29947]},
			"faces": {
				"north": {"uv": [10.996, 14, 10, 14.997], "texture": "#3"},
				"east": {"uv": [10.996, 14, 10, 14.997], "texture": "#3"},
				"south": {"uv": [10.996, 14, 10, 14.997], "texture": "#0"},
				"west": {"uv": [10.996, 14, 10, 14.997], "texture": "#3"},
				"up": {"uv": [10.996, 14, 10, 14.997], "texture": "#0"},
				"down": {"uv": [10.996, 14, 10, 14.997], "texture": "#0"}
			}
		},
		{
			"from": [5.6, 0.99898, 6.99977],
			"to": [7.6, 1.49898, 7.49977],
			"faces": {
				"north": {"uv": [10.996, 14, 10, 14.997], "texture": "#3"},
				"east": {"uv": [10.996, 14, 10, 14.997], "texture": "#3"},
				"south": {"uv": [10.996, 14, 10, 14.997], "texture": "#3"},
				"west": {"uv": [10.996, 14, 10, 14.997], "texture": "#3"},
				"up": {"uv": [10.996, 14, 10, 14.997], "texture": "#3"},
				"down": {"uv": [10.996, 14, 10, 14.997], "texture": "#3"}
			}
		}
	],
	"display": {
		"thirdperson_righthand": {
			"rotation": [0, 180, 0],
			"translation": [0, 2.75, -0.75],
			"scale": [0.86719, 0.83789, 1]
		},
		"thirdperson_lefthand": {
			"rotation": [0, 180, 0],
			"translation": [0, 2.75, -0.75],
			"scale": [0.86719, 0.83789, 1]
		},
		"firstperson_righthand": {
			"rotation": [0, -34, 0],
			"translation": [0, 6.75, 0]
		},
		"firstperson_lefthand": {
			"rotation": [0, -34, 0],
			"translation": [0, 6.75, 0]
		},
		"ground": {
			"translation": [0, 5.75, 0]
		},
		"gui": {
			"translation": [0.25, 3.5, -1.25],
			"scale": [0.89, 0.91, 1]
		},
		"head": {
			"rotation": [0, 180, 0],
			"translation": [0, 15.25, -1.75],
			"scale": [1.25391, 1.15234, 1]
		},
		"fixed": {
			"rotation": [0, 180, 0],
			"translation": [0, 4.25, -1.25]
		}
	},
	"groups": [
		{
			"name": "Ursula_Ears",
			"children": [
				{
					"name": "group",
					"origin": [4.40161, 12.13637, 10.02023],
					"children": [0, 1, 2, 3, 4, 5, 6, 7, 8, 9, 10]
				},
				{
					"name": "group",
					"origin": [4.97769, 5.35317, 7.69891],
					"children": [11, 12, 13, 14, 15, 16, 17,
						{
							"name": "group",
							"origin": [4.97769, 5.35317, 7.69891],
							"children": [18, 19, 20, 21, 22, 23, 24, 25, 26, 27, 28, 29, 30, 31, 32, 33, 34, 35, 36, 37, 38, 39, 40, 41, 42, 43, 44,
								{
									"name": "hexadecagon",
									"children": [45, 46, 47, 48, 49, 50, 51, 52, 53]
								}
							]
						},
						{
							"name": "group",
							"origin": [4.97769, 5.35317, 7.69891],
							"children": [54, 55, 56, 57, 58, 59, 60, 61, 62, 63, 64, 65, 66, 67, 68, 69, 70, 71, 72, 73, 74, 75, 76, 77, 78, 79, 80,
								{
									"name": "hexadecagon",
									"children": [81, 82, 83, 84, 85, 86, 87, 88, 89]
								}
							]
						}
					]
				}
			]
		}
	]
}
