{
	"__comment": "Model generated using MrCrayfish's Model Creator (http://mrcrayfish.com/modelcreator/)",
	"textures": {
		"0": "blocks/wool_colored_red",
		"1": "blocks/wool_colored_lime",
		"2": "blocks/wool_colored_magenta",
		"3": "blocks/wool_colored_light_blue",
		"4": "blocks/wool_colored_yellow",
		"5": "blocks/wool_colored_pink",
		"6": "blocks/wool_colored_white",
		"particle": "blocks/decorations/woodyshirt",
		"texture": "blocks/wool_colored_brown",
		"texture1": "blocks/decorations/woodypattern",
		"texture2": "blocks/gold_block"
	},
	"elements": [
		{
			"from": [ 5.5, 18, 2 ],
			"to": [ 10.5, 20, 3 ],
			"faces": {
				"down": { "uv": [ 0, 0, 8, 1 ], "texture": "#0" },
				"up": { "uv": [ 0, 0, 8, 1 ], "texture": "#0" },
				"north": { "uv": [ 0, 0, 8, 2 ], "texture": "#0" },
				"south": { "uv": [ 0, 0, 8, 2 ], "texture": "#0" },
				"west": { "uv": [ 0, 0, 1, 2 ], "texture": "#0" },
				"east": { "uv": [ 0, 0, 1, 2 ], "texture": "#0" }
			}
		},
		{
			"from": [ 2, 17, 4 ],
			"to": [ 3, 20, 13 ],
			"faces": {
				"down": { "uv": [ 0, 0, 1, 9 ], "texture": "#0" },
				"up": { "uv": [ 0, 0, 1, 9 ], "texture": "#0" },
				"north": { "uv": [ 0, 0, 1, 3 ], "texture": "#0" },
				"south": { "uv": [ 0, 0, 1, 3 ], "texture": "#0" },
				"west": { "uv": [ 0, 0, 9, 3 ], "texture": "#0" },
				"east": { "uv": [ 0, 0, 9, 3 ], "texture": "#0" }
			}
		},
		{
			"from": [ 3, 18, 3 ],
			"to": [ 13, 20, 13 ],
			"faces": {
				"down": { "uv": [ 0, 0, 10, 10 ], "texture": "#0" },
				"up": { "uv": [ 0, 0, 10, 10 ], "texture": "#0" },
				"north": { "uv": [ 0, 0, 10, 2 ], "texture": "#0" },
				"south": { "uv": [ 0, 0, 10, 2 ], "texture": "#0" },
				"west": { "uv": [ 0, 0, 10, 2 ], "texture": "#0" },
				"east": { "uv": [ 0, 0, 10, 2 ], "texture": "#0" }
			}
		},
		{
			"from": [ 14, 15, 3 ],
			"to": [ 15, 18, 13 ],
			"faces": {
				"down": { "uv": [ 0, 0, 1, 10 ], "texture": "#particle" },
				"up": { "uv": [ 0, 0, 1, 10 ], "texture": "#particle" },
				"north": { "uv": [ 0, 0, 1, 3 ], "texture": "#particle" },
				"south": { "uv": [ 0, 0, 1, 3 ], "texture": "#particle" },
				"west": { "uv": [ 0, 0, 10, 3 ], "texture": "#particle" },
				"east": { "uv": [ 0, 0, 10, 3 ], "texture": "#particle" }
			}
		},
		{
			"from": [ 1, 15, 3 ],
			"to": [ 2, 18, 13 ],
			"faces": {
				"down": { "uv": [ 0, 0, 1, 10 ], "texture": "#particle" },
				"up": { "uv": [ 0, 0, 1, 10 ], "texture": "#particle" },
				"north": { "uv": [ 0, 0, 1, 3 ], "texture": "#particle" },
				"south": { "uv": [ 0, 0, 1, 3 ], "texture": "#particle" },
				"west": { "uv": [ 0, 0, 10, 3 ], "texture": "#particle" },
				"east": { "uv": [ 0, 0, 10, 3 ], "texture": "#particle" }
			}
		},
		{
			"from": [ 4.5, 15, 1 ],
			"to": [ 11.5, 18, 2 ],
			"faces": {
				"down": { "uv": [ 0, 0, 10, 1 ], "texture": "#particle" },
				"up": { "uv": [ 0, 0, 10, 1 ], "texture": "#particle" },
				"north": { "uv": [ 0, 0, 10, 3 ], "texture": "#particle" },
				"south": { "uv": [ 0, 0, 10, 3 ], "texture": "#particle" },
				"west": { "uv": [ 0, 0, 1, 3 ], "texture": "#particle" },
				"east": { "uv": [ 0, 0, 1, 3 ], "texture": "#particle" }
			}
		},
		{
			"from": [ 2, 15, 2 ],
			"to": [ 14, 18, 14 ],
			"faces": {
				"down": { "uv": [ 0, 0, 12, 12 ], "texture": "#particle" },
				"up": { "uv": [ 0, 0, 12, 12 ], "texture": "#particle" },
				"north": { "uv": [ 0, 0, 12, 3 ], "texture": "#particle" },
				"south": { "uv": [ 0, 0, 12, 3 ], "texture": "#particle" },
				"west": { "uv": [ 0, 0, 12, 3 ], "texture": "#particle" },
				"east": { "uv": [ 0, 0, 12, 3 ], "texture": "#particle" }
			}
		},
		{
			"from": [ 1, 19, 8 ],
			"to": [ 2, 20, 9 ],
			"faces": {
				"down": { "uv": [ 0, 0, 1, 1 ], "texture": "#texture" },
				"up": { "uv": [ 0, 0, 1, 1 ], "texture": "#texture" },
				"north": { "uv": [ 0, 0, 1, 1 ], "texture": "#texture" },
				"south": { "uv": [ 0, 0, 1, 1 ], "texture": "#texture" },
				"west": { "uv": [ 0, 0, 1, 1 ], "texture": "#texture" },
				"east": { "uv": [ 0, 0, 1, 1 ], "texture": "#texture" }
			}
		},
		{
			"from": [ 12, 20, 8 ],
			"to": [ 13, 24, 9 ],
			"faces": {
				"down": { "uv": [ 0, 0, 1, 1 ], "texture": "#texture" },
				"up": { "uv": [ 0, 0, 1, 1 ], "texture": "#texture" },
				"north": { "uv": [ 0, 0, 1, 4 ], "texture": "#texture" },
				"south": { "uv": [ 0, 0, 1, 4 ], "texture": "#texture" },
				"west": { "uv": [ 0, 0, 1, 4 ], "texture": "#texture" },
				"east": { "uv": [ 0, 0, 1, 4 ], "texture": "#texture" }
			}
		},
		{
			"from": [ 3, 20, 8 ],
			"to": [ 4, 24, 9 ],
			"faces": {
				"down": { "uv": [ 0, 0, 1, 1 ], "texture": "#texture" },
				"up": { "uv": [ 0, 0, 1, 1 ], "texture": "#texture" },
				"north": { "uv": [ 0, 0, 1, 4 ], "texture": "#texture" },
				"south": { "uv": [ 0, 0, 1, 4 ], "texture": "#texture" },
				"west": { "uv": [ 0, 0, 1, 4 ], "texture": "#texture" },
				"east": { "uv": [ 0, 0, 1, 4 ], "texture": "#texture" }
			}
		},
		{
			"from": [ 5.5, 20, 4 ],
			"to": [ 10.5, 21, 12 ],
			"faces": {
				"down": { "uv": [ 0, 0, 8, 8 ], "texture": "#0" },
				"up": { "uv": [ 0, 0, 8, 8 ], "texture": "#0" },
				"north": { "uv": [ 0, 0, 8, 1 ], "texture": "#0" },
				"south": { "uv": [ 0, 0, 8, 1 ], "texture": "#0" },
				"west": { "uv": [ 0, 0, 8, 1 ], "texture": "#0" },
				"east": { "uv": [ 0, 0, 8, 1 ], "texture": "#0" }
			}
		},
		{
			"from": [ 13, 18, 4 ],
			"to": [ 14, 20, 13 ],
			"faces": {
				"down": { "uv": [ 0, 0, 1, 9 ], "texture": "#0" },
				"up": { "uv": [ 0, 0, 1, 9 ], "texture": "#0" },
				"north": { "uv": [ 0, 0, 1, 2 ], "texture": "#0" },
				"south": { "uv": [ 0, 0, 1, 2 ], "texture": "#0" },
				"west": { "uv": [ 0, 0, 9, 2 ], "texture": "#0" },
				"east": { "uv": [ 0, 0, 9, 2 ], "texture": "#0" }
			}
		},
		{
			"from": [ 2, 20, 8 ],
			"to": [ 3, 25, 9 ],
			"faces": {
				"down": { "uv": [ 0, 0, 1, 1 ], "texture": "#texture" },
				"up": { "uv": [ 0, 0, 1, 1 ], "texture": "#texture" },
				"north": { "uv": [ 0, 0, 1, 5 ], "texture": "#texture" },
				"south": { "uv": [ 0, 0, 1, 5 ], "texture": "#texture" },
				"west": { "uv": [ 0, 0, 1, 5 ], "texture": "#texture" },
				"east": { "uv": [ 0, 0, 1, 5 ], "texture": "#texture" }
			}
		},
		{
			"from": [ 1, 20, 8 ],
			"to": [ 2, 25, 9 ],
			"faces": {
				"down": { "uv": [ 0, 0, 1, 1 ], "texture": "#texture" },
				"up": { "uv": [ 0, 0, 1, 1 ], "texture": "#texture" },
				"north": { "uv": [ 0, 0, 1, 5 ], "texture": "#texture" },
				"south": { "uv": [ 0, 0, 1, 3 ], "texture": "#texture" },
				"west": { "uv": [ 0, 0, 1, 5 ], "texture": "#texture" },
				"east": { "uv": [ 0, 0, 1, 5 ], "texture": "#texture" }
			}
		},
		{
			"from": [ 0, 20, 8 ],
			"to": [ 1, 24, 9 ],
			"faces": {
				"down": { "uv": [ 0, 0, 1, 1 ], "texture": "#texture" },
				"up": { "uv": [ 0, 0, 1, 1 ], "texture": "#texture" },
				"north": { "uv": [ 0, 0, 1, 4 ], "texture": "#texture" },
				"south": { "uv": [ 0, 0, 1, 4 ], "texture": "#texture" },
				"west": { "uv": [ 0, 0, 1, 4 ], "texture": "#texture" },
				"east": { "uv": [ 0, 0, 1, 4 ], "texture": "#texture" }
			}
		},
		{
			"from": [ -1, 21, 8 ],
			"to": [ 0, 23, 9 ],
			"faces": {
				"down": { "uv": [ 0, 0, 1, 1 ], "texture": "#texture" },
				"up": { "uv": [ 0, 0, 1, 1 ], "texture": "#texture" },
				"north": { "uv": [ 0, 0, 1, 2 ], "texture": "#texture" },
				"south": { "uv": [ 0, 0, 1, 2 ], "texture": "#texture" },
				"west": { "uv": [ 0, 0, 1, 2 ], "texture": "#texture" },
				"east": { "uv": [ 0, 0, 1, 2 ], "texture": "#texture" }
			}
		},
		{
			"from": [ 4, 21, 8 ],
			"to": [ 5, 23, 9 ],
			"faces": {
				"down": { "uv": [ 0, 0, 1, 1 ], "texture": "#texture" },
				"up": { "uv": [ 0, 0, 1, 1 ], "texture": "#texture" },
				"north": { "uv": [ 0, 0, 1, 2 ], "texture": "#texture" },
				"south": { "uv": [ 0, 0, 1, 2 ], "texture": "#texture" },
				"west": { "uv": [ 0, 0, 1, 2 ], "texture": "#texture" },
				"east": { "uv": [ 0, 0, 1, 2 ], "texture": "#texture" }
			}
		},
		{
			"from": [ 16, 21, 8 ],
			"to": [ 17, 23, 9 ],
			"faces": {
				"down": { "uv": [ 0, 0, 1, 1 ], "texture": "#texture" },
				"up": { "uv": [ 0, 0, 1, 1 ], "texture": "#texture" },
				"north": { "uv": [ 0, 0, 1, 2 ], "texture": "#texture" },
				"south": { "uv": [ 0, 0, 1, 2 ], "texture": "#texture" },
				"west": { "uv": [ 0, 0, 1, 2 ], "texture": "#texture" },
				"east": { "uv": [ 0, 0, 1, 2 ], "texture": "#texture" }
			}
		},
		{
			"from": [ 15, 20, 8 ],
			"to": [ 16, 24, 9 ],
			"faces": {
				"down": { "uv": [ 0, 0, 1, 1 ], "texture": "#texture" },
				"up": { "uv": [ 0, 0, 1, 1 ], "texture": "#texture" },
				"north": { "uv": [ 0, 0, 1, 4 ], "texture": "#texture" },
				"south": { "uv": [ 0, 0, 1, 4 ], "texture": "#texture" },
				"west": { "uv": [ 0, 0, 1, 4 ], "texture": "#texture" },
				"east": { "uv": [ 0, 0, 1, 4 ], "texture": "#texture" }
			}
		},
		{
			"from": [ 14, 19, 8 ],
			"to": [ 15, 25, 9 ],
			"faces": {
				"down": { "uv": [ 0, 0, 1, 1 ], "texture": "#texture" },
				"up": { "uv": [ 0, 0, 1, 1 ], "texture": "#texture" },
				"north": { "uv": [ 0, 0, 1, 6 ], "texture": "#texture" },
				"south": { "uv": [ 0, 0, 1, 6 ], "texture": "#texture" },
				"west": { "uv": [ 0, 0, 1, 6 ], "texture": "#texture" },
				"east": { "uv": [ 0, 0, 1, 6 ], "texture": "#texture" }
			}
		},
		{
			"from": [ 13, 19, 8 ],
			"to": [ 14, 25, 9 ],
			"faces": {
				"down": { "uv": [ 0, 0, 1, 1 ], "texture": "#texture" },
				"up": { "uv": [ 0, 0, 1, 1 ], "texture": "#texture" },
				"north": { "uv": [ 0, 0, 1, 6 ], "texture": "#texture" },
				"south": { "uv": [ 0, 0, 1, 6 ], "texture": "#texture" },
				"west": { "uv": [ 0, 0, 1, 6 ], "texture": "#texture" },
				"east": { "uv": [ 0, 0, 1, 6 ], "texture": "#texture" }
			}
		},
		{
			"from": [ 11, 21, 8 ],
			"to": [ 12, 23, 9 ],
			"faces": {
				"down": { "uv": [ 0, 0, 1, 1 ], "texture": "#texture" },
				"up": { "uv": [ 0, 0, 1, 1 ], "texture": "#texture" },
				"north": { "uv": [ 0, 0, 1, 2 ], "texture": "#texture" },
				"south": { "uv": [ 0, 0, 1, 2 ], "texture": "#texture" },
				"west": { "uv": [ 0, 0, 1, 2 ], "texture": "#texture" },
				"east": { "uv": [ 0, 0, 1, 2 ], "texture": "#texture" }
			}
		},
		{
			"from": [ 15, 14, 3 ],
			"to": [ 16, 15, 13 ],
			"faces": {
				"down": { "uv": [ 0, 0, 1, 10 ], "texture": "#3" },
				"up": { "uv": [ 0, 0, 1, 10 ], "texture": "#3" },
				"north": { "uv": [ 0, 0, 1, 1 ], "texture": "#3" },
				"south": { "uv": [ 0, 0, 1, 1 ], "texture": "#3" },
				"west": { "uv": [ 0, 0, 10, 1 ], "texture": "#3" },
				"east": { "uv": [ 0, 0, 10, 1 ], "texture": "#3" }
			}
		},
		{
			"from": [ 3, 14, 15 ],
			"to": [ 13, 15, 16 ],
			"faces": {
				"down": { "uv": [ 0, 0, 10, 1 ], "texture": "#3" },
				"up": { "uv": [ 0, 0, 10, 1 ], "texture": "#3" },
				"north": { "uv": [ 0, 0, 10, 1 ], "texture": "#3" },
				"south": { "uv": [ 0, 0, 10, 1 ], "texture": "#3" },
				"west": { "uv": [ 0, 0, 1, 1 ], "texture": "#3" },
				"east": { "uv": [ 0, 0, 1, 1 ], "texture": "#3" }
			}
		},
		{
			"from": [ 2, 14, 14 ],
			"to": [ 3, 15, 15 ],
			"faces": {
				"down": { "uv": [ 0, 0, 1, 1 ], "texture": "#3" },
				"up": { "uv": [ 0, 0, 1, 1 ], "texture": "#3" },
				"north": { "uv": [ 0, 0, 1, 1 ], "texture": "#3" },
				"south": { "uv": [ 0, 0, 1, 1 ], "texture": "#3" },
				"west": { "uv": [ 0, 0, 1, 1 ], "texture": "#3" },
				"east": { "uv": [ 0, 0, 1, 1 ], "texture": "#3" }
			}
		},
		{
			"from": [ 0, 14, 3 ],
			"to": [ 1, 15, 13 ],
			"faces": {
				"down": { "uv": [ 0, 0, 1, 10 ], "texture": "#3" },
				"up": { "uv": [ 0, 0, 1, 10 ], "texture": "#3" },
				"north": { "uv": [ 0, 0, 1, 1 ], "texture": "#3" },
				"south": { "uv": [ 0, 0, 1, 1 ], "texture": "#3" },
				"west": { "uv": [ 0, 0, 10, 1 ], "texture": "#3" },
				"east": { "uv": [ 0, 0, 10, 1 ], "texture": "#3" }
			}
		},
		{
			"from": [ 1, 14, 2 ],
			"to": [ 2, 15, 3 ],
			"faces": {
				"down": { "uv": [ 0, 0, 1, 1 ], "texture": "#3" },
				"up": { "uv": [ 0, 0, 1, 1 ], "texture": "#3" },
				"north": { "uv": [ 0, 0, 1, 1 ], "texture": "#3" },
				"south": { "uv": [ 0, 0, 1, 1 ], "texture": "#3" },
				"west": { "uv": [ 0, 0, 1, 1 ], "texture": "#3" },
				"east": { "uv": [ 0, 0, 1, 1 ], "texture": "#3" }
			}
		},
		{
			"from": [ 3, 14, 0 ],
			"to": [ 13, 15, 1 ],
			"faces": {
				"down": { "uv": [ 0, 0, 10, 1 ], "texture": "#3" },
				"up": { "uv": [ 0, 0, 10, 1 ], "texture": "#3" },
				"north": { "uv": [ 0, 0, 10, 1 ], "texture": "#3" },
				"south": { "uv": [ 0, 0, 10, 1 ], "texture": "#3" },
				"west": { "uv": [ 0, 0, 1, 1 ], "texture": "#3" },
				"east": { "uv": [ 0, 0, 1, 1 ], "texture": "#3" }
			}
		},
		{
			"from": [ 13, 14, 1 ],
			"to": [ 14, 15, 2 ],
			"faces": {
				"down": { "uv": [ 0, 0, 1, 1 ], "texture": "#3" },
				"up": { "uv": [ 0, 0, 1, 1 ], "texture": "#3" },
				"north": { "uv": [ 0, 0, 1, 1 ], "texture": "#3" },
				"south": { "uv": [ 0, 0, 1, 1 ], "texture": "#3" },
				"west": { "uv": [ 0, 0, 1, 1 ], "texture": "#3" },
				"east": { "uv": [ 0, 0, 1, 1 ], "texture": "#3" }
			}
		},
		{
			"from": [ 13, 14, 14 ],
			"to": [ 14, 15, 15 ],
			"faces": {
				"down": { "uv": [ 0, 0, 1, 1 ], "texture": "#3" },
				"up": { "uv": [ 0, 0, 1, 1 ], "texture": "#3" },
				"north": { "uv": [ 0, 0, 1, 1 ], "texture": "#3" },
				"south": { "uv": [ 0, 0, 1, 1 ], "texture": "#3" },
				"west": { "uv": [ 0, 0, 1, 1 ], "texture": "#3" },
				"east": { "uv": [ 0, 0, 1, 1 ], "texture": "#3" }
			}
		},
		{
			"from": [ 2, 14, 1 ],
			"to": [ 3, 15, 2 ],
			"faces": {
				"down": { "uv": [ 0, 0, 1, 1 ], "texture": "#3" },
				"up": { "uv": [ 0, 0, 1, 1 ], "texture": "#3" },
				"north": { "uv": [ 0, 0, 1, 1 ], "texture": "#3" },
				"south": { "uv": [ 0, 0, 1, 1 ], "texture": "#3" },
				"west": { "uv": [ 0, 0, 1, 1 ], "texture": "#3" },
				"east": { "uv": [ 0, 0, 1, 1 ], "texture": "#3" }
			}
		},
		{
			"from": [ 14, 14, 2 ],
			"to": [ 15, 15, 3 ],
			"faces": {
				"down": { "uv": [ 0, 0, 1, 1 ], "texture": "#3" },
				"up": { "uv": [ 0, 0, 1, 1 ], "texture": "#3" },
				"north": { "uv": [ 0, 0, 1, 1 ], "texture": "#3" },
				"south": { "uv": [ 0, 0, 1, 1 ], "texture": "#3" },
				"west": { "uv": [ 0, 0, 1, 1 ], "texture": "#3" },
				"east": { "uv": [ 0, 0, 1, 1 ], "texture": "#3" }
			}
		},
		{
			"from": [ 1, 14, 13 ],
			"to": [ 2, 15, 14 ],
			"faces": {
				"down": { "uv": [ 0, 0, 1, 1 ], "texture": "#3" },
				"up": { "uv": [ 0, 0, 1, 1 ], "texture": "#3" },
				"north": { "uv": [ 0, 0, 1, 1 ], "texture": "#3" },
				"south": { "uv": [ 0, 0, 1, 1 ], "texture": "#3" },
				"west": { "uv": [ 0, 0, 1, 1 ], "texture": "#3" },
				"east": { "uv": [ 0, 0, 1, 1 ], "texture": "#3" }
			}
		},
		{
			"from": [ 14, 14, 13 ],
			"to": [ 15, 15, 14 ],
			"faces": {
				"down": { "uv": [ 0, 0, 1, 1 ], "texture": "#3" },
				"up": { "uv": [ 0, 0, 1, 1 ], "texture": "#3" },
				"north": { "uv": [ 0, 0, 1, 1 ], "texture": "#3" },
				"south": { "uv": [ 0, 0, 1, 1 ], "texture": "#3" },
				"west": { "uv": [ 0, 0, 1, 1 ], "texture": "#3" },
				"east": { "uv": [ 0, 0, 1, 1 ], "texture": "#3" }
			}
		},
		{
			"from": [ 4, 18, 2 ],
			"to": [ 5.5, 20, 4 ],
			"faces": {
				"down": { "uv": [ 12, 7.4375, 16, 7.5 ], "texture": "#texture1" },
				"up": { "uv": [ 6.5, 4.5, 9, 7.9375 ], "texture": "#texture1" },
				"north": { "uv": [ 16, 3, 12, 7.5 ], "texture": "#texture1" },
				"south": { "uv": [ 12, 3, 16, 7.5 ], "texture": "#texture1" },
				"west": { "uv": [ 11.5, 6.5, 7, 11.5 ], "texture": "#texture1" },
				"east": { "uv": [ 16, 3, 15.9375, 7.5 ], "texture": "#texture1" }
			}
		},
		{
			"from": [ 10.5, 18, 2 ],
			"to": [ 12, 20, 4 ],
			"faces": {
				"down": { "uv": [ 0, 0, 4, 5 ], "texture": "#texture1" },
				"up": { "uv": [ 0, 0, 5, 4 ], "texture": "#texture1" },
				"north": { "uv": [ 0, 6, 5, 11 ], "texture": "#texture1" },
				"south": { "uv": [ 0, 0, 6.5, 7 ], "texture": "#texture1" },
				"west": { "uv": [ 6, 6.5, 12.5, 13 ], "texture": "#texture1" },
				"east": { "uv": [ 0, 9, 4.5, 13 ], "texture": "#texture1" }
			}
		},
		{
			"from": [ 3, 15, 1 ],
			"to": [ 4.5, 18, 2 ],
			"faces": {
				"down": { "uv": [ 0, 0, 4, 5 ], "texture": "#texture1" },
				"up": { "uv": [ 0, 0, 5, 4 ], "texture": "#texture1" },
				"north": { "uv": [ 2, 2.5, 6.5, 7 ], "texture": "#texture1" },
				"south": { "uv": [ 0, 0, 6.5, 7 ], "texture": "#texture1" },
				"west": { "uv": [ 6.5, 0.5, 10, 5 ], "texture": "#texture1" },
				"east": { "uv": [ 5, 6, 9.5, 10.5 ], "texture": "#texture1" }
			}
		},
		{
			"from": [ 11.5, 15, 1 ],
			"to": [ 13, 18, 2 ],
			"faces": {
				"down": { "uv": [ 0, 0, 4, 5 ], "texture": "#texture1" },
				"up": { "uv": [ 0, 0, 5, 4 ], "texture": "#texture1" },
				"north": { "uv": [ 1.5, 4.5, 6, 9.5 ], "texture": "#texture1" },
				"south": { "uv": [ 0, 0, 6.5, 7 ], "texture": "#texture1" },
				"west": { "uv": [ 6, 6.5, 9.5, 10.5 ], "texture": "#texture1" },
				"east": { "uv": [ 6.5, 7.5, 10.5, 11 ], "texture": "#texture1" }
			}
		},
		{
			"from": [ 7, 15, 0.5 ],
			"to": [ 8.5, 16, 1.5 ],
			"faces": {
				"down": { "uv": [ 0, 0, 4, 5 ], "texture": "#texture2" },
				"up": { "uv": [ 0, 0, 5, 4 ], "texture": "#texture2" },
				"north": { "uv": [ 0, 0, 6.5, 6.5 ], "texture": "#texture2" },
				"south": { "uv": [ 0, 0, 6.5, 7 ], "texture": "#texture2" },
				"west": { "uv": [ 6, 6.5, 12.5, 13 ], "texture": "#texture2" },
				"east": { "uv": [ 6.5, 7.5, 12.5, 14.5 ], "texture": "#texture2" }
			}
		},
		{
			"from": [ 4.5, 15, 14 ],
			"to": [ 11.5, 18, 15 ],
			"faces": {
				"down": { "uv": [ 0, 0, 10, 1 ], "texture": "#particle", "rotation": 180 },
				"up": { "uv": [ 0, 0, 10, 1 ], "texture": "#particle", "rotation": 180 },
				"north": { "uv": [ 0, 0, 10, 3 ], "texture": "#particle" },
				"south": { "uv": [ 0, 0, 10, 3 ], "texture": "#particle" },
				"west": { "uv": [ 0, 0, 1, 3 ], "texture": "#particle" },
				"east": { "uv": [ 0, 0, 1, 3 ], "texture": "#particle" }
			}
		},
		{
			"from": [ 5.5, 18, 13 ],
			"to": [ 10.5, 20, 14 ],
			"faces": {
				"down": { "uv": [ 0, 0, 8, 1 ], "texture": "#0", "rotation": 180 },
				"up": { "uv": [ 0, 0, 8, 1 ], "texture": "#0", "rotation": 180 },
				"north": { "uv": [ 0, 0, 8, 2 ], "texture": "#0" },
				"south": { "uv": [ 0, 0, 8, 2 ], "texture": "#0" },
				"west": { "uv": [ 0, 0, 1, 2 ], "texture": "#0" },
				"east": { "uv": [ 0, 0, 1, 2 ], "texture": "#0" }
			}
		},
		{
			"from": [ 4.5, 20, 3 ],
			"to": [ 5.5, 21, 13 ],
			"faces": {
				"down": { "uv": [ 0, 0, 4, 5 ], "texture": "#texture1" },
				"up": { "uv": [ 5.5, 2, 8.5, 13.5 ], "texture": "#texture1" },
				"north": { "uv": [ 0, 6, 3.5, 9.5 ], "texture": "#texture1" },
				"south": { "uv": [ 1, 5, 4, 8 ], "texture": "#texture1" },
				"west": { "uv": [ 1.5, 3.5, 14, 5.5 ], "texture": "#texture1" },
				"east": { "uv": [ 0, 9, 4.5, 13 ], "texture": "#texture1" }
			}
		},
		{
			"from": [ 10.5, 20, 3 ],
			"to": [ 11.5, 21, 13 ],
			"faces": {
				"down": { "uv": [ 0, 0, 4, 5 ], "texture": "#texture1" },
				"up": { "uv": [ 5.5, 5, 8.5, 15.5 ], "texture": "#texture1" },
				"north": { "uv": [ 6, 7, 9, 10.5 ], "texture": "#texture1" },
				"south": { "uv": [ 1.5, 4.5, 5.5, 7.5 ], "texture": "#texture1" },
				"west": { "uv": [ 6, 6.5, 13.5, 11.5 ], "texture": "#texture1" },
				"east": { "uv": [ 4.5, 4, 15.5, 6 ], "texture": "#texture1" }
			}
		},
		{
			"from": [ 7.5, 16.5, 0.5 ],
			"to": [ 8, 17, 1 ],
			"faces": {
				"down": { "uv": [ 0, 0, 4, 5 ], "texture": "#6" },
				"up": { "uv": [ 0, 0, 5, 4 ], "texture": "#6" },
				"north": { "uv": [ 0, 0, 6.5, 6.5 ], "texture": "#6" },
				"south": { "uv": [ 0, 0, 6.5, 7 ], "texture": "#6" },
				"west": { "uv": [ 6, 6.5, 12.5, 13 ], "texture": "#6" },
				"east": { "uv": [ 6.5, 7.5, 12.5, 14.5 ], "texture": "#6" }
			}
		},
		{
			"from": [ 7.5, 17.5, 0.5 ],
			"to": [ 8, 18, 1 ],
			"faces": {
				"down": { "uv": [ 0, 0, 4, 5 ], "texture": "#6" },
				"up": { "uv": [ 0, 0, 5, 4 ], "texture": "#6" },
				"north": { "uv": [ 0, 0, 6.5, 6.5 ], "texture": "#6" },
				"south": { "uv": [ 0, 0, 6.5, 7 ], "texture": "#6" },
				"west": { "uv": [ 6, 6.5, 12.5, 13 ], "texture": "#6" },
				"east": { "uv": [ 6.5, 7.5, 12.5, 14.5 ], "texture": "#6" }
			}
		},
		{
			"from": [ 4, 20, 3.5 ],
			"to": [ 4.5, 21, 12.5 ],
			"faces": {
				"down": { "uv": [ 0, 0, 8, 8 ], "texture": "#0" },
				"up": { "uv": [ 0, 0, 8, 8 ], "texture": "#0" },
				"north": { "uv": [ 0, 0, 8, 1 ], "texture": "#0" },
				"south": { "uv": [ 0, 0, 8, 1 ], "texture": "#0" },
				"west": { "uv": [ 0, 0, 8, 1 ], "texture": "#0" },
				"east": { "uv": [ 0, 0, 8, 1 ], "texture": "#0" }
			}
		},
		{
			"from": [ 11.5, 20, 3.5 ],
			"to": [ 12, 21, 12.5 ],
			"faces": {
				"down": { "uv": [ 0, 0, 8, 8 ], "texture": "#0" },
				"up": { "uv": [ 0, 0, 8, 8 ], "texture": "#0" },
				"north": { "uv": [ 0, 0, 8, 1 ], "texture": "#0" },
				"south": { "uv": [ 0, 0, 8, 1 ], "texture": "#0" },
				"west": { "uv": [ 0, 0, 8, 1 ], "texture": "#0" },
				"east": { "uv": [ 0, 0, 8, 1 ], "texture": "#0" }
			}
		},
		{
			"from": [ 3, 15, 14 ],
			"to": [ 4.5, 18, 15 ],
			"faces": {
				"down": { "uv": [ 0, 0, 4, 5 ], "texture": "#texture1", "rotation": 180 },
				"up": { "uv": [ 0, 0, 5, 4 ], "texture": "#texture1", "rotation": 180 },
				"north": { "uv": [ 0, 0, 6.5, 7 ], "texture": "#texture1" },
				"south": { "uv": [ 1.5, 4.5, 6, 9.5 ], "texture": "#texture1" },
				"west": { "uv": [ 6.5, 7.5, 10.5, 11 ], "texture": "#texture1" },
				"east": { "uv": [ 6, 6.5, 9.5, 10.5 ], "texture": "#texture1" }
			}
		},
		{
			"from": [ 4, 18, 12 ],
			"to": [ 5.5, 20, 14 ],
			"faces": {
				"down": { "uv": [ 0, 0, 4, 5 ], "texture": "#texture1", "rotation": 180 },
				"up": { "uv": [ 0, 0, 5, 4 ], "texture": "#texture1", "rotation": 180 },
				"north": { "uv": [ 0, 0, 6.5, 7 ], "texture": "#texture1" },
				"south": { "uv": [ 0, 6, 5, 11 ], "texture": "#texture1" },
				"west": { "uv": [ 0, 9, 4.5, 13 ], "texture": "#texture1" },
				"east": { "uv": [ 6, 6.5, 12.5, 13 ], "texture": "#texture1" }
			}
		},
		{
			"from": [ 10.5, 18, 12 ],
			"to": [ 12, 20, 14 ],
			"faces": {
				"down": { "uv": [ 12, 7.4375, 16, 7.5 ], "texture": "#texture1", "rotation": 180 },
				"up": { "uv": [ 6.5, 4.5, 9, 7.9375 ], "texture": "#texture1", "rotation": 180 },
				"north": { "uv": [ 12, 3, 16, 7.5 ], "texture": "#texture1" },
				"south": { "uv": [ 16, 3, 12, 7.5 ], "texture": "#texture1" },
				"west": { "uv": [ 16, 3, 15.9375, 7.5 ], "texture": "#texture1" },
				"east": { "uv": [ 11.5, 6.5, 7, 11.5 ], "texture": "#texture1" }
			}
		},
		{
			"from": [ 11.5, 15, 14 ],
			"to": [ 13, 18, 15 ],
			"faces": {
				"down": { "uv": [ 0, 0, 4, 5 ], "texture": "#texture1", "rotation": 180 },
				"up": { "uv": [ 0, 0, 5, 4 ], "texture": "#texture1", "rotation": 180 },
				"north": { "uv": [ 0, 0, 6.5, 7 ], "texture": "#texture1" },
				"south": { "uv": [ 2, 2.5, 6.5, 7 ], "texture": "#texture1" },
				"west": { "uv": [ 5, 6, 9.5, 10.5 ], "texture": "#texture1" },
				"east": { "uv": [ 6.5, 0.5, 10, 5 ], "texture": "#texture1" }
			}
		}
	],
	"display": {
		"thirdperson_righthand": {
			"translation":  [ 0, -1.391, 0 ],
			"scale":  [ 0.3, 0.3, 0.3 ]
		},
		"thirdperson_lefthand": {
			"translation":  [ 0, -1.391, 0 ],
			"scale":  [ 0.3, 0.3, 0.3 ]
		},
		"firstperson_righthand": {
			"rotation":  [ -14, 164, -20 ],
			"translation":  [ 2.0869, -1.391, 0 ],
			"scale":  [ 0.5, 0.5, 0.5 ]
		},
		"firstperson_lefthand": {
			"rotation":  [ -14, 164, -20 ],
			"translation":  [ 2.0869, -1.391, 0 ],
			"scale":  [ 0.5, 0.5, 0.5 ]
		},
		"gui": {
			"rotation":  [ 0, 152, 0 ],
			"translation":  [ 0, -9.038, 0 ],
			"scale":  [ 0.8, 0.8, 0.8 ]
		},
		"head": {
			"translation":  [ 0, -3, 0 ],
			"scale":  [ 1.07, 1.07, 1.07 ]
		},
		"ground": {
			"scale":  [ 0.5, 0.5, 0.5 ]
		},
		"fixed": {
			"translation":  [ 0, -10.43, 0 ]
		}
	}
}
