{
	"credit": "Made with Blockbench",
	"textures": {
		"29": "blocks/wool_colored_brown",
		"30": "blocks/wool_colored_white",
		"31": "blocks/hardened_clay_stained_brown",
		"32": "blocks/wool_colored_black"
	},
	"elements": [
		{
			"name": "hexadecagon",
			"from": [1.30381, 0.5, 0.5],
			"to": [2.69619, 7.5, 1.5],
			"rotation": {"angle": -45, "axis": "z", "origin": [2, 4, 1]},
			"faces": {
				"north": {"uv": [0.5, 2.5, 1, 3], "texture": "#29"},
				"east": {"uv": [0.5, 2.5, 1, 3], "texture": "#29"},
				"south": {"uv": [0.5, 2.5, 1, 3], "texture": "#29"},
				"west": {"uv": [0.5, 2.5, 1, 3], "texture": "#29"},
				"up": {"uv": [0.5, 2.5, 1, 3], "texture": "#29"},
				"down": {"uv": [0.5, 2.5, 1, 3], "texture": "#29"}
			}
		},
		{
			"name": "hexadecagon",
			"from": [1.30381, 0.5, 0.5],
			"to": [2.69619, 7.5, 1.5],
			"rotation": {"angle": -22.5, "axis": "z", "origin": [2, 4, 1]},
			"faces": {
				"north": {"uv": [0.5, 2.5, 1, 3], "texture": "#29"},
				"east": {"uv": [0.5, 2.5, 1, 3], "texture": "#29"},
				"south": {"uv": [0.5, 2.5, 1, 3], "texture": "#29"},
				"west": {"uv": [0.5, 2.5, 1, 3], "texture": "#29"},
				"up": {"uv": [0.5, 2.5, 1, 3], "texture": "#29"},
				"down": {"uv": [0.5, 2.5, 1, 3], "texture": "#29"}
			}
		},
		{
			"name": "hexadecagon",
			"from": [1.30381, 0.5, 0.5],
			"to": [2.69619, 7.5, 1.5],
			"faces": {
				"north": {"uv": [0.5, 2.5, 1, 3], "texture": "#29"},
				"east": {"uv": [0.5, 2.5, 1, 3], "texture": "#29"},
				"south": {"uv": [0.5, 2.5, 1, 3], "texture": "#29"},
				"west": {"uv": [0.5, 2.5, 1, 3], "texture": "#29"},
				"up": {"uv": [0.5, 2.5, 1, 3], "texture": "#29"},
				"down": {"uv": [0.5, 2.5, 1, 3], "texture": "#29"}
			}
		},
		{
			"name": "hexadecagon",
			"from": [1.30381, 0.5, 0.5],
			"to": [2.69619, 7.5, 1.5],
			"rotation": {"angle": 22.5, "axis": "z", "origin": [2, 4, 1]},
			"faces": {
				"north": {"uv": [0.5, 2.5, 1, 3], "texture": "#29"},
				"east": {"uv": [0.5, 2.5, 1, 3], "texture": "#29"},
				"south": {"uv": [0.5, 2.5, 1, 3], "texture": "#29"},
				"west": {"uv": [0.5, 2.5, 1, 3], "texture": "#29"},
				"up": {"uv": [0.5, 2.5, 1, 3], "texture": "#29"},
				"down": {"uv": [0.5, 2.5, 1, 3], "texture": "#29"}
			}
		},
		{
			"name": "hexadecagon",
			"from": [1.30381, 0.5, 0.5],
			"to": [2.69619, 7.5, 1.5],
			"rotation": {"angle": 45, "axis": "z", "origin": [2, 4, 1]},
			"faces": {
				"north": {"uv": [0.5, 2.5, 1, 3], "texture": "#29"},
				"east": {"uv": [0.5, 2.5, 1, 3], "texture": "#29"},
				"south": {"uv": [0.5, 2.5, 1, 3], "texture": "#29"},
				"west": {"uv": [0.5, 2.5, 1, 3], "texture": "#29"},
				"up": {"uv": [0.5, 2.5, 1, 3], "texture": "#29"},
				"down": {"uv": [0.5, 2.5, 1, 3], "texture": "#29"}
			}
		},
		{
			"name": "hexadecagon",
			"from": [-1.5, 3.30381, 0.5],
			"to": [5.5, 4.69619, 1.5],
			"rotation": {"angle": -22.5, "axis": "z", "origin": [2, 4, 1]},
			"faces": {
				"north": {"uv": [0.5, 2.5, 1, 3], "texture": "#29"},
				"east": {"uv": [0.5, 2.5, 1, 3], "texture": "#29"},
				"south": {"uv": [0.5, 2.5, 1, 3], "texture": "#29"},
				"west": {"uv": [0.5, 2.5, 1, 3], "texture": "#29"},
				"up": {"uv": [0.5, 2.5, 1, 3], "texture": "#29"},
				"down": {"uv": [0.5, 2.5, 1, 3], "texture": "#29"}
			}
		},
		{
			"name": "hexadecagon",
			"from": [-1.5, 3.30381, 0.5],
			"to": [5.5, 4.69619, 1.5],
			"faces": {
				"north": {"uv": [0.5, 2.5, 1, 3], "texture": "#29"},
				"east": {"uv": [0.5, 2.5, 1, 3], "texture": "#29"},
				"south": {"uv": [0.5, 2.5, 1, 3], "texture": "#29"},
				"west": {"uv": [0.5, 2.5, 1, 3], "texture": "#29"},
				"up": {"uv": [0.5, 2.5, 1, 3], "texture": "#29"},
				"down": {"uv": [0.5, 2.5, 1, 3], "texture": "#29"}
			}
		},
		{
			"name": "hexadecagon",
			"from": [-1.5, 3.30381, 0.5],
			"to": [5.5, 4.69619, 1.5],
			"rotation": {"angle": 22.5, "axis": "z", "origin": [2, 4, 1]},
			"faces": {
				"north": {"uv": [0.5, 2.5, 1, 3], "texture": "#29"},
				"east": {"uv": [0.5, 2.5, 1, 3], "texture": "#29"},
				"south": {"uv": [0.5, 2.5, 1, 3], "texture": "#29"},
				"west": {"uv": [0.5, 2.5, 1, 3], "texture": "#29"},
				"up": {"uv": [0.5, 2.5, 1, 3], "texture": "#29"},
				"down": {"uv": [0.5, 2.5, 1, 3], "texture": "#29"}
			}
		},
		{
			"name": "hexadecagon",
			"from": [13.30381, 0.5, 0.5],
			"to": [14.69619, 7.5, 1.5],
			"rotation": {"angle": -45, "axis": "z", "origin": [14, 4, 1]},
			"faces": {
				"north": {"uv": [0.5, 2.5, 1, 3], "texture": "#29"},
				"east": {"uv": [0.5, 2.5, 1, 3], "texture": "#29"},
				"south": {"uv": [0.5, 2.5, 1, 3], "texture": "#29"},
				"west": {"uv": [0.5, 2.5, 1, 3], "texture": "#29"},
				"up": {"uv": [0.5, 2.5, 1, 3], "texture": "#29"},
				"down": {"uv": [0.5, 2.5, 1, 3], "texture": "#29"}
			}
		},
		{
			"name": "hexadecagon",
			"from": [13.30381, 0.5, 0.5],
			"to": [14.69619, 7.5, 1.5],
			"rotation": {"angle": -22.5, "axis": "z", "origin": [14, 4, 1]},
			"faces": {
				"north": {"uv": [0.5, 2.5, 1, 3], "texture": "#29"},
				"east": {"uv": [0.5, 2.5, 1, 3], "texture": "#29"},
				"south": {"uv": [0.5, 2.5, 1, 3], "texture": "#29"},
				"west": {"uv": [0.5, 2.5, 1, 3], "texture": "#29"},
				"up": {"uv": [0.5, 2.5, 1, 3], "texture": "#29"},
				"down": {"uv": [0.5, 2.5, 1, 3], "texture": "#29"}
			}
		},
		{
			"name": "hexadecagon",
			"from": [13.30381, 0.5, 0.5],
			"to": [14.69619, 7.5, 1.5],
			"faces": {
				"north": {"uv": [0.5, 2.5, 1, 3], "texture": "#29"},
				"east": {"uv": [0.5, 2.5, 1, 3], "texture": "#29"},
				"south": {"uv": [0.5, 2.5, 1, 3], "texture": "#29"},
				"west": {"uv": [0.5, 2.5, 1, 3], "texture": "#29"},
				"up": {"uv": [0.5, 2.5, 1, 3], "texture": "#29"},
				"down": {"uv": [0.5, 2.5, 1, 3], "texture": "#29"}
			}
		},
		{
			"name": "hexadecagon",
			"from": [13.30381, 0.5, 0.5],
			"to": [14.69619, 7.5, 1.5],
			"rotation": {"angle": 22.5, "axis": "z", "origin": [14, 4, 1]},
			"faces": {
				"north": {"uv": [0.5, 2.5, 1, 3], "texture": "#29"},
				"east": {"uv": [0.5, 2.5, 1, 3], "texture": "#29"},
				"south": {"uv": [0.5, 2.5, 1, 3], "texture": "#29"},
				"west": {"uv": [0.5, 2.5, 1, 3], "texture": "#29"},
				"up": {"uv": [0.5, 2.5, 1, 3], "texture": "#29"},
				"down": {"uv": [0.5, 2.5, 1, 3], "texture": "#29"}
			}
		},
		{
			"name": "hexadecagon",
			"from": [13.30381, 0.5, 0.5],
			"to": [14.69619, 7.5, 1.5],
			"rotation": {"angle": 45, "axis": "z", "origin": [14, 4, 1]},
			"faces": {
				"north": {"uv": [0.5, 2.5, 1, 3], "texture": "#29"},
				"east": {"uv": [0.5, 2.5, 1, 3], "texture": "#29"},
				"south": {"uv": [0.5, 2.5, 1, 3], "texture": "#29"},
				"west": {"uv": [0.5, 2.5, 1, 3], "texture": "#29"},
				"up": {"uv": [0.5, 2.5, 1, 3], "texture": "#29"},
				"down": {"uv": [0.5, 2.5, 1, 3], "texture": "#29"}
			}
		},
		{
			"name": "hexadecagon",
			"from": [10.5, 3.30381, 0.5],
			"to": [17.5, 4.69619, 1.5],
			"rotation": {"angle": -22.5, "axis": "z", "origin": [14, 4, 1]},
			"faces": {
				"north": {"uv": [0.5, 2.5, 1, 3], "texture": "#29"},
				"east": {"uv": [0.5, 2.5, 1, 3], "texture": "#29"},
				"south": {"uv": [0.5, 2.5, 1, 3], "texture": "#29"},
				"west": {"uv": [0.5, 2.5, 1, 3], "texture": "#29"},
				"up": {"uv": [0.5, 2.5, 1, 3], "texture": "#29"},
				"down": {"uv": [0.5, 2.5, 1, 3], "texture": "#29"}
			}
		},
		{
			"name": "hexadecagon",
			"from": [10.5, 3.30381, 0.5],
			"to": [17.5, 4.69619, 1.5],
			"faces": {
				"north": {"uv": [0.5, 2.5, 1, 3], "texture": "#29"},
				"east": {"uv": [0.5, 2.5, 1, 3], "texture": "#29"},
				"south": {"uv": [0.5, 2.5, 1, 3], "texture": "#29"},
				"west": {"uv": [0.5, 2.5, 1, 3], "texture": "#29"},
				"up": {"uv": [0.5, 2.5, 1, 3], "texture": "#29"},
				"down": {"uv": [0.5, 2.5, 1, 3], "texture": "#29"}
			}
		},
		{
			"name": "hexadecagon",
			"from": [10.5, 3.30381, 0.5],
			"to": [17.5, 4.69619, 1.5],
			"rotation": {"angle": 22.5, "axis": "z", "origin": [14, 4, 1]},
			"faces": {
				"north": {"uv": [0.5, 2.5, 1, 3], "texture": "#29"},
				"east": {"uv": [0.5, 2.5, 1, 3], "texture": "#29"},
				"south": {"uv": [0.5, 2.5, 1, 3], "texture": "#29"},
				"west": {"uv": [0.5, 2.5, 1, 3], "texture": "#29"},
				"up": {"uv": [0.5, 2.5, 1, 3], "texture": "#29"},
				"down": {"uv": [0.5, 2.5, 1, 3], "texture": "#29"}
			}
		},
		{
			"from": [4.75, 2.5, 0],
			"to": [5, 3.25, 0.25],
			"rotation": {"angle": -45, "axis": "z", "origin": [8, 8, 8]},
			"faces": {
				"north": {"uv": [1, 1, 2, 2], "texture": "#30"},
				"east": {"uv": [1, 1, 2, 2], "texture": "#30"},
				"south": {"uv": [1, 1, 2, 2], "texture": "#30"},
				"west": {"uv": [1, 1, 2, 2], "texture": "#30"},
				"up": {"uv": [1, 1, 2, 2], "texture": "#30"},
				"down": {"uv": [1, 1, 2, 2], "texture": "#30"}
			}
		},
		{
			"from": [2.70886, 2.77699, -0.00031],
			"to": [2.95886, 3.52699, 0.24969],
			"rotation": {"angle": -22.5, "axis": "z", "origin": [8.20886, 8.02699, 8.24969]},
			"faces": {
				"north": {"uv": [0, 1, 1, 2], "texture": "#30"},
				"east": {"uv": [0, 1, 1, 2], "texture": "#30"},
				"south": {"uv": [0, 1, 1, 2], "texture": "#30"},
				"west": {"uv": [0, 1, 1, 2], "texture": "#30"},
				"up": {"uv": [0, 1, 1, 2], "texture": "#30"},
				"down": {"uv": [0, 1, 1, 2], "texture": "#30"}
			}
		},
		{
			"from": [2.70886, 1.27699, -0.00031],
			"to": [2.95886, 2.02699, 0.24969],
			"rotation": {"angle": -22.5, "axis": "z", "origin": [8.20886, 8.02699, 8.24969]},
			"faces": {
				"north": {"uv": [1, 1, 2, 2], "texture": "#30"},
				"east": {"uv": [1, 1, 2, 2], "texture": "#30"},
				"south": {"uv": [1, 1, 2, 2], "texture": "#30"},
				"west": {"uv": [1, 1, 2, 2], "texture": "#30"},
				"up": {"uv": [1, 1, 2, 2], "texture": "#30"},
				"down": {"uv": [1, 1, 2, 2], "texture": "#30"}
			}
		},
		{
			"from": [0.45886, 2.27699, -0.00031],
			"to": [0.70886, 3.02699, 0.24969],
			"faces": {
				"north": {"uv": [1, 1, 2, 2], "texture": "#30"},
				"east": {"uv": [1, 1, 2, 2], "texture": "#30"},
				"south": {"uv": [1, 1, 2, 2], "texture": "#30"},
				"west": {"uv": [1, 1, 2, 2], "texture": "#30"},
				"up": {"uv": [1, 1, 2, 2], "texture": "#30"},
				"down": {"uv": [1, 1, 2, 2], "texture": "#30"}
			}
		},
		{
			"from": [-0.73194, 3.96685, 0.01074],
			"to": [-0.48194, 4.71685, 0.26074],
			"rotation": {"angle": 22.5, "axis": "z", "origin": [8.26806, 7.71685, 8.26074]},
			"faces": {
				"north": {"uv": [1, 1, 2, 2], "texture": "#30"},
				"east": {"uv": [1, 1, 2, 2], "texture": "#30"},
				"south": {"uv": [1, 1, 2, 2], "texture": "#30"},
				"west": {"uv": [1, 1, 2, 2], "texture": "#30"},
				"up": {"uv": [1, 1, 2, 2], "texture": "#30"},
				"down": {"uv": [1, 1, 2, 2], "texture": "#30"}
			}
		},
		{
			"from": [-1.23194, 3.96685, 0.01074],
			"to": [-0.98194, 4.71685, 0.26074],
			"rotation": {"angle": 22.5, "axis": "z", "origin": [8.26806, 7.71685, 8.26074]},
			"faces": {
				"north": {"uv": [1, 1, 2, 2], "texture": "#30"},
				"east": {"uv": [1, 1, 2, 2], "texture": "#30"},
				"south": {"uv": [1, 1, 2, 2], "texture": "#30"},
				"west": {"uv": [1, 1, 2, 2], "texture": "#30"},
				"up": {"uv": [1, 1, 2, 2], "texture": "#30"},
				"down": {"uv": [1, 1, 2, 2], "texture": "#30"}
			}
		},
		{
			"from": [0.95886, 2.27699, -0.00031],
			"to": [1.20886, 3.02699, 0.24969],
			"faces": {
				"north": {"uv": [1, 1, 2, 2], "texture": "#30"},
				"east": {"uv": [1, 1, 2, 2], "texture": "#30"},
				"south": {"uv": [1, 1, 2, 2], "texture": "#30"},
				"west": {"uv": [1, 1, 2, 2], "texture": "#30"},
				"up": {"uv": [1, 1, 2, 2], "texture": "#30"},
				"down": {"uv": [1, 1, 2, 2], "texture": "#30"}
			}
		},
		{
			"from": [3.20886, 1.27699, -0.00031],
			"to": [3.45886, 2.02699, 0.24969],
			"rotation": {"angle": -22.5, "axis": "z", "origin": [8.20886, 8.02699, 8.24969]},
			"faces": {
				"north": {"uv": [1, 1, 2, 2], "texture": "#30"},
				"east": {"uv": [1, 1, 2, 2], "texture": "#30"},
				"south": {"uv": [1, 1, 2, 2], "texture": "#30"},
				"west": {"uv": [1, 1, 2, 2], "texture": "#30"},
				"up": {"uv": [1, 1, 2, 2], "texture": "#30"},
				"down": {"uv": [1, 1, 2, 2], "texture": "#30"}
			}
		},
		{
			"from": [3.20886, 2.77699, -0.00031],
			"to": [3.45886, 3.52699, 0.24969],
			"rotation": {"angle": -22.5, "axis": "z", "origin": [8.20886, 8.02699, 8.24969]},
			"faces": {
				"north": {"uv": [0, 1, 1, 2], "texture": "#30"},
				"east": {"uv": [0, 1, 1, 2], "texture": "#30"},
				"south": {"uv": [0, 1, 1, 2], "texture": "#30"},
				"west": {"uv": [0, 1, 1, 2], "texture": "#30"},
				"up": {"uv": [0, 1, 1, 2], "texture": "#30"},
				"down": {"uv": [0, 1, 1, 2], "texture": "#30"}
			}
		},
		{
			"from": [5.25, 2.5, 0],
			"to": [5.5, 3.25, 0.25],
			"rotation": {"angle": -45, "axis": "z", "origin": [8, 8, 8]},
			"faces": {
				"north": {"uv": [1, 1, 2, 2], "texture": "#30"},
				"east": {"uv": [1, 1, 2, 2], "texture": "#30"},
				"south": {"uv": [1, 1, 2, 2], "texture": "#30"},
				"west": {"uv": [1, 1, 2, 2], "texture": "#30"},
				"up": {"uv": [1, 1, 2, 2], "texture": "#30"},
				"down": {"uv": [1, 1, 2, 2], "texture": "#30"}
			}
		},
		{
			"from": [5, 2, 0.25],
			"to": [5.25, 3.75, 0.5],
			"rotation": {"angle": -45, "axis": "z", "origin": [8, 8, 8]},
			"faces": {
				"north": {"uv": [1, 1, 2, 2], "texture": "#32"},
				"east": {"uv": [1, 1, 2, 2], "texture": "#32"},
				"south": {"uv": [1, 1, 2, 2], "texture": "#32"},
				"west": {"uv": [1, 1, 2, 2], "texture": "#32"},
				"up": {"uv": [1, 1, 2, 2], "texture": "#32"},
				"down": {"uv": [1, 1, 2, 2], "texture": "#32"}
			}
		},
		{
			"from": [3.12974, 1.8881, 0.25],
			"to": [3.37974, 4.3881, 0.5],
			"rotation": {"angle": -22.5, "axis": "z", "origin": [6.12974, 8.8881, 8]},
			"faces": {
				"north": {"uv": [1, 1, 2, 3], "texture": "#32"},
				"east": {"uv": [1, 1, 2, 3], "texture": "#32"},
				"south": {"uv": [1, 1, 2, 3], "texture": "#32"},
				"west": {"uv": [1, 1, 2, 3], "texture": "#32"},
				"up": {"uv": [1, 1, 2, 3], "texture": "#32"},
				"down": {"uv": [1, 1, 2, 3], "texture": "#32"}
			}
		},
		{
			"from": [0.67929, 1.81901, 0.25002],
			"to": [0.92929, 3.56901, 0.50002],
			"faces": {
				"north": {"uv": [1, 1, 2, 2], "texture": "#32"},
				"east": {"uv": [1, 1, 2, 2], "texture": "#32"},
				"south": {"uv": [1, 1, 2, 2], "texture": "#32"},
				"west": {"uv": [1, 1, 2, 2], "texture": "#32"},
				"up": {"uv": [1, 1, 2, 2], "texture": "#32"},
				"down": {"uv": [1, 1, 2, 2], "texture": "#32"}
			}
		},
		{
			"from": [-1.27118, 1.37453, 0.25004],
			"to": [-1.02118, 2.62453, 0.50004],
			"rotation": {"angle": 22.5, "axis": "z", "origin": [1.72882, 7.12453, 8.00004]},
			"faces": {
				"north": {"uv": [1, 1, 2, 2], "texture": "#32"},
				"east": {"uv": [1, 1, 2, 2], "texture": "#32"},
				"south": {"uv": [1, 1, 2, 2], "texture": "#32"},
				"west": {"uv": [1, 1, 2, 2], "texture": "#32"},
				"up": {"uv": [1, 1, 2, 2], "texture": "#32"},
				"down": {"uv": [1, 1, 2, 2], "texture": "#32"}
			}
		},
		{
			"from": [4.97042, 2.32186, 0.25061],
			"to": [5.47042, 4.07186, 0.50061],
			"rotation": {"angle": -45, "axis": "z", "origin": [7.47042, 7.82186, 8.25061]},
			"faces": {
				"north": {"uv": [1, 1, 2, 2], "texture": "#31"},
				"east": {"uv": [1, 1, 2, 2], "texture": "#31"},
				"south": {"uv": [1, 1, 2, 2], "texture": "#31"},
				"west": {"uv": [1, 1, 2, 2], "texture": "#31"},
				"up": {"uv": [1, 1, 2, 2], "texture": "#31"},
				"down": {"uv": [1, 1, 2, 2], "texture": "#31"}
			}
		},
		{
			"from": [3.20469, 2.01545, 0.2591],
			"to": [3.70469, 4.51545, 0.5091],
			"rotation": {"angle": -22.5, "axis": "z", "origin": [5.70469, 8.51545, 8.2591]},
			"faces": {
				"north": {"uv": [1, 1, 2, 3], "texture": "#31"},
				"east": {"uv": [1, 1, 2, 3], "texture": "#31"},
				"south": {"uv": [1, 1, 2, 3], "texture": "#31"},
				"west": {"uv": [1, 1, 2, 3], "texture": "#31"},
				"up": {"uv": [1, 1, 2, 3], "texture": "#31"},
				"down": {"uv": [1, 1, 2, 3], "texture": "#31"}
			}
		},
		{
			"from": [0.90939, 1.96293, 0.26127],
			"to": [1.40939, 3.46293, 0.51127],
			"faces": {
				"north": {"uv": [1, 1, 2, 2], "texture": "#31"},
				"east": {"uv": [1, 1, 2, 2], "texture": "#31"},
				"south": {"uv": [1, 1, 2, 2], "texture": "#31"},
				"west": {"uv": [1, 1, 2, 2], "texture": "#31"},
				"up": {"uv": [1, 1, 2, 2], "texture": "#31"},
				"down": {"uv": [1, 1, 2, 2], "texture": "#31"}
			}
		},
		{
			"from": [-0.81175, 1.36515, 0.26138],
			"to": [-0.31175, 2.61515, 0.51138],
			"rotation": {"angle": 22.5, "axis": "z", "origin": [1.68825, 6.61515, 8.26138]},
			"faces": {
				"north": {"uv": [1, 1, 2, 2], "texture": "#31"},
				"east": {"uv": [1, 1, 2, 2], "texture": "#31"},
				"south": {"uv": [1, 1, 2, 2], "texture": "#31"},
				"west": {"uv": [1, 1, 2, 2], "texture": "#31"},
				"up": {"uv": [1, 1, 2, 2], "texture": "#31"},
				"down": {"uv": [1, 1, 2, 2], "texture": "#31"}
			}
		},
		{
			"from": [-1.3945, 1.11175, 0.25031],
			"to": [-0.8945, 2.61175, 0.50031],
			"rotation": {"angle": 22.5, "axis": "z", "origin": [1.1055, 6.36175, 8.25031]},
			"faces": {
				"north": {"uv": [1, 1, 2, 2], "texture": "#31"},
				"east": {"uv": [1, 1, 2, 2], "texture": "#31"},
				"south": {"uv": [1, 1, 2, 2], "texture": "#31"},
				"west": {"uv": [1, 1, 2, 2], "texture": "#31"},
				"up": {"uv": [1, 1, 2, 2], "texture": "#31"},
				"down": {"uv": [1, 1, 2, 2], "texture": "#31"}
			}
		},
		{
			"from": [0.23105, 1.94029, 0.25033],
			"to": [0.73105, 3.69029, 0.50033],
			"faces": {
				"north": {"uv": [1, 1, 2, 2], "texture": "#31"},
				"east": {"uv": [1, 1, 2, 2], "texture": "#31"},
				"south": {"uv": [1, 1, 2, 2], "texture": "#31"},
				"west": {"uv": [1, 1, 2, 2], "texture": "#31"},
				"up": {"uv": [1, 1, 2, 2], "texture": "#31"},
				"down": {"uv": [1, 1, 2, 2], "texture": "#31"}
			}
		},
		{
			"from": [2.471, 1.95174, 0.25047],
			"to": [2.971, 4.70174, 0.50047],
			"rotation": {"angle": -22.5, "axis": "z", "origin": [5.721, 8.45174, 8.25047]},
			"faces": {
				"north": {"uv": [1, 1, 2, 3], "texture": "#31"},
				"east": {"uv": [1, 1, 2, 3], "texture": "#31"},
				"south": {"uv": [1, 1, 2, 3], "texture": "#31"},
				"west": {"uv": [1, 1, 2, 3], "texture": "#31"},
				"up": {"uv": [1, 1, 2, 3], "texture": "#31"},
				"down": {"uv": [1, 1, 2, 3], "texture": "#31"}
			}
		},
		{
			"from": [4.22042, 2.32186, 0.25061],
			"to": [4.72042, 4.07186, 0.50061],
			"rotation": {"angle": -45, "axis": "z", "origin": [7.47042, 7.82186, 8.25061]},
			"faces": {
				"north": {"uv": [1, 1, 2, 2], "texture": "#31"},
				"east": {"uv": [1, 1, 2, 2], "texture": "#31"},
				"south": {"uv": [1, 1, 2, 2], "texture": "#31"},
				"west": {"uv": [1, 1, 2, 2], "texture": "#31"},
				"up": {"uv": [1, 1, 2, 2], "texture": "#31"},
				"down": {"uv": [1, 1, 2, 2], "texture": "#31"}
			}
		},
		{
			"from": [11.5, 3.75, 0.25],
			"to": [13, 4.25, 1.25],
			"rotation": {"angle": -22.5, "axis": "z", "origin": [8, 8, 8]},
			"faces": {
				"north": {"uv": [1, 1, 2, 2], "texture": "#32"},
				"east": {"uv": [1, 1, 2, 2], "texture": "#32"},
				"south": {"uv": [1, 1, 2, 2], "texture": "#32"},
				"west": {"uv": [1, 1, 2, 2], "texture": "#32"},
				"up": {"uv": [1, 1, 2, 2], "texture": "#32"},
				"down": {"uv": [1, 1, 2, 2], "texture": "#32"}
			}
		},
		{
			"from": [2.84732, 3.75059, 0.24912],
			"to": [4.59732, 4.25059, 1.24912],
			"rotation": {"angle": 22.5, "axis": "z", "origin": [8.09732, 8.00059, 7.99912]},
			"faces": {
				"north": {"uv": [1, 1, 2, 2], "texture": "#32"},
				"east": {"uv": [1, 1, 2, 2], "texture": "#32"},
				"south": {"uv": [1, 1, 2, 2], "texture": "#32"},
				"west": {"uv": [1, 1, 2, 2], "texture": "#32"},
				"up": {"uv": [1, 1, 2, 2], "texture": "#32"},
				"down": {"uv": [1, 1, 2, 2], "texture": "#32"}
			}
		},
		{
			"from": [6.2988, 2.69648, 0.24929],
			"to": [9.7988, 3.19648, 1.24929],
			"faces": {
				"north": {"uv": [1, 1, 4, 2], "texture": "#32"},
				"east": {"uv": [1, 1, 4, 2], "texture": "#32"},
				"south": {"uv": [1, 1, 4, 2], "texture": "#32"},
				"west": {"uv": [1, 1, 4, 2], "texture": "#32"},
				"up": {"uv": [1, 1, 4, 2], "texture": "#32"},
				"down": {"uv": [1, 1, 4, 2], "texture": "#32"}
			}
		}
	],
	"display": {
		"thirdperson_righthand": {
			"translation": [0, 2, 2.75],
			"scale": [0.41, 0.41, 0.41]
		},
		"thirdperson_lefthand": {
			"translation": [0, 2, 2.75],
			"scale": [0.41, 0.41, 0.41]
		},
		"firstperson_righthand": {
			"rotation": [0, -14, 0],
			"translation": [6.25, 0, 0]
		},
		"firstperson_lefthand": {
			"rotation": [0, -14, 0],
			"translation": [6.25, 0, 0]
		},
		"gui": {
			"rotation": [0, -180, 0],
			"translation": [0.75, 3.5, 0],
			"scale": [0.79, 0.79, 0.79]
		},
		"head": {
			"translation": [-0.25, 12, 3.25]
		},
		"fixed": {
			"translation": [0, 4.75, 6.5]
		}
	},
	"groups": [
		{
			"name": "hexadecagon",
			"origin": [8, 8, 8],
			"children": [0, 1, 2, 3, 4, 5, 6, 7]
		},
		{
			"name": "hexadecagon",
			"origin": [8, 8, 8],
			"children": [8, 9, 10, 11, 12, 13, 14, 15]
		}, 16, 17, 18, 19, 20, 21, 22, 23, 24, 25, 26, 27, 28, 29, 30, 31, 32, 33, 34, 35, 36, 37, 38, 39, 40]
}
