{
	"credit": "Made with Blockbench",
	"textures": {
		"1": "custom/zebra_print",
		"particle": "custom/zebra_print"
	},
	"elements": [
		{
			"name": "hexadecagon",
			"from": [-0.5, 11.80653, 11],
			"to": [0.5, 14.19347, 23],
			"rotation": {"angle": -45, "axis": "x", "origin": [0, 13, 17]},
			"faces": {
				"north": {"uv": [0, 0, 12, 2.38694], "texture": "#1"},
				"east": {"uv": [0, 0, 12, 2.38694], "texture": "#1"},
				"south": {"uv": [0, 0, 12, 2.38694], "texture": "#1"},
				"west": {"uv": [0, 0, 12, 2.38694], "texture": "#1"},
				"up": {"uv": [0, 0, 12, 2.38694], "texture": "#1"},
				"down": {"uv": [0, 0, 12, 2.38694], "texture": "#1"}
			}
		},
		{
			"name": "hexadecagon",
			"from": [-0.5, 11.80653, 11],
			"to": [0.5, 14.19347, 23],
			"rotation": {"angle": -22.5, "axis": "x", "origin": [0, 13, 17]},
			"faces": {
				"north": {"uv": [0, 0, 12, 2.38694], "texture": "#1"},
				"east": {"uv": [0, 0, 12, 2.38694], "texture": "#1"},
				"south": {"uv": [0, 0, 12, 2.38694], "texture": "#1"},
				"west": {"uv": [0, 0, 12, 2.38694], "texture": "#1"},
				"up": {"uv": [0, 0, 12, 2.38694], "texture": "#1"},
				"down": {"uv": [0, 0, 12, 2.38694], "texture": "#1"}
			}
		},
		{
			"name": "hexadecagon",
			"from": [-0.5, 11.80653, 11],
			"to": [0.5, 14.19347, 23],
			"faces": {
				"north": {"uv": [0, 0, 12, 2.38694], "texture": "#1"},
				"east": {"uv": [0, 0, 12, 2.38694], "texture": "#1"},
				"south": {"uv": [0, 0, 12, 2.38694], "texture": "#1"},
				"west": {"uv": [0, 0, 12, 2.38694], "texture": "#1"},
				"up": {"uv": [0, 0, 12, 2.38694], "texture": "#1"},
				"down": {"uv": [0, 0, 12, 2.38694], "texture": "#1"}
			}
		},
		{
			"name": "hexadecagon",
			"from": [-0.5, 11.80653, 11],
			"to": [0.5, 14.19347, 23],
			"rotation": {"angle": 22.5, "axis": "x", "origin": [0, 13, 17]},
			"faces": {
				"north": {"uv": [0, 0, 12, 2.38694], "texture": "#1"},
				"east": {"uv": [0, 0, 12, 2.38694], "texture": "#1"},
				"south": {"uv": [0, 0, 12, 2.38694], "texture": "#1"},
				"west": {"uv": [0, 0, 12, 2.38694], "texture": "#1"},
				"up": {"uv": [0, 0, 12, 2.38694], "texture": "#1"},
				"down": {"uv": [0, 0, 12, 2.38694], "texture": "#1"}
			}
		},
		{
			"name": "hexadecagon",
			"from": [-0.5, 11.80653, 11],
			"to": [0.5, 14.19347, 23],
			"rotation": {"angle": 45, "axis": "x", "origin": [0, 13, 17]},
			"faces": {
				"north": {"uv": [0, 0, 12, 2.38694], "texture": "#1"},
				"east": {"uv": [0, 0, 12, 2.38694], "texture": "#1"},
				"south": {"uv": [0, 0, 12, 2.38694], "texture": "#1"},
				"west": {"uv": [0, 0, 12, 2.38694], "texture": "#1"},
				"up": {"uv": [0, 0, 12, 2.38694], "texture": "#1"},
				"down": {"uv": [0, 0, 12, 2.38694], "texture": "#1"}
			}
		},
		{
			"name": "hexadecagon",
			"from": [-0.5, 7, 15.80653],
			"to": [0.5, 19, 18.19347],
			"rotation": {"angle": -22.5, "axis": "x", "origin": [0, 13, 17]},
			"faces": {
				"north": {"uv": [0, 0, 2.38694, 12], "texture": "#1"},
				"east": {"uv": [0, 0, 2.38694, 12], "texture": "#1"},
				"south": {"uv": [0, 0, 2.38694, 12], "texture": "#1"},
				"west": {"uv": [0, 0, 2.38694, 12], "texture": "#1"},
				"up": {"uv": [0, 0, 2.38694, 12], "texture": "#1"},
				"down": {"uv": [0, 0, 2.38694, 12], "texture": "#1"}
			}
		},
		{
			"name": "hexadecagon",
			"from": [-0.5, 7, 15.80653],
			"to": [0.5, 19, 18.19347],
			"faces": {
				"north": {"uv": [0, 0, 2.38694, 12], "texture": "#1"},
				"east": {"uv": [0, 0, 2.38694, 12], "texture": "#1"},
				"south": {"uv": [0, 0, 2.38694, 12], "texture": "#1"},
				"west": {"uv": [0, 0, 2.38694, 12], "texture": "#1"},
				"up": {"uv": [0, 0, 2.38694, 12], "texture": "#1"},
				"down": {"uv": [0, 0, 2.38694, 12], "texture": "#1"}
			}
		},
		{
			"name": "hexadecagon",
			"from": [-0.5, 7, 15.80653],
			"to": [0.5, 19, 18.19347],
			"rotation": {"angle": 22.5, "axis": "x", "origin": [0, 13, 17]},
			"faces": {
				"north": {"uv": [0, 0, 2.38694, 12], "texture": "#1"},
				"east": {"uv": [0, 0, 2.38694, 12], "texture": "#1"},
				"south": {"uv": [0, 0, 2.38694, 12], "texture": "#1"},
				"west": {"uv": [0, 0, 2.38694, 12], "texture": "#1"},
				"up": {"uv": [0, 0, 2.38694, 12], "texture": "#1"},
				"down": {"uv": [0, 0, 2.38694, 12], "texture": "#1"}
			}
		},
		{
			"name": "hexadecagon",
			"from": [-0.5, 11.80653, -7],
			"to": [0.5, 14.19347, 5],
			"rotation": {"angle": -45, "axis": "x", "origin": [0, 13, -1]},
			"faces": {
				"north": {"uv": [0, 0, 12, 2.38694], "texture": "#1"},
				"east": {"uv": [0, 0, 12, 2.38694], "texture": "#1"},
				"south": {"uv": [0, 0, 12, 2.38694], "texture": "#1"},
				"west": {"uv": [0, 0, 12, 2.38694], "texture": "#1"},
				"up": {"uv": [0, 0, 12, 2.38694], "texture": "#1"},
				"down": {"uv": [0, 0, 12, 2.38694], "texture": "#1"}
			}
		},
		{
			"name": "hexadecagon",
			"from": [-0.5, 11.80653, -7],
			"to": [0.5, 14.19347, 5],
			"rotation": {"angle": -22.5, "axis": "x", "origin": [0, 13, -1]},
			"faces": {
				"north": {"uv": [0, 0, 12, 2.38694], "texture": "#1"},
				"east": {"uv": [0, 0, 12, 2.38694], "texture": "#1"},
				"south": {"uv": [0, 0, 12, 2.38694], "texture": "#1"},
				"west": {"uv": [0, 0, 12, 2.38694], "texture": "#1"},
				"up": {"uv": [0, 0, 12, 2.38694], "texture": "#1"},
				"down": {"uv": [0, 0, 12, 2.38694], "texture": "#1"}
			}
		},
		{
			"name": "hexadecagon",
			"from": [-0.5, 11.80653, -7],
			"to": [0.5, 14.19347, 5],
			"faces": {
				"north": {"uv": [0, 0, 12, 2.38694], "texture": "#1"},
				"east": {"uv": [0, 0, 12, 2.38694], "texture": "#1"},
				"south": {"uv": [0, 0, 12, 2.38694], "texture": "#1"},
				"west": {"uv": [0, 0, 12, 2.38694], "texture": "#1"},
				"up": {"uv": [0, 0, 12, 2.38694], "texture": "#1"},
				"down": {"uv": [0, 0, 12, 2.38694], "texture": "#1"}
			}
		},
		{
			"name": "hexadecagon",
			"from": [-0.5, 11.80653, -7],
			"to": [0.5, 14.19347, 5],
			"rotation": {"angle": 22.5, "axis": "x", "origin": [0, 13, -1]},
			"faces": {
				"north": {"uv": [0, 0, 12, 2.38694], "texture": "#1"},
				"east": {"uv": [0, 0, 12, 2.38694], "texture": "#1"},
				"south": {"uv": [0, 0, 12, 2.38694], "texture": "#1"},
				"west": {"uv": [0, 0, 12, 2.38694], "texture": "#1"},
				"up": {"uv": [0, 0, 12, 2.38694], "texture": "#1"},
				"down": {"uv": [0, 0, 12, 2.38694], "texture": "#1"}
			}
		},
		{
			"name": "hexadecagon",
			"from": [-0.5, 11.80653, -7],
			"to": [0.5, 14.19347, 5],
			"rotation": {"angle": 45, "axis": "x", "origin": [0, 13, -1]},
			"faces": {
				"north": {"uv": [0, 0, 12, 2.38694], "texture": "#1"},
				"east": {"uv": [0, 0, 12, 2.38694], "texture": "#1"},
				"south": {"uv": [0, 0, 12, 2.38694], "texture": "#1"},
				"west": {"uv": [0, 0, 12, 2.38694], "texture": "#1"},
				"up": {"uv": [0, 0, 12, 2.38694], "texture": "#1"},
				"down": {"uv": [0, 0, 12, 2.38694], "texture": "#1"}
			}
		},
		{
			"name": "hexadecagon",
			"from": [-0.5, 7, -2.19347],
			"to": [0.5, 19, 0.19347],
			"rotation": {"angle": -22.5, "axis": "x", "origin": [0, 13, -1]},
			"faces": {
				"north": {"uv": [0, 0, 2.38694, 12], "texture": "#1"},
				"east": {"uv": [0, 0, 2.38694, 12], "texture": "#1"},
				"south": {"uv": [0, 0, 2.38694, 12], "texture": "#1"},
				"west": {"uv": [0, 0, 2.38694, 12], "texture": "#1"},
				"up": {"uv": [0, 0, 2.38694, 12], "texture": "#1"},
				"down": {"uv": [0, 0, 2.38694, 12], "texture": "#1"}
			}
		},
		{
			"name": "hexadecagon",
			"from": [-0.5, 7, -2.19347],
			"to": [0.5, 19, 0.19347],
			"faces": {
				"north": {"uv": [0, 0, 2.38694, 12], "texture": "#1"},
				"east": {"uv": [0, 0, 2.38694, 12], "texture": "#1"},
				"south": {"uv": [0, 0, 2.38694, 12], "texture": "#1"},
				"west": {"uv": [0, 0, 2.38694, 12], "texture": "#1"},
				"up": {"uv": [0, 0, 2.38694, 12], "texture": "#1"},
				"down": {"uv": [0, 0, 2.38694, 12], "texture": "#1"}
			}
		},
		{
			"name": "hexadecagon",
			"from": [-0.5, 7, -2.19347],
			"to": [0.5, 19, 0.19347],
			"rotation": {"angle": 22.5, "axis": "x", "origin": [0, 13, -1]},
			"faces": {
				"north": {"uv": [0, 0, 2.38694, 12], "texture": "#1"},
				"east": {"uv": [0, 0, 2.38694, 12], "texture": "#1"},
				"south": {"uv": [0, 0, 2.38694, 12], "texture": "#1"},
				"west": {"uv": [0, 0, 2.38694, 12], "texture": "#1"},
				"up": {"uv": [0, 0, 2.38694, 12], "texture": "#1"},
				"down": {"uv": [0, 0, 2.38694, 12], "texture": "#1"}
			}
		},
		{
			"from": [-0.6, 10, -6],
			"to": [0.6, 16, 4],
			"faces": {
				"north": {"uv": [0, 0, 10, 6], "texture": "#1"},
				"east": {"uv": [0, 0, 10, 6], "texture": "#1"},
				"south": {"uv": [0, 0, 10, 6], "texture": "#1"},
				"west": {"uv": [0, 0, 10, 6], "texture": "#1"},
				"up": {"uv": [0, 0, 10, 6], "texture": "#1"},
				"down": {"uv": [0, 0, 10, 6], "texture": "#1"}
			}
		},
		{
			"from": [-0.6, 10, 12],
			"to": [0.6, 16, 22],
			"faces": {
				"north": {"uv": [0, 0, 10, 6], "texture": "#1"},
				"east": {"uv": [0, 0, 10, 6], "texture": "#1"},
				"south": {"uv": [0, 0, 10, 6], "texture": "#1"},
				"west": {"uv": [0, 0, 10, 6], "texture": "#1"},
				"up": {"uv": [0, 0, 10, 6], "texture": "#1"},
				"down": {"uv": [0, 0, 10, 6], "texture": "#1"}
			}
		}
	],
	"display": {
		"head": {
			"rotation": [0, -90, 0],
			"translation": [0, 4.1739, 9.755],
			"scale": [0.975, 0.775, 0.825]
		},
		"fixed": {
			"scale": [0.725, 0.725, 0.725],
			"rotation": [0, -90, 0],
			"translation": [0, -3, 4.5]
		},
		"gui": {
			"scale": [0.55, 0.55, 0.55],
			"rotation": [0, 90, 0],
			"translation": [0, -2, 0]
		}
	},
	"groups": [
		{
			"name": "zebra_ears",
			"isOpen": false,
			"export": true,
			"visibility": true,
			"children": [
				{
					"name": "cheetah_ears",
					"isOpen": true,
					"export": true,
					"visibility": true,
					"children": [
						{
							"name": "hexadecagon",
							"isOpen": true,
							"export": true,
							"visibility": true,
							"children": [0, 1, 2, 3, 4, 5, 6, 7]
						},
						{
							"name": "hexadecagon",
							"isOpen": true,
							"export": true,
							"visibility": true,
							"children": [8, 9, 10, 11, 12, 13, 14, 15]
						}, 16, 17]
				}
			]
		}
	]
}
