{
	"credit": "Made with Blockbench",
	"textures": {
		"0": "custom/ship2",
		"particle": "custom/ship2"
	},
	"elements": [
		{
			"from": [0, -13, -16],
			"to": [0.001, 11, 32],
			"faces": {
				"north": {"uv": [0, 5.65452, 16, 10.16799], "texture": "#0"},
				"east": {"uv": [16, 5.65452, 0, 10.16799], "texture": "#0"},
				"south": {"uv": [0, 5.65452, 16, 10.16799], "texture": "#0"},
				"west": {"uv": [0, 5.65452, 16, 10.16799], "texture": "#0"},
				"up": {"uv": [0, 5.65452, 16, 10.16799], "texture": "#0"},
				"down": {"uv": [0, 5.65452, 16, 10.16799], "texture": "#0"}
			}
		}
	],
	"display": {
		"thirdperson_righthand": {
			"rotation": [90, 90, 0],
			"translation": [15.75, 38.25, 24.25],
			"scale": [4, 4, 4]
		},
		"gui": {
			"rotation": [0, 89, 0],
			"translation": [0.75, 2.25, 0],
			"scale": [0.3, 0.3, 0.3]
		}
	}
}
