{
	"credit": "Made with Blockbench",
	"textures": {
		"0": "blocks/astrogrill",
		"1": "blocks/wool_colored_black",
		"2": "blocks/wool_colored_yellow",
		"3": "custom/candycauldron",
		"4": "custom/mickeycandycauldron",
		"particle": "blocks/astrogrill"
	},
	"elements": [
		{
			"name": "hexadecagon",
			"from": [5.75, -0.5, 7.70163],
			"to": [6.25, 2.5, 8.29837],
			"rotation": {"angle": 45, "axis": "x", "origin": [6, 1, 8]},
			"faces": {
				"north": {"uv": [0, 0, 1, 1], "rotation": 90, "texture": "#0"},
				"east": {"uv": [0, 0, 1, 1], "texture": "#0"},
				"south": {"uv": [0, 0, 1, 1], "rotation": 270, "texture": "#0"},
				"west": {"uv": [0, 0, 1, 1], "rotation": 180, "texture": "#0"},
				"up": {"uv": [0, 0, 1, 1], "rotation": 270, "texture": "#0"},
				"down": {"uv": [0, 0, 1, 1], "rotation": 270, "texture": "#0"}
			}
		},
		{
			"name": "hexadecagon",
			"from": [5.75, -0.5, 7.70163],
			"to": [6.25, 2.5, 8.29837],
			"rotation": {"angle": 22.5, "axis": "x", "origin": [6, 1, 8]},
			"faces": {
				"north": {"uv": [0, 0, 1, 1], "rotation": 90, "texture": "#0"},
				"east": {"uv": [0, 0, 1, 1], "texture": "#0"},
				"south": {"uv": [0, 0, 1, 1], "rotation": 270, "texture": "#0"},
				"west": {"uv": [0, 0, 1, 1], "rotation": 180, "texture": "#0"},
				"up": {"uv": [0, 0, 1, 1], "rotation": 270, "texture": "#0"},
				"down": {"uv": [0, 0, 1, 1], "rotation": 270, "texture": "#0"}
			}
		},
		{
			"name": "hexadecagon",
			"from": [5.75, -0.5, 7.70163],
			"to": [6.25, 2.5, 8.29837],
			"faces": {
				"north": {"uv": [0, 0, 1, 1], "rotation": 90, "texture": "#0"},
				"east": {"uv": [0, 0, 1, 1], "texture": "#0"},
				"south": {"uv": [0, 0, 1, 1], "rotation": 270, "texture": "#0"},
				"west": {"uv": [0, 0, 1, 1], "rotation": 180, "texture": "#0"},
				"up": {"uv": [0, 0, 1, 1], "rotation": 270, "texture": "#0"},
				"down": {"uv": [0, 0, 1, 1], "rotation": 270, "texture": "#0"}
			}
		},
		{
			"name": "hexadecagon",
			"from": [5.75, -0.5, 7.70163],
			"to": [6.25, 2.5, 8.29837],
			"rotation": {"angle": -22.5, "axis": "x", "origin": [6, 1, 8]},
			"faces": {
				"north": {"uv": [0, 0, 1, 1], "rotation": 90, "texture": "#0"},
				"east": {"uv": [0, 0, 1, 1], "texture": "#0"},
				"south": {"uv": [0, 0, 1, 1], "rotation": 270, "texture": "#0"},
				"west": {"uv": [0, 0, 1, 1], "rotation": 180, "texture": "#0"},
				"up": {"uv": [0, 0, 1, 1], "rotation": 270, "texture": "#0"},
				"down": {"uv": [0, 0, 1, 1], "rotation": 270, "texture": "#0"}
			}
		},
		{
			"name": "hexadecagon",
			"from": [5.75, -0.5, 7.70163],
			"to": [6.25, 2.5, 8.29837],
			"rotation": {"angle": -45, "axis": "x", "origin": [6, 1, 8]},
			"faces": {
				"north": {"uv": [0, 0, 1, 1], "rotation": 90, "texture": "#0"},
				"east": {"uv": [0, 0, 1, 1], "texture": "#0"},
				"south": {"uv": [0, 0, 1, 1], "rotation": 270, "texture": "#0"},
				"west": {"uv": [0, 0, 1, 1], "rotation": 180, "texture": "#0"},
				"up": {"uv": [0, 0, 1, 1], "rotation": 270, "texture": "#0"},
				"down": {"uv": [0, 0, 1, 1], "rotation": 270, "texture": "#0"}
			}
		},
		{
			"name": "hexadecagon",
			"from": [5.75, 0.70163, 6.5],
			"to": [6.25, 1.29837, 9.5],
			"rotation": {"angle": 22.5, "axis": "x", "origin": [6, 1, 8]},
			"faces": {
				"north": {"uv": [0, 0, 1, 1], "rotation": 90, "texture": "#0"},
				"east": {"uv": [0, 0, 1, 1], "texture": "#0"},
				"south": {"uv": [0, 0, 1, 1], "rotation": 270, "texture": "#0"},
				"west": {"uv": [0, 0, 1, 1], "rotation": 180, "texture": "#0"},
				"up": {"uv": [0, 0, 1, 1], "rotation": 270, "texture": "#0"},
				"down": {"uv": [0, 0, 1, 1], "rotation": 270, "texture": "#0"}
			}
		},
		{
			"name": "hexadecagon",
			"from": [5.75, 0.70163, 6.5],
			"to": [6.25, 1.29837, 9.5],
			"faces": {
				"north": {"uv": [0, 0, 1, 1], "rotation": 90, "texture": "#0"},
				"east": {"uv": [0, 0, 1, 1], "texture": "#0"},
				"south": {"uv": [0, 0, 1, 1], "rotation": 270, "texture": "#0"},
				"west": {"uv": [0, 0, 1, 1], "rotation": 180, "texture": "#0"},
				"up": {"uv": [0, 0, 1, 1], "rotation": 270, "texture": "#0"},
				"down": {"uv": [0, 0, 1, 1], "rotation": 270, "texture": "#0"}
			}
		},
		{
			"name": "hexadecagon",
			"from": [5.75, 0.70163, 6.5],
			"to": [6.25, 1.29837, 9.5],
			"rotation": {"angle": -22.5, "axis": "x", "origin": [6, 1, 8]},
			"faces": {
				"north": {"uv": [0, 0, 1, 1], "rotation": 90, "texture": "#0"},
				"east": {"uv": [0, 0, 1, 1], "texture": "#0"},
				"south": {"uv": [0, 0, 1, 1], "rotation": 270, "texture": "#0"},
				"west": {"uv": [0, 0, 1, 1], "rotation": 180, "texture": "#0"},
				"up": {"uv": [0, 0, 1, 1], "rotation": 270, "texture": "#0"},
				"down": {"uv": [0, 0, 1, 1], "rotation": 270, "texture": "#0"}
			}
		},
		{
			"name": "hexadecagon",
			"from": [9.75, -0.5, 7.70163],
			"to": [10.25, 2.5, 8.29837],
			"rotation": {"angle": 45, "axis": "x", "origin": [10, 1, 8]},
			"faces": {
				"north": {"uv": [0, 1, 1, 0], "rotation": 90, "texture": "#0"},
				"east": {"uv": [1, 0, 0, 1], "rotation": 180, "texture": "#0"},
				"south": {"uv": [0, 1, 1, 0], "rotation": 270, "texture": "#0"},
				"west": {"uv": [1, 0, 0, 1], "texture": "#0"},
				"up": {"uv": [0, 1, 1, 0], "rotation": 270, "texture": "#0"},
				"down": {"uv": [0, 1, 1, 0], "rotation": 270, "texture": "#0"}
			}
		},
		{
			"name": "hexadecagon",
			"from": [9.75, -0.5, 7.70163],
			"to": [10.25, 2.5, 8.29837],
			"rotation": {"angle": 22.5, "axis": "x", "origin": [10, 1, 8]},
			"faces": {
				"north": {"uv": [0, 1, 1, 0], "rotation": 90, "texture": "#0"},
				"east": {"uv": [1, 0, 0, 1], "rotation": 180, "texture": "#0"},
				"south": {"uv": [0, 1, 1, 0], "rotation": 270, "texture": "#0"},
				"west": {"uv": [1, 0, 0, 1], "texture": "#0"},
				"up": {"uv": [0, 1, 1, 0], "rotation": 270, "texture": "#0"},
				"down": {"uv": [0, 1, 1, 0], "rotation": 270, "texture": "#0"}
			}
		},
		{
			"name": "hexadecagon",
			"from": [9.75, -0.5, 7.70163],
			"to": [10.25, 2.5, 8.29837],
			"faces": {
				"north": {"uv": [0, 1, 1, 0], "rotation": 90, "texture": "#0"},
				"east": {"uv": [1, 0, 0, 1], "rotation": 180, "texture": "#0"},
				"south": {"uv": [0, 1, 1, 0], "rotation": 270, "texture": "#0"},
				"west": {"uv": [1, 0, 0, 1], "texture": "#0"},
				"up": {"uv": [0, 1, 1, 0], "rotation": 270, "texture": "#0"},
				"down": {"uv": [0, 1, 1, 0], "rotation": 270, "texture": "#0"}
			}
		},
		{
			"name": "hexadecagon",
			"from": [9.75, -0.5, 7.70163],
			"to": [10.25, 2.5, 8.29837],
			"rotation": {"angle": -22.5, "axis": "x", "origin": [10, 1, 8]},
			"faces": {
				"north": {"uv": [0, 1, 1, 0], "rotation": 90, "texture": "#0"},
				"east": {"uv": [1, 0, 0, 1], "rotation": 180, "texture": "#0"},
				"south": {"uv": [0, 1, 1, 0], "rotation": 270, "texture": "#0"},
				"west": {"uv": [1, 0, 0, 1], "texture": "#0"},
				"up": {"uv": [0, 1, 1, 0], "rotation": 270, "texture": "#0"},
				"down": {"uv": [0, 1, 1, 0], "rotation": 270, "texture": "#0"}
			}
		},
		{
			"name": "hexadecagon",
			"from": [9.75, -0.5, 7.70163],
			"to": [10.25, 2.5, 8.29837],
			"rotation": {"angle": -45, "axis": "x", "origin": [10, 1, 8]},
			"faces": {
				"north": {"uv": [0, 1, 1, 0], "rotation": 90, "texture": "#0"},
				"east": {"uv": [1, 0, 0, 1], "rotation": 180, "texture": "#0"},
				"south": {"uv": [0, 1, 1, 0], "rotation": 270, "texture": "#0"},
				"west": {"uv": [1, 0, 0, 1], "texture": "#0"},
				"up": {"uv": [0, 1, 1, 0], "rotation": 270, "texture": "#0"},
				"down": {"uv": [0, 1, 1, 0], "rotation": 270, "texture": "#0"}
			}
		},
		{
			"name": "hexadecagon",
			"from": [9.75, 0.70163, 6.5],
			"to": [10.25, 1.29837, 9.5],
			"rotation": {"angle": 22.5, "axis": "x", "origin": [10, 1, 8]},
			"faces": {
				"north": {"uv": [0, 1, 1, 0], "rotation": 90, "texture": "#0"},
				"east": {"uv": [1, 0, 0, 1], "rotation": 180, "texture": "#0"},
				"south": {"uv": [0, 1, 1, 0], "rotation": 270, "texture": "#0"},
				"west": {"uv": [1, 0, 0, 1], "texture": "#0"},
				"up": {"uv": [0, 1, 1, 0], "rotation": 270, "texture": "#0"},
				"down": {"uv": [0, 1, 1, 0], "rotation": 270, "texture": "#0"}
			}
		},
		{
			"name": "hexadecagon",
			"from": [9.75, 0.70163, 6.5],
			"to": [10.25, 1.29837, 9.5],
			"faces": {
				"north": {"uv": [0, 1, 1, 0], "rotation": 90, "texture": "#0"},
				"east": {"uv": [1, 0, 0, 1], "rotation": 180, "texture": "#0"},
				"south": {"uv": [0, 1, 1, 0], "rotation": 270, "texture": "#0"},
				"west": {"uv": [1, 0, 0, 1], "texture": "#0"},
				"up": {"uv": [0, 1, 1, 0], "rotation": 270, "texture": "#0"},
				"down": {"uv": [0, 1, 1, 0], "rotation": 270, "texture": "#0"}
			}
		},
		{
			"name": "hexadecagon",
			"from": [9.75, 0.70163, 6.5],
			"to": [10.25, 1.29837, 9.5],
			"rotation": {"angle": -22.5, "axis": "x", "origin": [10, 1, 8]},
			"faces": {
				"north": {"uv": [0, 1, 1, 0], "rotation": 90, "texture": "#0"},
				"east": {"uv": [1, 0, 0, 1], "rotation": 180, "texture": "#0"},
				"south": {"uv": [0, 1, 1, 0], "rotation": 270, "texture": "#0"},
				"west": {"uv": [1, 0, 0, 1], "texture": "#0"},
				"up": {"uv": [0, 1, 1, 0], "rotation": 270, "texture": "#0"},
				"down": {"uv": [0, 1, 1, 0], "rotation": 270, "texture": "#0"}
			}
		},
		{
			"name": "hexadecagon",
			"from": [7.00544, 0.75, 3],
			"to": [8.99456, 2.25, 13],
			"rotation": {"angle": -45, "axis": "y", "origin": [8, 1, 8]},
			"faces": {
				"north": {"uv": [0, 0, 1, 1], "texture": "#1"},
				"east": {"uv": [0, 0, 1, 1], "texture": "#1"},
				"south": {"uv": [0, 0, 1, 1], "texture": "#1"},
				"west": {"uv": [0, 0, 1, 1], "texture": "#1"},
				"up": {"uv": [0, 0, 1, 1], "texture": "#1"},
				"down": {"uv": [0, 0, 1, 1], "texture": "#1"}
			}
		},
		{
			"name": "hexadecagon",
			"from": [7.00544, 0.75, 3],
			"to": [8.99456, 2.25, 13],
			"rotation": {"angle": -22.5, "axis": "y", "origin": [8, 1, 8]},
			"faces": {
				"north": {"uv": [0, 0, 1, 1], "texture": "#1"},
				"east": {"uv": [0, 0, 1, 1], "texture": "#1"},
				"south": {"uv": [0, 0, 1, 1], "texture": "#1"},
				"west": {"uv": [0, 0, 1, 1], "texture": "#1"},
				"up": {"uv": [0, 0, 1, 1], "texture": "#1"},
				"down": {"uv": [0, 0, 1, 1], "texture": "#1"}
			}
		},
		{
			"name": "hexadecagon",
			"from": [7.00544, 0.75, 3],
			"to": [8.99456, 2.25, 13],
			"faces": {
				"north": {"uv": [0, 0, 1, 1], "texture": "#1"},
				"east": {"uv": [0, 0, 1, 1], "texture": "#1"},
				"south": {"uv": [0, 0, 1, 1], "texture": "#1"},
				"west": {"uv": [0, 0, 1, 1], "texture": "#1"},
				"up": {"uv": [0, 0, 1, 1], "texture": "#1"},
				"down": {"uv": [0, 0, 1, 1], "texture": "#1"}
			}
		},
		{
			"name": "hexadecagon",
			"from": [7.00544, 0.75, 3],
			"to": [8.99456, 2.25, 13],
			"rotation": {"angle": 22.5, "axis": "y", "origin": [8, 1, 8]},
			"faces": {
				"north": {"uv": [0, 0, 1, 1], "texture": "#1"},
				"east": {"uv": [0, 0, 1, 1], "texture": "#1"},
				"south": {"uv": [0, 0, 1, 1], "texture": "#1"},
				"west": {"uv": [0, 0, 1, 1], "texture": "#1"},
				"up": {"uv": [0, 0, 1, 1], "texture": "#1"},
				"down": {"uv": [0, 0, 1, 1], "texture": "#1"}
			}
		},
		{
			"name": "hexadecagon",
			"from": [7.00544, 0.75, 3],
			"to": [8.99456, 2.25, 13],
			"rotation": {"angle": 45, "axis": "y", "origin": [8, 1, 8]},
			"faces": {
				"north": {"uv": [0, 0, 1, 1], "texture": "#1"},
				"east": {"uv": [0, 0, 1, 1], "texture": "#1"},
				"south": {"uv": [0, 0, 1, 1], "texture": "#1"},
				"west": {"uv": [0, 0, 1, 1], "texture": "#1"},
				"up": {"uv": [0, 0, 1, 1], "texture": "#1"},
				"down": {"uv": [0, 0, 1, 1], "texture": "#1"}
			}
		},
		{
			"name": "hexadecagon",
			"from": [3, 0.75, 7.00544],
			"to": [13, 2.25, 8.99456],
			"rotation": {"angle": -22.5, "axis": "y", "origin": [8, 1, 8]},
			"faces": {
				"north": {"uv": [0, 0, 1, 1], "texture": "#1"},
				"east": {"uv": [0, 0, 1, 1], "texture": "#1"},
				"south": {"uv": [0, 0, 1, 1], "texture": "#1"},
				"west": {"uv": [0, 0, 1, 1], "texture": "#1"},
				"up": {"uv": [0, 0, 1, 1], "texture": "#1"},
				"down": {"uv": [0, 0, 1, 1], "texture": "#1"}
			}
		},
		{
			"name": "hexadecagon",
			"from": [3, 0.75, 7.00544],
			"to": [13, 2.25, 8.99456],
			"faces": {
				"north": {"uv": [0, 0, 1, 1], "texture": "#1"},
				"east": {"uv": [0, 0, 1, 1], "texture": "#1"},
				"south": {"uv": [0, 0, 1, 1], "texture": "#1"},
				"west": {"uv": [0, 0, 1, 1], "texture": "#1"},
				"up": {"uv": [0, 0, 1, 1], "texture": "#1"},
				"down": {"uv": [0, 0, 1, 1], "texture": "#1"}
			}
		},
		{
			"name": "hexadecagon",
			"from": [3, 0.75, 7.00544],
			"to": [13, 2.25, 8.99456],
			"rotation": {"angle": 22.5, "axis": "y", "origin": [8, 1, 8]},
			"faces": {
				"north": {"uv": [0, 0, 1, 1], "texture": "#1"},
				"east": {"uv": [0, 0, 1, 1], "texture": "#1"},
				"south": {"uv": [0, 0, 1, 1], "texture": "#1"},
				"west": {"uv": [0, 0, 1, 1], "texture": "#1"},
				"up": {"uv": [0, 0, 1, 1], "texture": "#1"},
				"down": {"uv": [0, 0, 1, 1], "texture": "#1"}
			}
		},
		{
			"name": "hexadecagon",
			"from": [6.92587, 1.75, 2.6],
			"to": [9.07413, 10.25, 13.4],
			"rotation": {"angle": -22.5, "axis": "y", "origin": [8, 2.5, 8]},
			"faces": {
				"north": {"uv": [0, 0, 1, 1], "texture": "#2"},
				"east": {"uv": [0, 0, 1, 1], "texture": "#2"},
				"south": {"uv": [0, 0, 1, 1], "texture": "#2"},
				"west": {"uv": [0, 0, 1, 1], "texture": "#2"},
				"up": {"uv": [0, 0, 1, 1], "texture": "#2"},
				"down": {"uv": [0, 0, 1, 1], "texture": "#2"}
			}
		},
		{
			"name": "hexadecagon",
			"from": [6.92587, 1.75, 2.6],
			"to": [9.07413, 10.25, 13.4],
			"rotation": {"angle": -45, "axis": "y", "origin": [8, 2.5, 8]},
			"faces": {
				"north": {"uv": [0, 0, 1, 1], "texture": "#2"},
				"east": {"uv": [0, 0, 1, 1], "texture": "#2"},
				"south": {"uv": [0, 0, 1, 1], "texture": "#2"},
				"west": {"uv": [0, 0, 1, 1], "texture": "#2"},
				"up": {"uv": [0, 0, 1, 1], "texture": "#2"},
				"down": {"uv": [0, 0, 1, 1], "texture": "#2"}
			}
		},
		{
			"name": "hexadecagon",
			"from": [6.92587, 1.75, 2.6],
			"to": [9.07413, 10.25, 13.4],
			"faces": {
				"north": {"uv": [0, 0, 1, 1], "texture": "#2"},
				"east": {"uv": [0, 0, 1, 1], "texture": "#2"},
				"south": {"uv": [0, 0, 1, 1], "texture": "#2"},
				"west": {"uv": [0, 0, 1, 1], "texture": "#2"},
				"up": {"uv": [0, 0, 1, 1], "texture": "#2"},
				"down": {"uv": [0, 0, 1, 1], "texture": "#2"}
			}
		},
		{
			"name": "hexadecagon",
			"from": [6.92587, 1.75, 2.6],
			"to": [9.07413, 10.25, 13.4],
			"rotation": {"angle": 22.5, "axis": "y", "origin": [8, 2.5, 8]},
			"faces": {
				"north": {"uv": [0, 0, 1, 1], "texture": "#2"},
				"east": {"uv": [0, 0, 1, 1], "texture": "#2"},
				"south": {"uv": [0, 0, 1, 1], "texture": "#2"},
				"west": {"uv": [0, 0, 1, 1], "texture": "#2"},
				"up": {"uv": [0, 0, 1, 1], "texture": "#2"},
				"down": {"uv": [0, 0, 1, 1], "texture": "#2"}
			}
		},
		{
			"name": "hexadecagon",
			"from": [6.92587, 1.75, 2.6],
			"to": [9.07413, 10.25, 13.4],
			"rotation": {"angle": 45, "axis": "y", "origin": [8, 2.5, 8]},
			"faces": {
				"north": {"uv": [0, 0, 1, 1], "texture": "#2"},
				"east": {"uv": [0, 0, 1, 1], "texture": "#2"},
				"south": {"uv": [0, 0, 1, 1], "texture": "#2"},
				"west": {"uv": [0, 0, 1, 1], "texture": "#2"},
				"up": {"uv": [0, 0, 1, 1], "texture": "#2"},
				"down": {"uv": [0, 0, 1, 1], "texture": "#2"}
			}
		},
		{
			"name": "hexadecagon",
			"from": [2.6, 1.75, 6.92587],
			"to": [13.4, 10.25, 9.07413],
			"rotation": {"angle": -22.5, "axis": "y", "origin": [8, 2.5, 8]},
			"faces": {
				"north": {"uv": [0, 0, 1, 1], "texture": "#2"},
				"east": {"uv": [0, 0, 1, 1], "texture": "#2"},
				"south": {"uv": [0, 0, 1, 1], "texture": "#2"},
				"west": {"uv": [0, 0, 1, 1], "texture": "#2"},
				"up": {"uv": [0, 0, 1, 1], "texture": "#2"},
				"down": {"uv": [0, 0, 1, 1], "texture": "#2"}
			}
		},
		{
			"name": "hexadecagon",
			"from": [2.6, 1.75, 6.92587],
			"to": [13.4, 10.25, 9.07413],
			"faces": {
				"north": {"uv": [0, 0, 1, 1], "texture": "#2"},
				"east": {"uv": [0, 0, 1, 1], "texture": "#2"},
				"south": {"uv": [0, 0, 1, 1], "texture": "#2"},
				"west": {"uv": [0, 0, 1, 1], "texture": "#2"},
				"up": {"uv": [0, 0, 1, 1], "texture": "#2"},
				"down": {"uv": [0, 0, 1, 1], "texture": "#2"}
			}
		},
		{
			"name": "hexadecagon",
			"from": [2.6, 1.75, 6.92587],
			"to": [13.4, 10.25, 9.07413],
			"rotation": {"angle": 22.5, "axis": "y", "origin": [8, 2.5, 8]},
			"faces": {
				"north": {"uv": [0, 0, 1, 1], "texture": "#2"},
				"east": {"uv": [0, 0, 1, 1], "texture": "#2"},
				"south": {"uv": [0, 0, 1, 1], "texture": "#2"},
				"west": {"uv": [0, 0, 1, 1], "texture": "#2"},
				"up": {"uv": [0, 0, 1, 1], "texture": "#2"},
				"down": {"uv": [0, 0, 1, 1], "texture": "#2"}
			}
		},
		{
			"name": "hexadecagon",
			"from": [6.92587, 10.25, 12.6],
			"to": [9.07413, 12.75, 13.4],
			"rotation": {"angle": -45, "axis": "y", "origin": [8, 5.5, 8]},
			"faces": {
				"north": {"uv": [0, 0, 1, 1], "texture": "#2"},
				"east": {"uv": [0, 0, 1, 1], "texture": "#2"},
				"south": {"uv": [0, 0, 1, 1], "texture": "#2"},
				"west": {"uv": [0, 0, 1, 1], "texture": "#2"},
				"up": {"uv": [0, 0, 1, 1], "texture": "#2"},
				"down": {"uv": [0, 0, 1, 1], "texture": "#2"}
			}
		},
		{
			"name": "hexadecagon",
			"from": [6.83994, 12.6, 12.968],
			"to": [9.16006, 13.1, 13.832],
			"rotation": {"angle": -45, "axis": "y", "origin": [8, 7.5, 8]},
			"faces": {
				"north": {"uv": [0, 0, 1, 1], "texture": "#1"},
				"east": {"uv": [0, 0, 1, 1], "texture": "#1"},
				"south": {"uv": [0, 0, 1, 1], "texture": "#1"},
				"west": {"uv": [0, 0, 1, 1], "texture": "#1"},
				"up": {"uv": [0, 0, 1, 1], "texture": "#1"},
				"down": {"uv": [0, 0, 1, 1], "texture": "#1"}
			}
		},
		{
			"name": "hexadecagon",
			"from": [6.92587, 10.25, 2.6],
			"to": [9.07413, 12.75, 3.4],
			"rotation": {"angle": -45, "axis": "y", "origin": [8, 5.5, 8]},
			"faces": {
				"north": {"uv": [0, 0, 1, 1], "texture": "#2"},
				"east": {"uv": [0, 0, 1, 1], "texture": "#2"},
				"south": {"uv": [0, 0, 1, 1], "texture": "#2"},
				"west": {"uv": [0, 0, 1, 1], "texture": "#2"},
				"up": {"uv": [1, 1, 0, 0], "texture": "#2"},
				"down": {"uv": [1, 1, 0, 0], "texture": "#2"}
			}
		},
		{
			"name": "hexadecagon",
			"from": [6.83994, 12.6, 2.168],
			"to": [9.16006, 13.1, 3.032],
			"rotation": {"angle": -45, "axis": "y", "origin": [8, 7.5, 8]},
			"faces": {
				"north": {"uv": [0, 0, 1, 1], "texture": "#1"},
				"east": {"uv": [0, 0, 1, 1], "texture": "#1"},
				"south": {"uv": [0, 0, 1, 1], "texture": "#1"},
				"west": {"uv": [0, 0, 1, 1], "texture": "#1"},
				"up": {"uv": [1, 1, 0, 0], "texture": "#1"},
				"down": {"uv": [1, 1, 0, 0], "texture": "#1"}
			}
		},
		{
			"name": "hexadecagon",
			"from": [6.92587, 10.25, 12.6],
			"to": [9.07413, 12.75, 13.4],
			"rotation": {"angle": -22.5, "axis": "y", "origin": [8, 5.5, 8]},
			"faces": {
				"north": {"uv": [0, 0, 1, 1], "texture": "#2"},
				"east": {"uv": [0, 0, 1, 1], "texture": "#2"},
				"south": {"uv": [0, 0, 1, 1], "texture": "#2"},
				"west": {"uv": [0, 0, 1, 1], "texture": "#2"},
				"up": {"uv": [0, 0, 1, 1], "texture": "#2"},
				"down": {"uv": [0, 0, 1, 1], "texture": "#2"}
			}
		},
		{
			"name": "hexadecagon",
			"from": [6.83994, 12.6, 12.968],
			"to": [9.16006, 13.1, 13.832],
			"rotation": {"angle": -22.5, "axis": "y", "origin": [8, 7.5, 8]},
			"faces": {
				"north": {"uv": [0, 0, 1, 1], "texture": "#1"},
				"east": {"uv": [0, 0, 1, 1], "texture": "#1"},
				"south": {"uv": [0, 0, 1, 1], "texture": "#1"},
				"west": {"uv": [0, 0, 1, 1], "texture": "#1"},
				"up": {"uv": [0, 0, 1, 1], "texture": "#1"},
				"down": {"uv": [0, 0, 1, 1], "texture": "#1"}
			}
		},
		{
			"name": "hexadecagon",
			"from": [6.92587, 10.25, 2.6],
			"to": [9.07413, 12.75, 3.4],
			"rotation": {"angle": -22.5, "axis": "y", "origin": [8, 5.5, 8]},
			"faces": {
				"north": {"uv": [0, 0, 1, 1], "texture": "#2"},
				"east": {"uv": [0, 0, 1, 1], "texture": "#2"},
				"south": {"uv": [0, 0, 1, 1], "texture": "#2"},
				"west": {"uv": [0, 0, 1, 1], "texture": "#2"},
				"up": {"uv": [1, 1, 0, 0], "texture": "#2"},
				"down": {"uv": [1, 1, 0, 0], "texture": "#2"}
			}
		},
		{
			"name": "hexadecagon",
			"from": [6.83994, 12.6, 2.168],
			"to": [9.16006, 13.1, 3.032],
			"rotation": {"angle": -22.5, "axis": "y", "origin": [8, 7.5, 8]},
			"faces": {
				"north": {"uv": [0, 0, 1, 1], "texture": "#1"},
				"east": {"uv": [0, 0, 1, 1], "texture": "#1"},
				"south": {"uv": [0, 0, 1, 1], "texture": "#1"},
				"west": {"uv": [0, 0, 1, 1], "texture": "#1"},
				"up": {"uv": [1, 1, 0, 0], "texture": "#1"},
				"down": {"uv": [1, 1, 0, 0], "texture": "#1"}
			}
		},
		{
			"name": "hexadecagon",
			"from": [6.92587, 10.25, 12.6],
			"to": [9.07413, 12.75, 13.4],
			"faces": {
				"north": {"uv": [0, 0, 1, 1], "texture": "#2"},
				"east": {"uv": [0, 0, 1, 1], "texture": "#2"},
				"south": {"uv": [0, 0, 1, 1], "texture": "#2"},
				"west": {"uv": [0, 0, 1, 1], "texture": "#2"},
				"up": {"uv": [0, 0, 1, 1], "texture": "#2"},
				"down": {"uv": [0, 0, 1, 1], "texture": "#2"}
			}
		},
		{
			"name": "hexadecagon",
			"from": [6.83994, 12.6, 12.968],
			"to": [9.16006, 13.1, 13.832],
			"faces": {
				"north": {"uv": [0, 0, 1, 1], "texture": "#1"},
				"east": {"uv": [0, 0, 1, 1], "texture": "#1"},
				"south": {"uv": [0, 0, 1, 1], "texture": "#1"},
				"west": {"uv": [0, 0, 1, 1], "texture": "#1"},
				"up": {"uv": [0, 0, 1, 1], "texture": "#1"},
				"down": {"uv": [0, 0, 1, 1], "texture": "#1"}
			}
		},
		{
			"name": "hexadecagon",
			"from": [6.92587, 10.25, 2.6],
			"to": [9.07413, 12.75, 3.4],
			"faces": {
				"north": {"uv": [0, 0, 1, 1], "texture": "#2"},
				"east": {"uv": [0, 0, 1, 1], "texture": "#2"},
				"south": {"uv": [0, 0, 1, 1], "texture": "#2"},
				"west": {"uv": [0, 0, 1, 1], "texture": "#2"},
				"up": {"uv": [1, 1, 0, 0], "texture": "#2"},
				"down": {"uv": [1, 1, 0, 0], "texture": "#2"}
			}
		},
		{
			"name": "hexadecagon",
			"from": [6.83994, 12.6, 2.168],
			"to": [9.16006, 13.1, 3.032],
			"faces": {
				"north": {"uv": [0, 0, 1, 1], "texture": "#1"},
				"east": {"uv": [0, 0, 1, 1], "texture": "#1"},
				"south": {"uv": [0, 0, 1, 1], "texture": "#1"},
				"west": {"uv": [0, 0, 1, 1], "texture": "#1"},
				"up": {"uv": [1, 1, 0, 0], "texture": "#1"},
				"down": {"uv": [1, 1, 0, 0], "texture": "#1"}
			}
		},
		{
			"name": "hexadecagon",
			"from": [6.92587, 10.25, 12.6],
			"to": [9.07413, 12.75, 13.4],
			"rotation": {"angle": 22.5, "axis": "y", "origin": [8, 5.5, 8]},
			"faces": {
				"north": {"uv": [0, 0, 1, 1], "texture": "#2"},
				"east": {"uv": [0, 0, 1, 1], "texture": "#2"},
				"south": {"uv": [0, 0, 1, 1], "texture": "#2"},
				"west": {"uv": [0, 0, 1, 1], "texture": "#2"},
				"up": {"uv": [0, 0, 1, 1], "texture": "#2"},
				"down": {"uv": [0, 0, 1, 1], "texture": "#2"}
			}
		},
		{
			"name": "hexadecagon",
			"from": [6.83994, 12.6, 12.968],
			"to": [9.16006, 13.1, 13.832],
			"rotation": {"angle": 22.5, "axis": "y", "origin": [8, 7.5, 8]},
			"faces": {
				"north": {"uv": [0, 0, 1, 1], "texture": "#1"},
				"east": {"uv": [0, 0, 1, 1], "texture": "#1"},
				"south": {"uv": [0, 0, 1, 1], "texture": "#1"},
				"west": {"uv": [0, 0, 1, 1], "texture": "#1"},
				"up": {"uv": [0, 0, 1, 1], "texture": "#1"},
				"down": {"uv": [0, 0, 1, 1], "texture": "#1"}
			}
		},
		{
			"name": "hexadecagon",
			"from": [6.92587, 10.25, 2.6],
			"to": [9.07413, 12.75, 3.4],
			"rotation": {"angle": 22.5, "axis": "y", "origin": [8, 5.5, 8]},
			"faces": {
				"north": {"uv": [0, 0, 1, 1], "texture": "#2"},
				"east": {"uv": [0, 0, 1, 1], "texture": "#2"},
				"south": {"uv": [0, 0, 1, 1], "texture": "#2"},
				"west": {"uv": [0, 0, 1, 1], "texture": "#2"},
				"up": {"uv": [1, 1, 0, 0], "texture": "#2"},
				"down": {"uv": [1, 1, 0, 0], "texture": "#2"}
			}
		},
		{
			"name": "hexadecagon",
			"from": [6.83994, 12.6, 2.168],
			"to": [9.16006, 13.1, 3.032],
			"rotation": {"angle": 22.5, "axis": "y", "origin": [8, 7.5, 8]},
			"faces": {
				"north": {"uv": [0, 0, 1, 1], "texture": "#1"},
				"east": {"uv": [0, 0, 1, 1], "texture": "#1"},
				"south": {"uv": [0, 0, 1, 1], "texture": "#1"},
				"west": {"uv": [0, 0, 1, 1], "texture": "#1"},
				"up": {"uv": [1, 1, 0, 0], "texture": "#1"},
				"down": {"uv": [1, 1, 0, 0], "texture": "#1"}
			}
		},
		{
			"name": "hexadecagon",
			"from": [6.92587, 10.25, 12.6],
			"to": [9.07413, 12.75, 13.4],
			"rotation": {"angle": 45, "axis": "y", "origin": [8, 5.5, 8]},
			"faces": {
				"north": {"uv": [0, 0, 1, 1], "texture": "#2"},
				"east": {"uv": [0, 0, 1, 1], "texture": "#2"},
				"south": {"uv": [0, 0, 1, 1], "texture": "#2"},
				"west": {"uv": [0, 0, 1, 1], "texture": "#2"},
				"up": {"uv": [0, 0, 1, 1], "texture": "#2"},
				"down": {"uv": [0, 0, 1, 1], "texture": "#2"}
			}
		},
		{
			"name": "hexadecagon",
			"from": [6.83994, 12.6, 12.968],
			"to": [9.16006, 13.1, 13.832],
			"rotation": {"angle": 45, "axis": "y", "origin": [8, 7.5, 8]},
			"faces": {
				"north": {"uv": [0, 0, 1, 1], "texture": "#1"},
				"east": {"uv": [0, 0, 1, 1], "texture": "#1"},
				"south": {"uv": [0, 0, 1, 1], "texture": "#1"},
				"west": {"uv": [0, 0, 1, 1], "texture": "#1"},
				"up": {"uv": [0, 0, 1, 1], "texture": "#1"},
				"down": {"uv": [0, 0, 1, 1], "texture": "#1"}
			}
		},
		{
			"name": "hexadecagon",
			"from": [6.92587, 10.25, 2.6],
			"to": [9.07413, 12.75, 3.4],
			"rotation": {"angle": 45, "axis": "y", "origin": [8, 5.5, 8]},
			"faces": {
				"north": {"uv": [0, 0, 1, 1], "texture": "#2"},
				"east": {"uv": [0, 0, 1, 1], "texture": "#2"},
				"south": {"uv": [0, 0, 1, 1], "texture": "#2"},
				"west": {"uv": [0, 0, 1, 1], "texture": "#2"},
				"up": {"uv": [1, 1, 0, 0], "texture": "#2"},
				"down": {"uv": [1, 1, 0, 0], "texture": "#2"}
			}
		},
		{
			"name": "hexadecagon",
			"from": [6.83994, 12.6, 2.168],
			"to": [9.16006, 13.1, 3.032],
			"rotation": {"angle": 45, "axis": "y", "origin": [8, 7.5, 8]},
			"faces": {
				"north": {"uv": [0, 0, 1, 1], "texture": "#1"},
				"east": {"uv": [0, 0, 1, 1], "texture": "#1"},
				"south": {"uv": [0, 0, 1, 1], "texture": "#1"},
				"west": {"uv": [0, 0, 1, 1], "texture": "#1"},
				"up": {"uv": [1, 1, 0, 0], "texture": "#1"},
				"down": {"uv": [1, 1, 0, 0], "texture": "#1"}
			}
		},
		{
			"name": "hexadecagon",
			"from": [2.6, 10.25, 6.92587],
			"to": [3.4, 12.75, 9.07413],
			"rotation": {"angle": -22.5, "axis": "y", "origin": [8, 5.5, 8]},
			"faces": {
				"north": {"uv": [0, 0, 1, 1], "texture": "#2"},
				"east": {"uv": [0, 0, 1, 1], "texture": "#2"},
				"south": {"uv": [0, 0, 1, 1], "texture": "#2"},
				"west": {"uv": [0, 0, 1, 1], "texture": "#2"},
				"up": {"uv": [0, 0, 1, 1], "texture": "#2"},
				"down": {"uv": [0, 0, 1, 1], "texture": "#2"}
			}
		},
		{
			"name": "hexadecagon",
			"from": [2.168, 12.6, 6.83994],
			"to": [3.032, 13.1, 9.16006],
			"rotation": {"angle": -22.5, "axis": "y", "origin": [8, 7.5, 8]},
			"faces": {
				"north": {"uv": [0, 0, 1, 1], "texture": "#1"},
				"east": {"uv": [0, 0, 1, 1], "texture": "#1"},
				"south": {"uv": [0, 0, 1, 1], "texture": "#1"},
				"west": {"uv": [0, 0, 1, 1], "texture": "#1"},
				"up": {"uv": [0, 0, 1, 1], "texture": "#1"},
				"down": {"uv": [0, 0, 1, 1], "texture": "#1"}
			}
		},
		{
			"name": "hexadecagon",
			"from": [12.6, 10.25, 6.92587],
			"to": [13.4, 12.75, 9.07413],
			"rotation": {"angle": -22.5, "axis": "y", "origin": [8, 5.5, 8]},
			"faces": {
				"north": {"uv": [0, 0, 1, 1], "texture": "#2"},
				"east": {"uv": [0, 0, 1, 1], "texture": "#2"},
				"south": {"uv": [0, 0, 1, 1], "texture": "#2"},
				"west": {"uv": [0, 0, 1, 1], "texture": "#2"},
				"up": {"uv": [1, 1, 0, 0], "texture": "#2"},
				"down": {"uv": [1, 1, 0, 0], "texture": "#2"}
			}
		},
		{
			"name": "hexadecagon",
			"from": [12.968, 12.6, 6.83994],
			"to": [13.832, 13.1, 9.16006],
			"rotation": {"angle": -22.5, "axis": "y", "origin": [8, 7.5, 8]},
			"faces": {
				"north": {"uv": [0, 0, 1, 1], "texture": "#1"},
				"east": {"uv": [0, 0, 1, 1], "texture": "#1"},
				"south": {"uv": [0, 0, 1, 1], "texture": "#1"},
				"west": {"uv": [0, 0, 1, 1], "texture": "#1"},
				"up": {"uv": [1, 1, 0, 0], "texture": "#1"},
				"down": {"uv": [1, 1, 0, 0], "texture": "#1"}
			}
		},
		{
			"name": "hexadecagon",
			"from": [2.6, 10.25, 6.92587],
			"to": [3.4, 12.75, 9.07413],
			"faces": {
				"north": {"uv": [0, 0, 1, 1], "texture": "#2"},
				"east": {"uv": [0, 0, 1, 1], "texture": "#2"},
				"south": {"uv": [0, 0, 1, 1], "texture": "#2"},
				"west": {"uv": [0, 0, 1, 1], "texture": "#2"},
				"up": {"uv": [0, 0, 1, 1], "texture": "#2"},
				"down": {"uv": [0, 0, 1, 1], "texture": "#2"}
			}
		},
		{
			"name": "hexadecagon",
			"from": [2.168, 12.6, 6.83994],
			"to": [3.032, 13.1, 9.16006],
			"faces": {
				"north": {"uv": [0, 0, 1, 1], "texture": "#1"},
				"east": {"uv": [0, 0, 1, 1], "texture": "#1"},
				"south": {"uv": [0, 0, 1, 1], "texture": "#1"},
				"west": {"uv": [0, 0, 1, 1], "texture": "#1"},
				"up": {"uv": [0, 0, 1, 1], "texture": "#1"},
				"down": {"uv": [0, 0, 1, 1], "texture": "#1"}
			}
		},
		{
			"name": "hexadecagon",
			"from": [12.6, 10.25, 6.92587],
			"to": [13.4, 12.75, 9.07413],
			"faces": {
				"north": {"uv": [0, 0, 1, 1], "texture": "#2"},
				"east": {"uv": [0, 0, 1, 1], "texture": "#2"},
				"south": {"uv": [0, 0, 1, 1], "texture": "#2"},
				"west": {"uv": [0, 0, 1, 1], "texture": "#2"},
				"up": {"uv": [1, 1, 0, 0], "texture": "#2"},
				"down": {"uv": [1, 1, 0, 0], "texture": "#2"}
			}
		},
		{
			"name": "hexadecagon",
			"from": [12.968, 12.6, 6.83994],
			"to": [13.832, 13.1, 9.16006],
			"faces": {
				"north": {"uv": [0, 0, 1, 1], "texture": "#1"},
				"east": {"uv": [0, 0, 1, 1], "texture": "#1"},
				"south": {"uv": [0, 0, 1, 1], "texture": "#1"},
				"west": {"uv": [0, 0, 1, 1], "texture": "#1"},
				"up": {"uv": [1, 1, 0, 0], "texture": "#1"},
				"down": {"uv": [1, 1, 0, 0], "texture": "#1"}
			}
		},
		{
			"name": "hexadecagon",
			"from": [2.6, 10.25, 6.92587],
			"to": [3.4, 12.75, 9.07413],
			"rotation": {"angle": 22.5, "axis": "y", "origin": [8, 5.5, 8]},
			"faces": {
				"north": {"uv": [0, 0, 1, 1], "texture": "#2"},
				"east": {"uv": [0, 0, 1, 1], "texture": "#2"},
				"south": {"uv": [0, 0, 1, 1], "texture": "#2"},
				"west": {"uv": [0, 0, 1, 1], "texture": "#2"},
				"up": {"uv": [0, 0, 1, 1], "texture": "#2"},
				"down": {"uv": [0, 0, 1, 1], "texture": "#2"}
			}
		},
		{
			"name": "hexadecagon",
			"from": [2.168, 12.6, 6.83994],
			"to": [3.032, 13.1, 9.16006],
			"rotation": {"angle": 22.5, "axis": "y", "origin": [8, 7.5, 8]},
			"faces": {
				"north": {"uv": [0, 0, 1, 1], "texture": "#1"},
				"east": {"uv": [0, 0, 1, 1], "texture": "#1"},
				"south": {"uv": [0, 0, 1, 1], "texture": "#1"},
				"west": {"uv": [0, 0, 1, 1], "texture": "#1"},
				"up": {"uv": [0, 0, 1, 1], "texture": "#1"},
				"down": {"uv": [0, 0, 1, 1], "texture": "#1"}
			}
		},
		{
			"name": "hexadecagon",
			"from": [12.6, 10.25, 6.92587],
			"to": [13.4, 12.75, 9.07413],
			"rotation": {"angle": 22.5, "axis": "y", "origin": [8, 5.5, 8]},
			"faces": {
				"north": {"uv": [0, 0, 1, 1], "texture": "#2"},
				"east": {"uv": [0, 0, 1, 1], "texture": "#2"},
				"south": {"uv": [0, 0, 1, 1], "texture": "#2"},
				"west": {"uv": [0, 0, 1, 1], "texture": "#2"},
				"up": {"uv": [1, 1, 0, 0], "texture": "#2"},
				"down": {"uv": [1, 1, 0, 0], "texture": "#2"}
			}
		},
		{
			"name": "hexadecagon",
			"from": [12.968, 12.6, 6.83994],
			"to": [13.832, 13.1, 9.16006],
			"rotation": {"angle": 22.5, "axis": "y", "origin": [8, 7.5, 8]},
			"faces": {
				"north": {"uv": [0, 0, 1, 1], "texture": "#1"},
				"east": {"uv": [0, 0, 1, 1], "texture": "#1"},
				"south": {"uv": [0, 0, 1, 1], "texture": "#1"},
				"west": {"uv": [0, 0, 1, 1], "texture": "#1"},
				"up": {"uv": [1, 1, 0, 0], "texture": "#1"},
				"down": {"uv": [1, 1, 0, 0], "texture": "#1"}
			}
		},
		{
			"from": [6.5, 10.2, 6.5],
			"to": [8.5, 12.2, 8.5],
			"faces": {
				"north": {"uv": [5.625, 10.12, 10.307, 4.875], "texture": "#3"},
				"east": {"uv": [5.625, 10.12, 10.307, 4.875], "texture": "#3"},
				"south": {"uv": [5.625, 10.12, 10.307, 4.875], "texture": "#3"},
				"west": {"uv": [5.625, 10.12, 10.307, 4.875], "texture": "#3"},
				"up": {"uv": [5.625, 10.12, 10.307, 4.875], "texture": "#3"},
				"down": {"uv": [5.625, 10.12, 10.307, 4.875], "texture": "#3"}
			}
		},
		{
			"from": [6.5, 10.23, 7.5],
			"to": [8.5, 12.23, 9.5],
			"faces": {
				"north": {"uv": [5.625, 10.12, 10.307, 4.875], "texture": "#3"},
				"east": {"uv": [5.625, 10.12, 10.307, 4.875], "texture": "#3"},
				"south": {"uv": [5.625, 10.12, 10.307, 4.875], "texture": "#3"},
				"west": {"uv": [5.625, 10.12, 10.307, 4.875], "texture": "#3"},
				"up": {"uv": [5.625, 10.12, 10.307, 4.875], "texture": "#3"},
				"down": {"uv": [5.625, 10.12, 10.307, 4.875], "texture": "#3"}
			}
		},
		{
			"from": [8.5, 10.2, 8.5],
			"to": [10.5, 12.2, 10.5],
			"faces": {
				"north": {"uv": [5.625, 10.12, 10.307, 4.875], "texture": "#3"},
				"east": {"uv": [5.625, 10.12, 10.307, 4.875], "texture": "#3"},
				"south": {"uv": [5.625, 10.12, 10.307, 4.875], "texture": "#3"},
				"west": {"uv": [5.625, 10.12, 10.307, 4.875], "texture": "#3"},
				"up": {"uv": [5.625, 10.12, 10.307, 4.875], "texture": "#3"},
				"down": {"uv": [5.625, 10.12, 10.307, 4.875], "texture": "#3"}
			}
		},
		{
			"from": [6.5, 9.7, 10.5],
			"to": [8.5, 12.7, 12.5],
			"faces": {
				"north": {"uv": [5.625, 10.12, 10.307, 4.875], "texture": "#3"},
				"east": {"uv": [5.625, 10.12, 10.307, 4.875], "texture": "#3"},
				"south": {"uv": [5.625, 10.12, 10.307, 4.875], "texture": "#3"},
				"west": {"uv": [5.625, 10.12, 10.307, 4.875], "texture": "#3"},
				"up": {"uv": [5.625, 10.12, 10.307, 4.875], "rotation": 90, "texture": "#3"},
				"down": {"uv": [5.625, 10.12, 10.307, 4.875], "texture": "#3"}
			}
		},
		{
			"from": [8.5, 10.2, 5.5],
			"to": [10.5, 12.2, 7.5],
			"faces": {
				"north": {"uv": [5.625, 10.12, 10.307, 4.875], "texture": "#3"},
				"east": {"uv": [5.625, 10.12, 10.307, 4.875], "texture": "#3"},
				"south": {"uv": [5.625, 10.12, 10.307, 4.875], "texture": "#3"},
				"west": {"uv": [5.625, 10.12, 10.307, 4.875], "texture": "#3"},
				"up": {"uv": [5.625, 10.12, 10.307, 4.875], "texture": "#3"},
				"down": {"uv": [5.625, 10.12, 10.307, 4.875], "texture": "#3"}
			}
		},
		{
			"from": [6.5, 9.7, 3.5],
			"to": [8.5, 12.7, 5.5],
			"faces": {
				"north": {"uv": [5.625, 10.12, 10.307, 4.875], "texture": "#3"},
				"east": {"uv": [5.625, 10.12, 10.307, 4.875], "texture": "#3"},
				"south": {"uv": [5.625, 10.12, 10.307, 4.875], "texture": "#3"},
				"west": {"uv": [5.625, 10.12, 10.307, 4.875], "texture": "#3"},
				"up": {"uv": [5.625, 10.12, 10.307, 4.875], "rotation": 90, "texture": "#3"},
				"down": {"uv": [5.625, 10.12, 10.307, 4.875], "texture": "#3"}
			}
		},
		{
			"from": [9.5, 9.7, 5.5],
			"to": [11.5, 12.7, 7.5],
			"faces": {
				"north": {"uv": [5.625, 10.12, 10.307, 4.875], "texture": "#3"},
				"east": {"uv": [5.625, 10.12, 10.307, 4.875], "texture": "#3"},
				"south": {"uv": [5.625, 10.12, 10.307, 4.875], "texture": "#3"},
				"west": {"uv": [5.625, 10.12, 10.307, 4.875], "texture": "#3"},
				"up": {"uv": [5.625, 10.12, 10.307, 4.875], "rotation": 90, "texture": "#3"},
				"down": {"uv": [5.625, 10.12, 10.307, 4.875], "texture": "#3"}
			}
		},
		{
			"from": [10, 9.7, 9.5],
			"to": [12, 12.7, 11.5],
			"faces": {
				"north": {"uv": [5.625, 10.12, 10.307, 4.875], "texture": "#3"},
				"east": {"uv": [5.625, 10.12, 10.307, 4.875], "texture": "#3"},
				"south": {"uv": [5.625, 10.12, 10.307, 4.875], "texture": "#3"},
				"west": {"uv": [5.625, 10.12, 10.307, 4.875], "texture": "#3"},
				"up": {"uv": [5.625, 10.12, 10.307, 4.875], "rotation": 90, "texture": "#3"},
				"down": {"uv": [5.625, 10.12, 10.307, 4.875], "texture": "#3"}
			}
		},
		{
			"from": [10, 9.6, 4.5],
			"to": [12, 12.6, 6.5],
			"faces": {
				"north": {"uv": [5.625, 10.12, 10.307, 4.875], "texture": "#3"},
				"east": {"uv": [5.625, 10.12, 10.307, 4.875], "texture": "#3"},
				"south": {"uv": [5.625, 10.12, 10.307, 4.875], "texture": "#3"},
				"west": {"uv": [5.625, 10.12, 10.307, 4.875], "texture": "#3"},
				"up": {"uv": [5.625, 10.12, 10.307, 4.875], "texture": "#3"},
				"down": {"uv": [5.625, 10.12, 10.307, 4.875], "texture": "#3"}
			}
		},
		{
			"from": [6.5, 9.7, 5.5],
			"to": [8.5, 12.7, 7.5],
			"faces": {
				"north": {"uv": [5.625, 10.12, 10.307, 4.875], "texture": "#3"},
				"east": {"uv": [5.625, 10.12, 10.307, 4.875], "texture": "#3"},
				"south": {"uv": [5.625, 10.12, 10.307, 4.875], "texture": "#3"},
				"west": {"uv": [5.625, 10.12, 10.307, 4.875], "texture": "#3"},
				"up": {"uv": [5.625, 10.12, 10.307, 4.875], "rotation": 90, "texture": "#3"},
				"down": {"uv": [5.625, 10.12, 10.307, 4.875], "texture": "#3"}
			}
		},
		{
			"from": [3.5, 9.7, 5.5],
			"to": [5.5, 12.7, 7.5],
			"faces": {
				"north": {"uv": [5.625, 10.12, 10.307, 4.875], "texture": "#3"},
				"east": {"uv": [5.625, 10.12, 10.307, 4.875], "texture": "#3"},
				"south": {"uv": [5.625, 10.12, 10.307, 4.875], "texture": "#3"},
				"west": {"uv": [5.625, 10.12, 10.307, 4.875], "texture": "#3"},
				"up": {"uv": [5.625, 10.12, 10.307, 4.875], "rotation": 90, "texture": "#3"},
				"down": {"uv": [5.625, 10.12, 10.307, 4.875], "texture": "#3"}
			}
		},
		{
			"from": [4.5, 9.7, 8.5],
			"to": [6.5, 12.7, 10.5],
			"faces": {
				"north": {"uv": [5.625, 10.12, 10.307, 4.875], "texture": "#3"},
				"east": {"uv": [5.625, 10.12, 10.307, 4.875], "texture": "#3"},
				"south": {"uv": [5.625, 10.12, 10.307, 4.875], "texture": "#3"},
				"west": {"uv": [5.625, 10.12, 10.307, 4.875], "texture": "#3"},
				"up": {"uv": [5.625, 10.12, 10.307, 4.875], "rotation": 90, "texture": "#3"},
				"down": {"uv": [5.625, 10.12, 10.307, 4.875], "texture": "#3"}
			}
		},
		{
			"from": [4.5, 9.6, 5.5],
			"to": [6.5, 12.6, 7.5],
			"faces": {
				"north": {"uv": [5.625, 10.12, 10.307, 4.875], "texture": "#3"},
				"east": {"uv": [5.625, 10.12, 10.307, 4.875], "texture": "#3"},
				"south": {"uv": [5.625, 10.12, 10.307, 4.875], "texture": "#3"},
				"west": {"uv": [5.625, 10.12, 10.307, 4.875], "texture": "#3"},
				"up": {"uv": [5.625, 10.12, 10.307, 4.875], "texture": "#3"},
				"down": {"uv": [5.625, 10.12, 10.307, 4.875], "texture": "#3"}
			}
		},
		{
			"from": [6.5, 8.7, 8.5],
			"to": [8.5, 11.7, 10.5],
			"faces": {
				"north": {"uv": [5.625, 10.12, 10.307, 4.875], "texture": "#3"},
				"east": {"uv": [5.625, 10.12, 10.307, 4.875], "texture": "#3"},
				"south": {"uv": [5.625, 10.12, 10.307, 4.875], "texture": "#3"},
				"west": {"uv": [5.625, 10.12, 10.307, 4.875], "texture": "#3"},
				"up": {"uv": [5.625, 10.12, 10.307, 4.875], "texture": "#3"},
				"down": {"uv": [5.625, 10.12, 10.307, 4.875], "texture": "#3"}
			}
		},
		{
			"from": [3.5, 8.7, 8.5],
			"to": [5.5, 11.7, 10.5],
			"faces": {
				"north": {"uv": [5.625, 10.12, 10.307, 4.875], "texture": "#3"},
				"east": {"uv": [5.625, 10.12, 10.307, 4.875], "texture": "#3"},
				"south": {"uv": [5.625, 10.12, 10.307, 4.875], "texture": "#3"},
				"west": {"uv": [5.625, 10.12, 10.307, 4.875], "texture": "#3"},
				"up": {"uv": [5.625, 10.12, 10.307, 4.875], "texture": "#3"},
				"down": {"uv": [5.625, 10.12, 10.307, 4.875], "texture": "#3"}
			}
		},
		{
			"from": [6.5, 8.7, 5.5],
			"to": [8.5, 11.7, 7.5],
			"faces": {
				"north": {"uv": [5.625, 10.12, 10.307, 4.875], "texture": "#3"},
				"east": {"uv": [5.625, 10.12, 10.307, 4.875], "texture": "#3"},
				"south": {"uv": [5.625, 10.12, 10.307, 4.875], "texture": "#3"},
				"west": {"uv": [5.625, 10.12, 10.307, 4.875], "texture": "#3"},
				"up": {"uv": [5.625, 10.12, 10.307, 4.875], "texture": "#3"},
				"down": {"uv": [5.625, 10.12, 10.307, 4.875], "texture": "#3"}
			}
		},
		{
			"from": [8.5, 8.7, 6.5],
			"to": [10.5, 11.7, 8.5],
			"faces": {
				"north": {"uv": [5.625, 10.12, 10.307, 4.875], "texture": "#3"},
				"east": {"uv": [5.625, 10.12, 10.307, 4.875], "texture": "#3"},
				"south": {"uv": [5.625, 10.12, 10.307, 4.875], "texture": "#3"},
				"west": {"uv": [5.625, 10.12, 10.307, 4.875], "texture": "#3"},
				"up": {"uv": [5.625, 10.12, 10.307, 4.875], "texture": "#3"},
				"down": {"uv": [5.625, 10.12, 10.307, 4.875], "texture": "#3"}
			}
		},
		{
			"from": [8.5, 8.8, 7.5],
			"to": [10.5, 11.8, 9.5],
			"faces": {
				"north": {"uv": [5.625, 10.12, 10.307, 4.875], "texture": "#3"},
				"east": {"uv": [5.625, 10.12, 10.307, 4.875], "texture": "#3"},
				"south": {"uv": [5.625, 10.12, 10.307, 4.875], "texture": "#3"},
				"west": {"uv": [5.625, 10.12, 10.307, 4.875], "texture": "#3"},
				"up": {"uv": [5.625, 10.12, 10.307, 4.875], "rotation": 90, "texture": "#3"},
				"down": {"uv": [5.625, 10.12, 10.307, 4.875], "texture": "#3"}
			}
		},
		{
			"from": [8.5, 8.7, 10.5],
			"to": [10.5, 11.7, 12.5],
			"faces": {
				"north": {"uv": [5.625, 10.12, 10.307, 4.875], "texture": "#3"},
				"east": {"uv": [5.625, 10.12, 10.307, 4.875], "texture": "#3"},
				"south": {"uv": [5.625, 10.12, 10.307, 4.875], "texture": "#3"},
				"west": {"uv": [5.625, 10.12, 10.307, 4.875], "texture": "#3"},
				"up": {"uv": [5.625, 10.12, 10.307, 4.875], "texture": "#3"},
				"down": {"uv": [5.625, 10.12, 10.307, 4.875], "texture": "#3"}
			}
		},
		{
			"from": [8.5, 8.7, 3.5],
			"to": [10.5, 11.7, 5.5],
			"faces": {
				"north": {"uv": [5.625, 10.12, 10.307, 4.875], "texture": "#3"},
				"east": {"uv": [5.625, 10.12, 10.307, 4.875], "texture": "#3"},
				"south": {"uv": [5.625, 10.12, 10.307, 4.875], "texture": "#3"},
				"west": {"uv": [5.625, 10.12, 10.307, 4.875], "texture": "#3"},
				"up": {"uv": [5.625, 10.12, 10.307, 4.875], "texture": "#3"},
				"down": {"uv": [5.625, 10.12, 10.307, 4.875], "texture": "#3"}
			}
		},
		{
			"from": [5.5, 9.35, 7.5],
			"to": [7.5, 12.35, 9.5],
			"faces": {
				"north": {"uv": [5.625, 10.12, 10.307, 4.875], "texture": "#3"},
				"east": {"uv": [5.625, 10.12, 10.307, 4.875], "texture": "#3"},
				"south": {"uv": [5.625, 10.12, 10.307, 4.875], "texture": "#3"},
				"west": {"uv": [5.625, 10.12, 10.307, 4.875], "texture": "#3"},
				"up": {"uv": [5.625, 10.12, 10.307, 4.875], "texture": "#3"},
				"down": {"uv": [5.625, 10.12, 10.307, 4.875], "texture": "#3"}
			}
		},
		{
			"from": [5.5, 9.4, 6.5],
			"to": [7.5, 12.4, 8.5],
			"faces": {
				"north": {"uv": [5.625, 10.12, 10.307, 4.875], "texture": "#3"},
				"east": {"uv": [5.625, 10.12, 10.307, 4.875], "texture": "#3"},
				"south": {"uv": [5.625, 10.12, 10.307, 4.875], "texture": "#3"},
				"west": {"uv": [5.625, 10.12, 10.307, 4.875], "texture": "#3"},
				"up": {"uv": [5.625, 10.12, 10.307, 4.875], "texture": "#3"},
				"down": {"uv": [5.625, 10.12, 10.307, 4.875], "texture": "#3"}
			}
		},
		{
			"from": [5.5, 9.3, 4.5],
			"to": [7.5, 12.3, 6.5],
			"faces": {
				"north": {"uv": [5.625, 10.12, 10.307, 4.875], "texture": "#3"},
				"east": {"uv": [5.625, 10.12, 10.307, 4.875], "texture": "#3"},
				"south": {"uv": [5.625, 10.12, 10.307, 4.875], "texture": "#3"},
				"west": {"uv": [5.625, 10.12, 10.307, 4.875], "texture": "#3"},
				"up": {"uv": [5.625, 10.12, 10.307, 4.875], "texture": "#3"},
				"down": {"uv": [5.625, 10.12, 10.307, 4.875], "texture": "#3"}
			}
		},
		{
			"from": [10.5, 9.35, 7.5],
			"to": [12.5, 12.35, 9.5],
			"faces": {
				"north": {"uv": [5.625, 10.12, 10.307, 4.875], "texture": "#3"},
				"east": {"uv": [5.625, 10.12, 10.307, 4.875], "texture": "#3"},
				"south": {"uv": [5.625, 10.12, 10.307, 4.875], "texture": "#3"},
				"west": {"uv": [5.625, 10.12, 10.307, 4.875], "texture": "#3"},
				"up": {"uv": [5.625, 10.12, 10.307, 4.875], "rotation": 90, "texture": "#3"},
				"down": {"uv": [5.625, 10.12, 10.307, 4.875], "texture": "#3"}
			}
		},
		{
			"from": [10.5, 9.4, 6.5],
			"to": [12.5, 12.4, 8.5],
			"faces": {
				"north": {"uv": [5.625, 10.12, 10.307, 4.875], "texture": "#3"},
				"east": {"uv": [5.625, 10.12, 10.307, 4.875], "texture": "#3"},
				"south": {"uv": [5.625, 10.12, 10.307, 4.875], "texture": "#3"},
				"west": {"uv": [5.625, 10.12, 10.307, 4.875], "texture": "#3"},
				"up": {"uv": [5.625, 10.12, 10.307, 4.875], "texture": "#3"},
				"down": {"uv": [5.625, 10.12, 10.307, 4.875], "texture": "#3"}
			}
		},
		{
			"from": [9.5, 9.4, 9.5],
			"to": [11.5, 12.4, 11.5],
			"faces": {
				"north": {"uv": [5.625, 10.12, 10.307, 4.875], "texture": "#3"},
				"east": {"uv": [5.625, 10.12, 10.307, 4.875], "texture": "#3"},
				"south": {"uv": [5.625, 10.12, 10.307, 4.875], "texture": "#3"},
				"west": {"uv": [5.625, 10.12, 10.307, 4.875], "texture": "#3"},
				"up": {"uv": [5.625, 10.12, 10.307, 4.875], "rotation": 90, "texture": "#3"},
				"down": {"uv": [5.625, 10.12, 10.307, 4.875], "texture": "#3"}
			}
		},
		{
			"from": [9.5, 9.4, 4.5],
			"to": [11.5, 12.4, 6.5],
			"faces": {
				"north": {"uv": [5.625, 10.12, 10.307, 4.875], "texture": "#3"},
				"east": {"uv": [5.625, 10.12, 10.307, 4.875], "texture": "#3"},
				"south": {"uv": [5.625, 10.12, 10.307, 4.875], "texture": "#3"},
				"west": {"uv": [5.625, 10.12, 10.307, 4.875], "texture": "#3"},
				"up": {"uv": [5.625, 10.12, 10.307, 4.875], "texture": "#3"},
				"down": {"uv": [5.625, 10.12, 10.307, 4.875], "texture": "#3"}
			}
		},
		{
			"from": [3.5, 9.4, 6.5],
			"to": [5.5, 12.4, 8.5],
			"faces": {
				"north": {"uv": [5.625, 10.12, 10.307, 4.875], "texture": "#3"},
				"east": {"uv": [5.625, 10.12, 10.307, 4.875], "texture": "#3"},
				"south": {"uv": [5.625, 10.12, 10.307, 4.875], "texture": "#3"},
				"west": {"uv": [5.625, 10.12, 10.307, 4.875], "texture": "#3"},
				"up": {"uv": [5.625, 10.12, 10.307, 4.875], "texture": "#3"},
				"down": {"uv": [5.625, 10.12, 10.307, 4.875], "texture": "#3"}
			}
		},
		{
			"from": [4.5, 9.4, 10.1],
			"to": [6.5, 12.4, 12.1],
			"faces": {
				"north": {"uv": [5.625, 10.12, 10.307, 4.875], "texture": "#3"},
				"east": {"uv": [5.625, 10.12, 10.307, 4.875], "texture": "#3"},
				"south": {"uv": [5.625, 10.12, 10.307, 4.875], "texture": "#3"},
				"west": {"uv": [5.625, 10.12, 10.307, 4.875], "texture": "#3"},
				"up": {"uv": [5.625, 10.12, 10.307, 4.875], "rotation": 90, "texture": "#3"},
				"down": {"uv": [5.625, 10.12, 10.307, 4.875], "texture": "#3"}
			}
		},
		{
			"from": [4.5, 9.4, 3.9],
			"to": [6.5, 12.4, 5.9],
			"faces": {
				"north": {"uv": [5.625, 10.12, 10.307, 4.875], "texture": "#3"},
				"east": {"uv": [5.625, 10.12, 10.307, 4.875], "texture": "#3"},
				"south": {"uv": [5.625, 10.12, 10.307, 4.875], "texture": "#3"},
				"west": {"uv": [5.625, 10.12, 10.307, 4.875], "texture": "#3"},
				"up": {"uv": [5.625, 10.12, 10.307, 4.875], "rotation": 270, "texture": "#3"},
				"down": {"uv": [5.625, 10.12, 10.307, 4.875], "texture": "#3"}
			}
		},
		{
			"name": "hexadecagon",
			"from": [6.92587, 1.75, 2.58],
			"to": [9.07413, 10.25, 2.78],
			"faces": {
				"north": {"uv": [6.062, 0, 9.872, 15.998], "texture": "#4"},
				"east": {"uv": [0, 0, 15.999, 15.999], "texture": "#4"},
				"south": {"uv": [0, 0, 15.999, 15.999], "texture": "#4"},
				"west": {"uv": [0, 0, 15.999, 15.999], "texture": "#4"},
				"up": {"uv": [0, 0, 1, 1], "texture": "#4"},
				"down": {"uv": [0, 0, 1, 1], "texture": "#4"}
			}
		},
		{
			"name": "hexadecagon",
			"from": [6.92587, 1.75, 2.58],
			"to": [9.07413, 10.25, 2.78],
			"rotation": {"angle": 22.5, "axis": "y", "origin": [8, 2.5, 8]},
			"faces": {
				"north": {"uv": [9.875, 0, 15.998, 15.999], "texture": "#4"},
				"east": {"uv": [0, 0, 15.999, 15.999], "texture": "#4"},
				"south": {"uv": [0, 0, 15.999, 15.999], "texture": "#4"},
				"west": {"uv": [0, 0, 15.999, 15.999], "texture": "#4"},
				"up": {"uv": [0, 0, 1, 1], "texture": "#4"},
				"down": {"uv": [0, 0, 1, 1], "texture": "#4"}
			}
		},
		{
			"name": "hexadecagon",
			"from": [6.92587, 1.75, 2.58],
			"to": [9.07413, 10.25, 2.78],
			"rotation": {"angle": -22.5, "axis": "y", "origin": [8, 2.5, 8]},
			"faces": {
				"north": {"uv": [0, 0.063, 6.123, 16], "texture": "#4"},
				"east": {"uv": [0, 0, 15.999, 15.999], "texture": "#4"},
				"south": {"uv": [0, 0, 15.999, 15.999], "texture": "#4"},
				"west": {"uv": [0, 0, 15.999, 15.999], "texture": "#4"},
				"up": {"uv": [1, 0, 0, 1], "texture": "#4"},
				"down": {"uv": [1, 0, 0, 1], "texture": "#4"}
			}
		},
		{
			"name": "hexadecagon",
			"from": [6.92587, 1.75, 2.58],
			"to": [9.07413, 10.25, 2.78],
			"rotation": {"angle": 45, "axis": "y", "origin": [8, 2.5, 8]},
			"faces": {
				"north": {"uv": [0, 0, 2.935, 15.999], "texture": "#4"},
				"east": {"uv": [0, 0, 15.999, 15.999], "texture": "#4"},
				"south": {"uv": [0, 0, 15.999, 15.999], "texture": "#4"},
				"west": {"uv": [0, 0, 15.999, 15.999], "texture": "#4"},
				"up": {"uv": [0, 0, 1, 1], "texture": "#4"},
				"down": {"uv": [0, 0, 1, 1], "texture": "#4"}
			}
		},
		{
			"name": "hexadecagon",
			"from": [6.92587, 1.75, 2.58],
			"to": [9.07413, 10.25, 2.78],
			"rotation": {"angle": -45, "axis": "y", "origin": [8, 2.5, 8]},
			"faces": {
				"north": {"uv": [0, 0, 2.935, 15.999], "texture": "#4"},
				"east": {"uv": [0, 0, 15.999, 15.999], "texture": "#4"},
				"south": {"uv": [0, 0, 15.999, 15.999], "texture": "#4"},
				"west": {"uv": [0, 0, 15.999, 15.999], "texture": "#4"},
				"up": {"uv": [1, 0, 0, 1], "texture": "#4"},
				"down": {"uv": [1, 0, 0, 1], "texture": "#4"}
			}
		},
		{
			"name": "hexadecagon",
			"from": [2.58, 1.75, 6.92587],
			"to": [2.78, 10.25, 9.07413],
			"rotation": {"angle": -22.5, "axis": "y", "origin": [8, 2.5, 8]},
			"faces": {
				"north": {"uv": [0, 0, 15.999, 15.999], "texture": "#4"},
				"east": {"uv": [0, 0, 15.999, 15.999], "texture": "#4"},
				"south": {"uv": [0, 0, 15.999, 15.999], "texture": "#4"},
				"west": {"uv": [0, 0.063, 6.123, 16], "texture": "#4"},
				"up": {"uv": [0, 0, 1, 1], "rotation": 270, "texture": "#4"},
				"down": {"uv": [0, 0, 1, 1], "rotation": 90, "texture": "#4"}
			}
		},
		{
			"name": "hexadecagon",
			"from": [13.22, 1.75, 6.92587],
			"to": [13.42, 10.25, 9.07413],
			"rotation": {"angle": 22.5, "axis": "y", "origin": [8, 2.5, 8]},
			"faces": {
				"north": {"uv": [0, 0, 15.999, 15.999], "texture": "#4"},
				"east": {"uv": [9.875, 0, 15.998, 15.999], "texture": "#4"},
				"south": {"uv": [0, 0, 15.999, 15.999], "texture": "#4"},
				"west": {"uv": [0, 0, 15.999, 15.999], "texture": "#4"},
				"up": {"uv": [0, 1, 1, 0], "rotation": 270, "texture": "#4"},
				"down": {"uv": [0, 1, 1, 0], "rotation": 90, "texture": "#4"}
			}
		},
		{
			"name": "hexadecagon",
			"from": [2.58, 1.75, 6.92587],
			"to": [2.78, 10.25, 9.07413],
			"faces": {
				"north": {"uv": [0, 0, 15.999, 15.999], "texture": "#4"},
				"east": {"uv": [0, 0, 15.999, 15.999], "texture": "#4"},
				"south": {"uv": [0, 0, 15.999, 15.999], "texture": "#4"},
				"west": {"uv": [6.062, 0, 9.872, 15.998], "texture": "#4"},
				"up": {"uv": [0, 0, 1, 1], "rotation": 270, "texture": "#4"},
				"down": {"uv": [0, 0, 1, 1], "rotation": 90, "texture": "#4"}
			}
		},
		{
			"name": "hexadecagon",
			"from": [13.22, 1.75, 6.92587],
			"to": [13.42, 10.25, 9.07413],
			"faces": {
				"north": {"uv": [0, 0, 15.999, 15.999], "texture": "#4"},
				"east": {"uv": [6.062, 0, 9.872, 15.998], "texture": "#4"},
				"south": {"uv": [0, 0, 15.999, 15.999], "texture": "#4"},
				"west": {"uv": [0, 0, 15.999, 15.999], "texture": "#4"},
				"up": {"uv": [0, 1, 1, 0], "rotation": 270, "texture": "#4"},
				"down": {"uv": [0, 1, 1, 0], "rotation": 90, "texture": "#4"}
			}
		},
		{
			"name": "hexadecagon",
			"from": [2.58, 1.75, 6.92587],
			"to": [2.78, 10.25, 9.07413],
			"rotation": {"angle": 22.5, "axis": "y", "origin": [8, 2.5, 8]},
			"faces": {
				"north": {"uv": [0, 0, 15.999, 15.999], "texture": "#4"},
				"east": {"uv": [0, 0, 15.999, 15.999], "texture": "#4"},
				"south": {"uv": [0, 0, 15.999, 15.999], "texture": "#4"},
				"west": {"uv": [9.875, 0, 15.998, 15.999], "texture": "#4"},
				"up": {"uv": [0, 0, 1, 1], "rotation": 270, "texture": "#4"},
				"down": {"uv": [0, 0, 1, 1], "rotation": 90, "texture": "#4"}
			}
		},
		{
			"name": "hexadecagon",
			"from": [13.22, 1.75, 6.92587],
			"to": [13.42, 10.25, 9.07413],
			"rotation": {"angle": -22.5, "axis": "y", "origin": [8, 2.5, 8]},
			"faces": {
				"north": {"uv": [0, 0, 15.999, 15.999], "texture": "#4"},
				"east": {"uv": [0, 0.063, 6.123, 16], "texture": "#4"},
				"south": {"uv": [0, 0, 15.999, 15.999], "texture": "#4"},
				"west": {"uv": [0, 0, 15.999, 15.999], "texture": "#4"},
				"up": {"uv": [0, 1, 1, 0], "rotation": 270, "texture": "#4"},
				"down": {"uv": [0, 1, 1, 0], "rotation": 90, "texture": "#4"}
			}
		},
		{
			"name": "hexadecagon",
			"from": [2.58, 1.75, 6.92587],
			"to": [2.78, 10.25, 9.07413],
			"rotation": {"angle": 45, "axis": "y", "origin": [8, 2.5, 8]},
			"faces": {
				"north": {"uv": [0, 0, 15.999, 15.999], "texture": "#4"},
				"east": {"uv": [0, 0, 15.999, 15.999], "texture": "#4"},
				"south": {"uv": [0, 0, 15.999, 15.999], "texture": "#4"},
				"west": {"uv": [0, 0, 2.935, 15.999], "texture": "#4"},
				"up": {"uv": [0, 0, 1, 1], "rotation": 270, "texture": "#4"},
				"down": {"uv": [0, 0, 1, 1], "rotation": 90, "texture": "#4"}
			}
		},
		{
			"name": "hexadecagon",
			"from": [13.22, 1.75, 6.92587],
			"to": [13.42, 10.25, 9.07413],
			"rotation": {"angle": -45, "axis": "y", "origin": [8, 2.5, 8]},
			"faces": {
				"north": {"uv": [0, 0, 15.999, 15.999], "texture": "#4"},
				"east": {"uv": [0, 0, 2.935, 15.999], "texture": "#4"},
				"south": {"uv": [0, 0, 15.999, 15.999], "texture": "#4"},
				"west": {"uv": [0, 0, 15.999, 15.999], "texture": "#4"},
				"up": {"uv": [0, 1, 1, 0], "rotation": 270, "texture": "#4"},
				"down": {"uv": [0, 1, 1, 0], "rotation": 90, "texture": "#4"}
			}
		},
		{
			"name": "hexadecagon",
			"from": [6.92587, 1.75, 13.22],
			"to": [9.07413, 10.25, 13.42],
			"rotation": {"angle": -22.5, "axis": "y", "origin": [8, 2.5, 8]},
			"faces": {
				"north": {"uv": [0, 0, 15.999, 15.999], "texture": "#4"},
				"east": {"uv": [0, 0, 15.999, 15.999], "texture": "#4"},
				"south": {"uv": [0, 0.063, 6.123, 16], "texture": "#4"},
				"west": {"uv": [0, 0, 15.999, 15.999], "texture": "#4"},
				"up": {"uv": [0, 0, 1, 1], "rotation": 180, "texture": "#4"},
				"down": {"uv": [0, 0, 1, 1], "rotation": 180, "texture": "#4"}
			}
		},
		{
			"name": "hexadecagon",
			"from": [6.92587, 1.75, 13.22],
			"to": [9.07413, 10.25, 13.42],
			"rotation": {"angle": 22.5, "axis": "y", "origin": [8, 2.5, 8]},
			"faces": {
				"north": {"uv": [0, 0, 15.999, 15.999], "texture": "#4"},
				"east": {"uv": [0, 0, 15.999, 15.999], "texture": "#4"},
				"south": {"uv": [9.875, 0, 15.998, 15.999], "texture": "#4"},
				"west": {"uv": [0, 0, 15.999, 15.999], "texture": "#4"},
				"up": {"uv": [1, 0, 0, 1], "rotation": 180, "texture": "#4"},
				"down": {"uv": [1, 0, 0, 1], "rotation": 180, "texture": "#4"}
			}
		},
		{
			"name": "hexadecagon",
			"from": [6.92587, 1.75, 13.22],
			"to": [9.07413, 10.25, 13.42],
			"faces": {
				"north": {"uv": [0, 0, 15.999, 15.999], "texture": "#4"},
				"east": {"uv": [0, 0, 15.999, 15.999], "texture": "#4"},
				"south": {"uv": [6.062, 0, 9.872, 15.998], "texture": "#4"},
				"west": {"uv": [0, 0, 15.999, 15.999], "texture": "#4"},
				"up": {"uv": [0, 0, 1, 1], "rotation": 180, "texture": "#4"},
				"down": {"uv": [0, 0, 1, 1], "rotation": 180, "texture": "#4"}
			}
		}
	],
	"display": {
		"head": {
			"translation": [0, -26, 0],
			"scale": [2, 2, 2]
		}
	},
	"groups": [
		{
			"name": "hexadecagon",
			"origin": [8, 8, 8],
			"children": [0, 1, 2, 3, 4, 5, 6, 7]
		},
		{
			"name": "hexadecagon",
			"origin": [8, 8, 8],
			"children": [8, 9, 10, 11, 12, 13, 14, 15]
		},
		{
			"name": "hexadecagon",
			"origin": [8, 8, 8],
			"children": [16, 17, 18, 19, 20, 21, 22, 23]
		},
		{
			"name": "hexadecagon",
			"origin": [8, 8, 8],
			"children": [24, 25, 26, 27, 28, 29, 30, 31]
		},
		{
			"name": "hexadecagon",
			"origin": [8, 8, 8],
			"children": [32, 33, 34, 35, 36, 37, 38, 39, 40, 41, 42, 43, 44, 45, 46, 47, 48, 49, 50, 51, 52, 53, 54, 55, 56, 57, 58, 59, 60, 61, 62, 63]
		},
		{
			"name": "candy",
			"origin": [13.5, 18.5, -3.5],
			"children": [64, 65, 66, 67, 68, 69, 70, 71, 72, 73, 74, 75, 76, 77, 78, 79, 80, 81, 82, 83, 84, 85, 86, 87, 88, 89, 90, 91, 92, 93]
		},
		{
			"name": "cauldronlogo",
			"origin": [8, 2.5, 8],
			"children": [94, 95, 96, 97, 98, 99, 100, 101, 102, 103, 104, 105, 106, 107, 108, 109]
		}
	]
}
