{
	"credit": "Made with Blockbench",
	"textures": {
		"0": "blocks/quartz_block_top",
		"1": "blocks/wool_colored_red",
		"2": "blocks/wool_colored_silver",
		"3": "blocks/wool_colored_black",
		"particle": "blocks/quartz_block_top"
	},
	"elements": [
		{
			"from": [5.92074, -0.3852, 0.94053],
			"to": [11.42074, 0.6148, 2.94053],
			"rotation": {"angle": 0, "axis": "y", "origin": [18.42074, 7.6148, 8.94053]},
			"faces": {
				"north": {"uv": [0, 0, 5.5, 1], "texture": "#0"},
				"east": {"uv": [0, 0, 2, 1], "texture": "#0"},
				"south": {"uv": [0, 0, 5.5, 1], "texture": "#0"},
				"west": {"uv": [0, 0, 2, 1], "texture": "#0"},
				"up": {"uv": [0, 0, 5.5, 2], "texture": "#0"},
				"down": {"uv": [0, 0, 5.5, 2], "texture": "#0"}
			}
		},
		{
			"from": [5.92074, -0.3852, 12.94053],
			"to": [11.42074, 0.6148, 14.94053],
			"rotation": {"angle": 0, "axis": "y", "origin": [18.42074, 7.6148, 20.94053]},
			"faces": {
				"north": {"uv": [0, 0, 5.5, 1], "texture": "#0"},
				"east": {"uv": [0, 0, 2, 1], "texture": "#0"},
				"south": {"uv": [0, 0, 5.5, 1], "texture": "#0"},
				"west": {"uv": [0, 0, 2, 1], "texture": "#0"},
				"up": {"uv": [0, 0, 5.5, 2], "texture": "#0"},
				"down": {"uv": [0, 0, 5.5, 2], "texture": "#0"}
			}
		},
		{
			"from": [6.65537, 2.06256, 0.94053],
			"to": [10.65537, 2.46256, 2.94053],
			"rotation": {"angle": 0, "axis": "y", "origin": [18.65537, 9.46256, 8.94053]},
			"faces": {
				"north": {"uv": [0, 0, 4, 0.4], "texture": "#0"},
				"east": {"uv": [0, 0, 2, 0.4], "texture": "#0"},
				"south": {"uv": [0, 0, 4, 0.4], "texture": "#0"},
				"west": {"uv": [0, 0, 2, 0.4], "texture": "#0"},
				"up": {"uv": [0, 0, 4, 2], "texture": "#0"},
				"down": {"uv": [0, 0, 4, 2], "texture": "#0"}
			}
		},
		{
			"from": [6.65537, 2.06256, 12.94053],
			"to": [10.65537, 2.46256, 14.94053],
			"rotation": {"angle": 0, "axis": "y", "origin": [18.65537, 9.46256, 20.94053]},
			"faces": {
				"north": {"uv": [0, 0, 4, 0.4], "texture": "#0"},
				"east": {"uv": [0, 0, 2, 0.4], "texture": "#0"},
				"south": {"uv": [0, 0, 4, 0.4], "texture": "#0"},
				"west": {"uv": [0, 0, 2, 0.4], "texture": "#0"},
				"up": {"uv": [0, 0, 4, 2], "texture": "#0"},
				"down": {"uv": [0, 0, 4, 2], "texture": "#0"}
			}
		},
		{
			"from": [7.65537, 2.36256, 1.04053],
			"to": [9.65537, 10.76256, 2.94053],
			"rotation": {"angle": 0, "axis": "y", "origin": [18.65537, 9.76256, 8.94053]},
			"faces": {
				"north": {"uv": [0, 0, 2, 8.4], "texture": "#1"},
				"east": {"uv": [0, 0, 2, 8.4], "texture": "#1"},
				"south": {"uv": [0, 0, 2, 8.4], "texture": "#1"},
				"west": {"uv": [0, 0, 2, 8.4], "texture": "#1"},
				"up": {"uv": [0, 0, 2, 2], "texture": "#1"},
				"down": {"uv": [0, 0, 2, 2], "texture": "#1"}
			}
		},
		{
			"from": [7.65537, 2.36256, 12.94053],
			"to": [9.65537, 10.76256, 14.84053],
			"rotation": {"angle": 0, "axis": "y", "origin": [18.65537, 9.76256, 20.94053]},
			"faces": {
				"north": {"uv": [0, 0, 2, 8.4], "texture": "#1"},
				"east": {"uv": [0, 0, 2, 8.4], "texture": "#1"},
				"south": {"uv": [0, 0, 2, 8.4], "texture": "#1"},
				"west": {"uv": [0, 0, 2, 8.4], "texture": "#1"},
				"up": {"uv": [0, 0, 2, 2], "texture": "#1"},
				"down": {"uv": [0, 0, 2, 2], "texture": "#1"}
			}
		},
		{
			"from": [6.65537, 10.36256, 0.94053],
			"to": [10.65537, 17.76256, 2.94053],
			"rotation": {"angle": 0, "axis": "y", "origin": [18.65537, 17.76256, 8.94053]},
			"faces": {
				"north": {"uv": [0, 0, 4, 7.4], "texture": "#0"},
				"east": {"uv": [0, 0, 2, 7.4], "texture": "#0"},
				"south": {"uv": [0, 0, 4, 7.4], "texture": "#0"},
				"west": {"uv": [0, 0, 2, 7.4], "texture": "#0"},
				"up": {"uv": [0, 0, 4, 2], "texture": "#0"},
				"down": {"uv": [0, 0, 4, 2], "texture": "#0"}
			}
		},
		{
			"from": [6.65537, 10.36256, 12.94053],
			"to": [10.65537, 17.76256, 14.94053],
			"rotation": {"angle": 0, "axis": "y", "origin": [18.65537, 17.76256, 20.94053]},
			"faces": {
				"north": {"uv": [0, 0, 4, 7.4], "texture": "#0"},
				"east": {"uv": [0, 0, 2, 7.4], "texture": "#0"},
				"south": {"uv": [0, 0, 4, 7.4], "texture": "#0"},
				"west": {"uv": [0, 0, 2, 7.4], "texture": "#0"},
				"up": {"uv": [0, 0, 4, 2], "texture": "#0"},
				"down": {"uv": [0, 0, 4, 2], "texture": "#0"}
			}
		},
		{
			"from": [7.15537, 11.36256, 0.64053],
			"to": [10.15537, 17.26256, 15.34053],
			"rotation": {"angle": 0, "axis": "y", "origin": [18.65537, 17.76256, 20.94053]},
			"faces": {
				"north": {"uv": [0, 0, 3, 5.9], "texture": "#1"},
				"east": {"uv": [0, 0, 14.7, 5.9], "texture": "#1"},
				"south": {"uv": [0, 0, 3, 5.9], "texture": "#1"},
				"west": {"uv": [0, 0, 14.7, 5.9], "texture": "#1"},
				"up": {"uv": [0, 0, 3, 14.7], "texture": "#1"},
				"down": {"uv": [0, 0, 3, 14.7], "texture": "#1"}
			}
		},
		{
			"from": [6.55537, 10.66256, 1.34053],
			"to": [10.75537, 17.36256, 2.64053],
			"rotation": {"angle": 0, "axis": "y", "origin": [18.65537, 17.76256, 8.94053]},
			"faces": {
				"north": {"uv": [0, 0, 4.2, 6.7], "texture": "#0"},
				"east": {"uv": [0, 0, 1.3, 6.7], "texture": "#0"},
				"south": {"uv": [0, 0, 4.2, 6.7], "texture": "#0"},
				"west": {"uv": [0, 0, 1.3, 6.7], "texture": "#0"},
				"up": {"uv": [0, 0, 4.2, 1.3], "texture": "#0"},
				"down": {"uv": [0, 0, 4.2, 1.3], "texture": "#0"}
			}
		},
		{
			"from": [6.55537, 10.66256, 13.34053],
			"to": [10.75537, 17.36256, 14.64053],
			"rotation": {"angle": 0, "axis": "y", "origin": [18.65537, 17.76256, 20.94053]},
			"faces": {
				"north": {"uv": [0, 0, 4.2, 6.7], "texture": "#0"},
				"east": {"uv": [0, 0, 1.3, 6.7], "texture": "#0"},
				"south": {"uv": [0, 0, 4.2, 6.7], "texture": "#0"},
				"west": {"uv": [0, 0, 1.3, 6.7], "texture": "#0"},
				"up": {"uv": [0, 0, 4.2, 1.3], "texture": "#0"},
				"down": {"uv": [0, 0, 4.2, 1.3], "texture": "#0"}
			}
		},
		{
			"from": [6.85537, 17.66256, 0.94053],
			"to": [10.45537, 18.06256, 2.94053],
			"rotation": {"angle": 0, "axis": "y", "origin": [18.65537, 18.76256, 8.94053]},
			"faces": {
				"north": {"uv": [0, 0, 3.6, 0.4], "texture": "#0"},
				"east": {"uv": [0, 0, 2, 0.4], "texture": "#0"},
				"south": {"uv": [0, 0, 3.6, 0.4], "texture": "#0"},
				"west": {"uv": [0, 0, 2, 0.4], "texture": "#0"},
				"up": {"uv": [0, 0, 3.6, 2], "texture": "#0"},
				"down": {"uv": [0, 0, 3.6, 2], "texture": "#0"}
			}
		},
		{
			"from": [6.85537, 17.66256, 12.94053],
			"to": [10.45537, 18.06256, 14.94053],
			"rotation": {"angle": 0, "axis": "y", "origin": [18.65537, 18.76256, 20.94053]},
			"faces": {
				"north": {"uv": [0, 0, 3.6, 0.4], "texture": "#0"},
				"east": {"uv": [0, 0, 2, 0.4], "texture": "#0"},
				"south": {"uv": [0, 0, 3.6, 0.4], "texture": "#0"},
				"west": {"uv": [0, 0, 2, 0.4], "texture": "#0"},
				"up": {"uv": [0, 0, 3.6, 2], "texture": "#0"},
				"down": {"uv": [0, 0, 3.6, 2], "texture": "#0"}
			}
		},
		{
			"from": [7.25537, 17.86256, 0.94053],
			"to": [10.15537, 18.26256, 2.94053],
			"rotation": {"angle": 0, "axis": "y", "origin": [18.65537, 18.96256, 8.94053]},
			"faces": {
				"north": {"uv": [0, 0, 2.9, 0.4], "texture": "#0"},
				"east": {"uv": [0, 0, 2, 0.4], "texture": "#0"},
				"south": {"uv": [0, 0, 2.9, 0.4], "texture": "#0"},
				"west": {"uv": [0, 0, 2, 0.4], "texture": "#0"},
				"up": {"uv": [0, 0, 2.9, 2], "texture": "#0"},
				"down": {"uv": [0, 0, 2.9, 2], "texture": "#0"}
			}
		},
		{
			"from": [7.25537, 17.86256, 12.94053],
			"to": [10.15537, 18.26256, 14.94053],
			"rotation": {"angle": 0, "axis": "y", "origin": [18.65537, 18.96256, 20.94053]},
			"faces": {
				"north": {"uv": [0, 0, 2.9, 0.4], "texture": "#0"},
				"east": {"uv": [0, 0, 2, 0.4], "texture": "#0"},
				"south": {"uv": [0, 0, 2.9, 0.4], "texture": "#0"},
				"west": {"uv": [0, 0, 2, 0.4], "texture": "#0"},
				"up": {"uv": [0, 0, 2.9, 2], "texture": "#0"},
				"down": {"uv": [0, 0, 2.9, 2], "texture": "#0"}
			}
		},
		{
			"from": [6.65537, 0.06256, 1.34053],
			"to": [10.65537, 2.26256, 2.64053],
			"rotation": {"angle": 0, "axis": "y", "origin": [18.65537, 8.46256, 8.94053]},
			"faces": {
				"north": {"uv": [0, 0, 4, 2.2], "texture": "#2"},
				"east": {"uv": [0, 0, 1.3, 2.2], "texture": "#2"},
				"south": {"uv": [0, 0, 4, 2.2], "texture": "#2"},
				"west": {"uv": [0, 0, 1.3, 2.2], "texture": "#2"},
				"up": {"uv": [0, 0, 4, 1.3], "texture": "#2"},
				"down": {"uv": [0, 0, 4, 1.3], "texture": "#2"}
			}
		},
		{
			"from": [6.65537, 0.06256, 13.34053],
			"to": [10.65537, 2.26256, 14.64053],
			"rotation": {"angle": 0, "axis": "y", "origin": [18.65537, 8.46256, 20.94053]},
			"faces": {
				"north": {"uv": [0, 0, 4, 2.2], "texture": "#2"},
				"east": {"uv": [0, 0, 1.3, 2.2], "texture": "#2"},
				"south": {"uv": [0, 0, 4, 2.2], "texture": "#2"},
				"west": {"uv": [0, 0, 1.3, 2.2], "texture": "#2"},
				"up": {"uv": [0, 0, 4, 1.3], "texture": "#2"},
				"down": {"uv": [0, 0, 4, 1.3], "texture": "#2"}
			}
		},
		{
			"from": [12.56668, 3.82643, 0.94053],
			"to": [13.56668, 5.82643, 2.94053],
			"rotation": {"angle": 22.5, "axis": "z", "origin": [20.56668, -3.17357, 8.94053]},
			"faces": {
				"north": {"uv": [0, 0, 2, 1], "rotation": 270, "texture": "#0"},
				"east": {"uv": [0, 0, 2, 2], "rotation": 90, "texture": "#0"},
				"south": {"uv": [0, 0, 2, 1], "rotation": 90, "texture": "#0"},
				"west": {"uv": [0, 0, 2, 2], "rotation": 90, "texture": "#0"},
				"up": {"uv": [0, 0, 2, 1], "rotation": 90, "texture": "#0"},
				"down": {"uv": [0, 0, 2, 1], "rotation": 90, "texture": "#0"}
			}
		},
		{
			"from": [12.56668, 3.82643, 12.94053],
			"to": [13.56668, 5.82643, 14.94053],
			"rotation": {"angle": 22.5, "axis": "z", "origin": [20.56668, -3.17357, 20.94053]},
			"faces": {
				"north": {"uv": [0, 0, 2, 1], "rotation": 270, "texture": "#0"},
				"east": {"uv": [0, 0, 2, 2], "rotation": 90, "texture": "#0"},
				"south": {"uv": [0, 0, 2, 1], "rotation": 90, "texture": "#0"},
				"west": {"uv": [0, 0, 2, 2], "rotation": 90, "texture": "#0"},
				"up": {"uv": [0, 0, 2, 1], "rotation": 90, "texture": "#0"},
				"down": {"uv": [0, 0, 2, 1], "rotation": 90, "texture": "#0"}
			}
		},
		{
			"from": [8.72519, -3.13175, 0.94053],
			"to": [9.72519, -1.13175, 2.94053],
			"rotation": {"angle": -22.5, "axis": "z", "origin": [16.72519, 5.86825, 8.94053]},
			"faces": {
				"north": {"uv": [2, 0, 4, 1], "rotation": 270, "texture": "#0"},
				"east": {"uv": [2, 0, 4, 2], "rotation": 90, "texture": "#0"},
				"south": {"uv": [2, 0, 4, 1], "rotation": 90, "texture": "#0"},
				"west": {"uv": [2, 0, 4, 2], "rotation": 90, "texture": "#0"},
				"up": {"uv": [1, 0, 3, 1], "rotation": 90, "texture": "#0"},
				"down": {"uv": [1, 0, 3, 1], "rotation": 90, "texture": "#0"}
			}
		},
		{
			"from": [8.72519, -3.13175, 12.94053],
			"to": [9.72519, -1.13175, 14.94053],
			"rotation": {"angle": -22.5, "axis": "z", "origin": [16.72519, 5.86825, 20.94053]},
			"faces": {
				"north": {"uv": [2, 0, 4, 1], "rotation": 270, "texture": "#0"},
				"east": {"uv": [2, 0, 4, 2], "rotation": 90, "texture": "#0"},
				"south": {"uv": [2, 0, 4, 1], "rotation": 90, "texture": "#0"},
				"west": {"uv": [2, 0, 4, 2], "rotation": 90, "texture": "#0"},
				"up": {"uv": [1, 0, 3, 1], "rotation": 90, "texture": "#0"},
				"down": {"uv": [1, 0, 3, 1], "rotation": 90, "texture": "#0"}
			}
		},
		{
			"name": "hexadecagon",
			"from": [7.42618, 6.1148, 2.94053],
			"to": [9.4153, 21.1148, 12.94053],
			"rotation": {"angle": -45, "axis": "y", "origin": [8.42074, 6.6148, 7.94053]},
			"faces": {
				"north": {"uv": [0, 0, 1, 1], "texture": "#0"},
				"east": {"uv": [0, 0, 1, 1], "texture": "#0"},
				"south": {"uv": [0, 0, 1, 1], "texture": "#0"},
				"west": {"uv": [0, 0, 1, 1], "texture": "#0"},
				"up": {"uv": [0, 0, 1, 1], "texture": "#0"},
				"down": {"uv": [0, 0, 1, 1], "texture": "#0"}
			}
		},
		{
			"name": "hexadecagon",
			"from": [7.42618, 6.1148, 2.94053],
			"to": [9.4153, 21.1148, 12.94053],
			"rotation": {"angle": -22.5, "axis": "y", "origin": [8.42074, 6.6148, 7.94053]},
			"faces": {
				"north": {"uv": [0, 0, 1, 1], "texture": "#2"},
				"east": {"uv": [0, 0, 1, 1], "texture": "#2"},
				"south": {"uv": [0, 0, 1, 1], "texture": "#2"},
				"west": {"uv": [0, 0, 1, 1], "texture": "#2"},
				"up": {"uv": [0, 0, 1, 1], "texture": "#2"},
				"down": {"uv": [0, 0, 1, 1], "texture": "#2"}
			}
		},
		{
			"name": "hexadecagon",
			"from": [7.42618, 6.1148, 2.94053],
			"to": [9.4153, 21.1148, 12.94053],
			"rotation": {"angle": 0, "axis": "y", "origin": [8.42074, 6.6148, 7.94053]},
			"faces": {
				"north": {"uv": [0, 0, 1, 1], "texture": "#0"},
				"east": {"uv": [0, 0, 1, 1], "texture": "#0"},
				"south": {"uv": [0, 0, 1, 1], "texture": "#0"},
				"west": {"uv": [0, 0, 1, 1], "texture": "#0"},
				"up": {"uv": [0, 0, 1, 1], "texture": "#0"},
				"down": {"uv": [0, 0, 1, 1], "texture": "#0"}
			}
		},
		{
			"name": "hexadecagon",
			"from": [7.42618, 6.1148, 2.94053],
			"to": [9.4153, 21.1148, 12.94053],
			"rotation": {"angle": 22.5, "axis": "y", "origin": [8.42074, 6.6148, 7.94053]},
			"faces": {
				"north": {"uv": [0, 0, 1, 1], "texture": "#0"},
				"east": {"uv": [0, 0, 1, 1], "texture": "#0"},
				"south": {"uv": [0, 0, 1, 1], "texture": "#0"},
				"west": {"uv": [0, 0, 1, 1], "texture": "#0"},
				"up": {"uv": [0, 0, 1, 1], "texture": "#0"},
				"down": {"uv": [0, 0, 1, 1], "texture": "#0"}
			}
		},
		{
			"name": "hexadecagon",
			"from": [7.42618, 6.1148, 2.94053],
			"to": [9.4153, 21.1148, 13.04053],
			"rotation": {"angle": 45, "axis": "y", "origin": [8.42074, 6.6148, 7.94053]},
			"faces": {
				"north": {"uv": [0, 0, 1, 1], "texture": "#2"},
				"east": {"uv": [0, 0, 1, 1], "texture": "#2"},
				"south": {"uv": [0, 0, 1, 1], "texture": "#2"},
				"west": {"uv": [0, 0, 1, 1], "texture": "#2"},
				"up": {"uv": [0, 0, 1, 1], "texture": "#2"},
				"down": {"uv": [0, 0, 1, 1], "texture": "#2"}
			}
		},
		{
			"name": "hexadecagon",
			"from": [3.42074, 6.1148, 6.94597],
			"to": [13.42074, 21.1148, 8.93509],
			"rotation": {"angle": -22.5, "axis": "y", "origin": [8.42074, 6.6148, 7.94053]},
			"faces": {
				"north": {"uv": [0, 0, 1, 1], "texture": "#0"},
				"east": {"uv": [0, 0, 1, 1], "texture": "#0"},
				"south": {"uv": [0, 0, 1, 1], "texture": "#0"},
				"west": {"uv": [0, 0, 1, 1], "texture": "#0"},
				"up": {"uv": [0, 0, 1, 1], "texture": "#0"},
				"down": {"uv": [0, 0, 1, 1], "texture": "#0"}
			}
		},
		{
			"name": "hexadecagon",
			"from": [3.32074, 19.3148, 6.94597],
			"to": [13.52074, 20.1148, 8.93509],
			"rotation": {"angle": -22.5, "axis": "y", "origin": [8.42074, 6.6148, 7.94053]},
			"faces": {
				"north": {"uv": [0, 0, 1, 1], "texture": "#2"},
				"east": {"uv": [0, 0, 1, 1], "texture": "#2"},
				"south": {"uv": [0, 0, 1, 1], "texture": "#2"},
				"west": {"uv": [0, 0, 1, 1], "texture": "#2"},
				"up": {"uv": [0, 0, 1, 1], "texture": "#2"},
				"down": {"uv": [0, 0, 1, 1], "texture": "#2"}
			}
		},
		{
			"name": "hexadecagon",
			"from": [3.32074, 18.6148, 6.94597],
			"to": [13.52074, 19.1148, 8.93509],
			"rotation": {"angle": -22.5, "axis": "y", "origin": [8.42074, 5.6148, 7.94053]},
			"faces": {
				"north": {"uv": [0, 0, 1, 1], "texture": "#0"},
				"east": {"uv": [0, 0, 1, 1], "texture": "#0"},
				"south": {"uv": [0, 0, 1, 1], "texture": "#0"},
				"west": {"uv": [0, 0, 1, 1], "texture": "#0"},
				"up": {"uv": [0, 0, 1, 1], "texture": "#0"},
				"down": {"uv": [0, 0, 1, 1], "texture": "#0"}
			}
		},
		{
			"name": "hexadecagon",
			"from": [7.42618, 16.5148, 2.84053],
			"to": [9.4153, 17.1148, 13.04053],
			"rotation": {"angle": 22.5, "axis": "y", "origin": [8.42074, 3.6148, 7.94053]},
			"faces": {
				"north": {"uv": [0, 0, 1, 1], "texture": "#2"},
				"east": {"uv": [0, 0, 1, 1], "texture": "#2"},
				"south": {"uv": [0, 0, 1, 1], "texture": "#2"},
				"west": {"uv": [0, 0, 1, 1], "texture": "#2"},
				"up": {"uv": [0, 0, 1, 1], "rotation": 90, "texture": "#2"},
				"down": {"uv": [0, 0, 1, 1], "rotation": 270, "texture": "#2"}
			}
		},
		{
			"name": "hexadecagon",
			"from": [3.32074, 19.3148, 6.94597],
			"to": [13.52074, 20.1148, 8.93509],
			"rotation": {"angle": 0, "axis": "y", "origin": [8.42074, 6.6148, 7.94053]},
			"faces": {
				"north": {"uv": [0, 0, 1, 1], "texture": "#0"},
				"east": {"uv": [0, 0, 1, 1], "texture": "#0"},
				"south": {"uv": [0, 0, 1, 1], "texture": "#0"},
				"west": {"uv": [0, 0, 1, 1], "texture": "#0"},
				"up": {"uv": [0, 0, 1, 1], "texture": "#0"},
				"down": {"uv": [0, 0, 1, 1], "texture": "#0"}
			}
		},
		{
			"name": "hexadecagon",
			"from": [3.32074, 18.3148, 6.94597],
			"to": [13.52074, 19.1148, 8.93509],
			"rotation": {"angle": 0, "axis": "y", "origin": [8.42074, 5.6148, 7.94053]},
			"faces": {
				"north": {"uv": [0, 0, 1, 1], "texture": "#2"},
				"east": {"uv": [0, 0, 1, 1], "texture": "#2"},
				"south": {"uv": [0, 0, 1, 1], "texture": "#2"},
				"west": {"uv": [0, 0, 1, 1], "texture": "#2"},
				"up": {"uv": [0, 0, 1, 1], "texture": "#2"},
				"down": {"uv": [0, 0, 1, 1], "texture": "#2"}
			}
		},
		{
			"name": "hexadecagon",
			"from": [3.32074, 16.7148, 6.94597],
			"to": [13.52074, 17.1148, 8.93509],
			"rotation": {"angle": -22.5, "axis": "y", "origin": [8.42074, 3.6148, 7.94053]},
			"faces": {
				"north": {"uv": [0, 0, 1, 1], "texture": "#2"},
				"east": {"uv": [0, 0, 1, 1], "texture": "#2"},
				"south": {"uv": [0, 0, 1, 1], "texture": "#2"},
				"west": {"uv": [0, 0, 1, 1], "texture": "#2"},
				"up": {"uv": [0, 0, 1, 1], "texture": "#2"},
				"down": {"uv": [0, 0, 1, 1], "texture": "#2"}
			}
		},
		{
			"name": "hexadecagon",
			"from": [3.32074, 19.8148, 6.94597],
			"to": [13.52074, 20.1148, 8.93509],
			"rotation": {"angle": 22.5, "axis": "y", "origin": [8.42074, 6.6148, 7.94053]},
			"faces": {
				"north": {"uv": [0, 0, 1, 1], "texture": "#0"},
				"east": {"uv": [0, 0, 1, 1], "texture": "#0"},
				"south": {"uv": [0, 0, 1, 1], "texture": "#0"},
				"west": {"uv": [0, 0, 1, 1], "texture": "#0"},
				"up": {"uv": [0, 0, 1, 1], "texture": "#0"},
				"down": {"uv": [0, 0, 1, 1], "texture": "#0"}
			}
		},
		{
			"name": "hexadecagon",
			"from": [3.32074, 18.5148, 6.94597],
			"to": [13.52074, 19.1148, 8.93509],
			"rotation": {"angle": 22.5, "axis": "y", "origin": [8.42074, 5.6148, 7.94053]},
			"faces": {
				"north": {"uv": [0, 0, 1, 1], "texture": "#0"},
				"east": {"uv": [0, 0, 1, 1], "texture": "#0"},
				"south": {"uv": [0, 0, 1, 1], "texture": "#0"},
				"west": {"uv": [0, 0, 1, 1], "texture": "#0"},
				"up": {"uv": [0, 0, 1, 1], "texture": "#0"},
				"down": {"uv": [0, 0, 1, 1], "texture": "#0"}
			}
		},
		{
			"name": "hexadecagon",
			"from": [3.32074, 16.5148, 6.94597],
			"to": [13.62074, 17.1148, 8.93509],
			"rotation": {"angle": 0, "axis": "y", "origin": [8.42074, 3.6148, 7.94053]},
			"faces": {
				"north": {"uv": [0, 0, 1, 1], "texture": "#0"},
				"east": {"uv": [0, 0, 1, 1], "texture": "#0"},
				"south": {"uv": [0, 0, 1, 1], "texture": "#0"},
				"west": {"uv": [0, 0, 1, 1], "texture": "#0"},
				"up": {"uv": [0, 0, 1, 1], "texture": "#0"},
				"down": {"uv": [0, 0, 1, 1], "texture": "#0"}
			}
		},
		{
			"name": "hexadecagon",
			"from": [3.32074, 19.3148, 6.94597],
			"to": [13.52074, 20.1148, 8.93509],
			"rotation": {"angle": 45, "axis": "y", "origin": [8.42074, 6.6148, 7.94053]},
			"faces": {
				"north": {"uv": [0, 0, 1, 1], "texture": "#2"},
				"east": {"uv": [0, 0, 1, 1], "texture": "#2"},
				"south": {"uv": [0, 0, 1, 1], "texture": "#2"},
				"west": {"uv": [0, 0, 1, 1], "texture": "#2"},
				"up": {"uv": [0, 0, 1, 1], "texture": "#2"},
				"down": {"uv": [0, 0, 1, 1], "texture": "#2"}
			}
		},
		{
			"name": "hexadecagon",
			"from": [3.32074, 16.5148, 6.94597],
			"to": [13.62074, 16.8148, 8.93509],
			"rotation": {"angle": 22.5, "axis": "y", "origin": [8.42074, 3.6148, 7.94053]},
			"faces": {
				"north": {"uv": [0, 0, 1, 1], "texture": "#0"},
				"east": {"uv": [0, 0, 1, 1], "texture": "#0"},
				"south": {"uv": [0, 0, 1, 1], "texture": "#0"},
				"west": {"uv": [0, 0, 1, 1], "texture": "#0"},
				"up": {"uv": [0, 0, 1, 1], "texture": "#0"},
				"down": {"uv": [0, 0, 1, 1], "texture": "#0"}
			}
		},
		{
			"name": "hexadecagon",
			"from": [3.32074, 9.5148, 7.24597],
			"to": [13.52074, 16.1148, 8.13509],
			"rotation": {"angle": 22.5, "axis": "y", "origin": [8.42074, 1.6148, 7.94053]},
			"faces": {
				"north": {"uv": [0, 0, 1, 1], "texture": "#2"},
				"east": {"uv": [0, 0, 1, 1], "texture": "#2"},
				"south": {"uv": [0, 0, 1, 1], "texture": "#2"},
				"west": {"uv": [0, 0, 1, 1], "texture": "#2"},
				"up": {"uv": [0, 0, 1, 1], "texture": "#2"},
				"down": {"uv": [0, 0, 1, 1], "texture": "#2"}
			}
		},
		{
			"name": "hexadecagon",
			"from": [3.32074, 6.5148, 7.24597],
			"to": [13.52074, 13.1148, 8.13509],
			"rotation": {"angle": 0, "axis": "y", "origin": [8.42074, -1.3852, 7.94053]},
			"faces": {
				"north": {"uv": [0, 0, 1, 1], "texture": "#0"},
				"east": {"uv": [0, 0, 1, 1], "texture": "#0"},
				"south": {"uv": [0, 0, 1, 1], "texture": "#0"},
				"west": {"uv": [0, 0, 1, 1], "texture": "#0"},
				"up": {"uv": [0, 0, 1, 1], "texture": "#0"},
				"down": {"uv": [0, 0, 1, 1], "texture": "#0"}
			}
		},
		{
			"name": "hexadecagon",
			"from": [3.42074, 6.1148, 6.94597],
			"to": [13.42074, 21.1148, 8.93509],
			"rotation": {"angle": 0, "axis": "y", "origin": [8.42074, 6.6148, 7.94053]},
			"faces": {
				"north": {"uv": [0, 0, 1, 1], "texture": "#0"},
				"east": {"uv": [0, 0, 1, 1], "texture": "#0"},
				"south": {"uv": [0, 0, 1, 1], "texture": "#0"},
				"west": {"uv": [0, 0, 1, 1], "texture": "#0"},
				"up": {"uv": [0, 0, 1, 1], "texture": "#0"},
				"down": {"uv": [0, 0, 1, 1], "texture": "#0"}
			}
		},
		{
			"name": "hexadecagon",
			"from": [3.07074, 10.1148, 6.94597],
			"to": [13.77074, 13.1148, 8.93509],
			"rotation": {"angle": 0, "axis": "y", "origin": [8.42074, 6.6148, 7.94053]},
			"faces": {
				"north": {"uv": [4.274, 8.137, 5.227, 10.577], "texture": "#2"},
				"east": {"uv": [4.274, 8.137, 5.227, 10.577], "texture": "#2"},
				"south": {"uv": [4.274, 8.137, 5.227, 10.577], "texture": "#2"},
				"west": {"uv": [4.274, 8.137, 5.227, 10.577], "texture": "#2"},
				"up": {"uv": [4.274, 8.137, 5.227, 10.577], "texture": "#2"},
				"down": {"uv": [4.274, 8.137, 5.227, 10.577], "texture": "#2"}
			}
		},
		{
			"name": "hexadecagon",
			"from": [2.82074, 10.1148, 6.69597],
			"to": [14.27074, 13.1148, 6.93509],
			"rotation": {"angle": 0, "axis": "y", "origin": [8.42074, 6.6148, 7.69053]},
			"faces": {
				"north": {"uv": [4.274, 8.137, 5.227, 10.577], "texture": "#2"},
				"east": {"uv": [4.274, 8.137, 5.227, 10.577], "texture": "#2"},
				"south": {"uv": [4.274, 8.137, 5.227, 10.577], "texture": "#2"},
				"west": {"uv": [4.274, 8.137, 5.227, 10.577], "texture": "#2"},
				"up": {"uv": [4.274, 8.137, 5.227, 10.577], "texture": "#2"},
				"down": {"uv": [4.274, 8.137, 5.227, 10.577], "texture": "#2"}
			}
		},
		{
			"name": "hexadecagon",
			"from": [2.82074, 10.1148, 8.94597],
			"to": [14.27074, 13.1148, 9.18509],
			"rotation": {"angle": 0, "axis": "y", "origin": [8.42074, 6.6148, 9.94053]},
			"faces": {
				"north": {"uv": [4.274, 8.137, 5.227, 10.577], "texture": "#2"},
				"east": {"uv": [4.274, 8.137, 5.227, 10.577], "texture": "#2"},
				"south": {"uv": [4.274, 8.137, 5.227, 10.577], "texture": "#2"},
				"west": {"uv": [4.274, 8.137, 5.227, 10.577], "texture": "#2"},
				"up": {"uv": [4.274, 8.137, 5.227, 10.577], "texture": "#2"},
				"down": {"uv": [4.274, 8.137, 5.227, 10.577], "texture": "#2"}
			}
		},
		{
			"name": "hexadecagon",
			"from": [-3.09243, 10.73558, 6.94597],
			"to": [-2.89243, 11.23558, 8.93509],
			"rotation": {"angle": -45, "axis": "z", "origin": [2.25757, 4.73558, 7.94053]},
			"faces": {
				"north": {"uv": [4.274, 8.137, 5.227, 10.577], "texture": "#2"},
				"east": {"uv": [4.274, 8.137, 5.227, 10.577], "texture": "#2"},
				"south": {"uv": [4.274, 8.137, 5.227, 10.577], "texture": "#2"},
				"west": {"uv": [4.274, 8.137, 5.227, 10.577], "texture": "#2"},
				"up": {"uv": [4.274, 8.137, 5.227, 10.577], "texture": "#2"},
				"down": {"uv": [4.274, 8.137, 5.227, 10.577], "texture": "#2"}
			}
		},
		{
			"name": "hexadecagon",
			"from": [7.90757, 11.99402, 6.94597],
			"to": [8.10757, 12.49402, 8.93509],
			"rotation": {"angle": 45, "axis": "z", "origin": [13.25757, 18.49402, 7.94053]},
			"faces": {
				"north": {"uv": [4.274, 10.577, 5.227, 8.137], "texture": "#2"},
				"east": {"uv": [4.274, 10.577, 5.227, 8.137], "texture": "#2"},
				"south": {"uv": [4.274, 10.577, 5.227, 8.137], "texture": "#2"},
				"west": {"uv": [4.274, 10.577, 5.227, 8.137], "texture": "#2"},
				"up": {"uv": [4.274, 10.577, 5.227, 8.137], "texture": "#2"},
				"down": {"uv": [4.274, 10.577, 5.227, 8.137], "texture": "#2"}
			}
		},
		{
			"name": "hexadecagon",
			"from": [-3.09243, 10.23558, 6.94597],
			"to": [-2.89243, 10.73558, 8.93509],
			"rotation": {"angle": -45, "axis": "z", "origin": [2.25757, 4.23558, 7.94053]},
			"faces": {
				"north": {"uv": [4.274, 8.137, 5.227, 10.577], "texture": "#2"},
				"east": {"uv": [4.274, 8.137, 5.227, 10.577], "texture": "#2"},
				"south": {"uv": [4.274, 8.137, 5.227, 10.577], "texture": "#2"},
				"west": {"uv": [4.274, 8.137, 5.227, 10.577], "texture": "#2"},
				"up": {"uv": [4.274, 8.137, 5.227, 10.577], "texture": "#2"},
				"down": {"uv": [4.274, 8.137, 5.227, 10.577], "texture": "#2"}
			}
		},
		{
			"name": "hexadecagon",
			"from": [7.90757, 12.49402, 6.94597],
			"to": [8.10757, 12.99402, 8.93509],
			"rotation": {"angle": 45, "axis": "z", "origin": [13.25757, 18.99402, 7.94053]},
			"faces": {
				"north": {"uv": [4.274, 10.577, 5.227, 8.137], "texture": "#2"},
				"east": {"uv": [4.274, 10.577, 5.227, 8.137], "texture": "#2"},
				"south": {"uv": [4.274, 10.577, 5.227, 8.137], "texture": "#2"},
				"west": {"uv": [4.274, 10.577, 5.227, 8.137], "texture": "#2"},
				"up": {"uv": [4.274, 10.577, 5.227, 8.137], "texture": "#2"},
				"down": {"uv": [4.274, 10.577, 5.227, 8.137], "texture": "#2"}
			}
		},
		{
			"name": "hexadecagon",
			"from": [-3.09243, 9.73558, 6.94597],
			"to": [-2.89243, 10.23558, 8.93509],
			"rotation": {"angle": -45, "axis": "z", "origin": [2.25757, 3.73558, 7.94053]},
			"faces": {
				"north": {"uv": [4.274, 8.137, 5.227, 10.577], "texture": "#2"},
				"east": {"uv": [4.274, 8.137, 5.227, 10.577], "texture": "#2"},
				"south": {"uv": [4.274, 8.137, 5.227, 10.577], "texture": "#2"},
				"west": {"uv": [4.274, 8.137, 5.227, 10.577], "texture": "#2"},
				"up": {"uv": [4.274, 8.137, 5.227, 10.577], "texture": "#2"},
				"down": {"uv": [4.274, 8.137, 5.227, 10.577], "texture": "#2"}
			}
		},
		{
			"name": "hexadecagon",
			"from": [7.90757, 12.99402, 6.94597],
			"to": [8.10757, 13.49402, 8.93509],
			"rotation": {"angle": 45, "axis": "z", "origin": [13.25757, 19.49402, 7.94053]},
			"faces": {
				"north": {"uv": [4.274, 10.577, 5.227, 8.137], "texture": "#2"},
				"east": {"uv": [4.274, 10.577, 5.227, 8.137], "texture": "#2"},
				"south": {"uv": [4.274, 10.577, 5.227, 8.137], "texture": "#2"},
				"west": {"uv": [4.274, 10.577, 5.227, 8.137], "texture": "#2"},
				"up": {"uv": [4.274, 10.577, 5.227, 8.137], "texture": "#2"},
				"down": {"uv": [4.274, 10.577, 5.227, 8.137], "texture": "#2"}
			}
		},
		{
			"name": "hexadecagon",
			"from": [-3.09243, 9.23558, 6.94597],
			"to": [-2.89243, 9.73558, 8.93509],
			"rotation": {"angle": -45, "axis": "z", "origin": [2.25757, 3.23558, 7.94053]},
			"faces": {
				"north": {"uv": [4.274, 8.137, 5.227, 10.577], "texture": "#2"},
				"east": {"uv": [4.274, 8.137, 5.227, 10.577], "texture": "#2"},
				"south": {"uv": [4.274, 8.137, 5.227, 10.577], "texture": "#2"},
				"west": {"uv": [4.274, 8.137, 5.227, 10.577], "texture": "#2"},
				"up": {"uv": [4.274, 8.137, 5.227, 10.577], "texture": "#2"},
				"down": {"uv": [4.274, 8.137, 5.227, 10.577], "texture": "#2"}
			}
		},
		{
			"name": "hexadecagon",
			"from": [7.90757, 13.49402, 6.94597],
			"to": [8.10757, 13.99402, 8.93509],
			"rotation": {"angle": 45, "axis": "z", "origin": [13.25757, 19.99402, 7.94053]},
			"faces": {
				"north": {"uv": [4.274, 10.577, 5.227, 8.137], "texture": "#2"},
				"east": {"uv": [4.274, 10.577, 5.227, 8.137], "texture": "#2"},
				"south": {"uv": [4.274, 10.577, 5.227, 8.137], "texture": "#2"},
				"west": {"uv": [4.274, 10.577, 5.227, 8.137], "texture": "#2"},
				"up": {"uv": [4.274, 10.577, 5.227, 8.137], "texture": "#2"},
				"down": {"uv": [4.274, 10.577, 5.227, 8.137], "texture": "#2"}
			}
		},
		{
			"name": "hexadecagon",
			"from": [-3.09243, 8.73558, 6.94597],
			"to": [-2.89243, 9.23558, 8.93509],
			"rotation": {"angle": -45, "axis": "z", "origin": [2.25757, 2.73558, 7.94053]},
			"faces": {
				"north": {"uv": [4.274, 8.137, 5.227, 10.577], "texture": "#2"},
				"east": {"uv": [4.274, 8.137, 5.227, 10.577], "texture": "#2"},
				"south": {"uv": [4.274, 8.137, 5.227, 10.577], "texture": "#2"},
				"west": {"uv": [4.274, 8.137, 5.227, 10.577], "texture": "#2"},
				"up": {"uv": [4.274, 8.137, 5.227, 10.577], "texture": "#2"},
				"down": {"uv": [4.274, 8.137, 5.227, 10.577], "texture": "#2"}
			}
		},
		{
			"name": "hexadecagon",
			"from": [7.90757, 13.99402, 6.94597],
			"to": [8.10757, 14.49402, 8.93509],
			"rotation": {"angle": 45, "axis": "z", "origin": [13.25757, 20.49402, 7.94053]},
			"faces": {
				"north": {"uv": [4.274, 10.577, 5.227, 8.137], "texture": "#2"},
				"east": {"uv": [4.274, 10.577, 5.227, 8.137], "texture": "#2"},
				"south": {"uv": [4.274, 10.577, 5.227, 8.137], "texture": "#2"},
				"west": {"uv": [4.274, 10.577, 5.227, 8.137], "texture": "#2"},
				"up": {"uv": [4.274, 10.577, 5.227, 8.137], "texture": "#2"},
				"down": {"uv": [4.274, 10.577, 5.227, 8.137], "texture": "#2"}
			}
		},
		{
			"name": "hexadecagon",
			"from": [-3.09243, 8.23558, 6.94597],
			"to": [-2.89243, 8.73558, 8.93509],
			"rotation": {"angle": -45, "axis": "z", "origin": [2.25757, 2.23558, 7.94053]},
			"faces": {
				"north": {"uv": [4.274, 8.137, 5.227, 10.577], "texture": "#2"},
				"east": {"uv": [4.274, 8.137, 5.227, 10.577], "texture": "#2"},
				"south": {"uv": [4.274, 8.137, 5.227, 10.577], "texture": "#2"},
				"west": {"uv": [4.274, 8.137, 5.227, 10.577], "texture": "#2"},
				"up": {"uv": [4.274, 8.137, 5.227, 10.577], "texture": "#2"},
				"down": {"uv": [4.274, 8.137, 5.227, 10.577], "texture": "#2"}
			}
		},
		{
			"name": "hexadecagon",
			"from": [7.90757, 14.49402, 6.94597],
			"to": [8.10757, 14.99402, 8.93509],
			"rotation": {"angle": 45, "axis": "z", "origin": [13.25757, 20.99402, 7.94053]},
			"faces": {
				"north": {"uv": [4.274, 10.577, 5.227, 8.137], "texture": "#2"},
				"east": {"uv": [4.274, 10.577, 5.227, 8.137], "texture": "#2"},
				"south": {"uv": [4.274, 10.577, 5.227, 8.137], "texture": "#2"},
				"west": {"uv": [4.274, 10.577, 5.227, 8.137], "texture": "#2"},
				"up": {"uv": [4.274, 10.577, 5.227, 8.137], "texture": "#2"},
				"down": {"uv": [4.274, 10.577, 5.227, 8.137], "texture": "#2"}
			}
		},
		{
			"name": "hexadecagon",
			"from": [3.32074, 7.1148, 6.94597],
			"to": [13.52074, 8.1148, 8.93509],
			"rotation": {"angle": -22.5, "axis": "y", "origin": [8.42074, 3.6148, 7.94053]},
			"faces": {
				"north": {"uv": [5.234, 7.749, 6.14, 10.896], "texture": "#2"},
				"east": {"uv": [5.234, 7.749, 6.14, 10.896], "texture": "#2"},
				"south": {"uv": [5.234, 7.749, 6.14, 10.896], "texture": "#2"},
				"west": {"uv": [5.234, 7.749, 6.14, 10.896], "texture": "#2"},
				"up": {"uv": [5.234, 7.749, 6.14, 10.896], "texture": "#2"},
				"down": {"uv": [5.234, 7.749, 6.14, 10.896], "texture": "#2"}
			}
		},
		{
			"name": "hexadecagon",
			"from": [3.32074, 7.1148, 6.94597],
			"to": [13.52074, 8.1148, 8.93509],
			"rotation": {"angle": -45, "axis": "y", "origin": [8.42074, 3.6148, 7.94053]},
			"faces": {
				"north": {"uv": [5.189, 10.628, 5.865, 12.61], "texture": "#2"},
				"east": {"uv": [5.189, 10.628, 5.865, 12.61], "texture": "#2"},
				"south": {"uv": [5.189, 10.628, 5.865, 12.61], "texture": "#2"},
				"west": {"uv": [5.189, 10.628, 5.865, 12.61], "texture": "#2"},
				"up": {"uv": [5.189, 10.628, 5.865, 12.61], "texture": "#2"},
				"down": {"uv": [5.189, 10.628, 5.865, 12.61], "texture": "#2"}
			}
		},
		{
			"name": "hexadecagon",
			"from": [3.42074, 6.1148, 6.94597],
			"to": [13.42074, 21.0148, 9.03509],
			"rotation": {"angle": 22.5, "axis": "y", "origin": [8.42074, 6.6148, 7.94053]},
			"faces": {
				"north": {"uv": [0, 0, 1, 1], "texture": "#2"},
				"east": {"uv": [0, 0, 1, 1], "texture": "#2"},
				"south": {"uv": [0, 0, 1, 1], "texture": "#2"},
				"west": {"uv": [0, 0, 1, 1], "texture": "#2"},
				"up": {"uv": [0, 0, 1, 1], "texture": "#2"},
				"down": {"uv": [0, 0, 1, 1], "texture": "#2"}
			}
		},
		{
			"name": "hexadecagon",
			"from": [7.6052, 5.1148, 3.84053],
			"to": [9.23628, 6.1148, 12.04053],
			"rotation": {"angle": -45, "axis": "y", "origin": [8.42074, 5.6148, 7.94053]},
			"faces": {
				"north": {"uv": [0, 0, 1, 1], "texture": "#1"},
				"east": {"uv": [0, 0, 1, 1], "texture": "#1"},
				"south": {"uv": [0, 0, 1, 1], "texture": "#1"},
				"west": {"uv": [0, 0, 1, 1], "texture": "#1"},
				"up": {"uv": [0, 0, 1, 1], "texture": "#1"},
				"down": {"uv": [0, 0, 1, 1], "texture": "#1"}
			}
		},
		{
			"name": "hexadecagon",
			"from": [7.6052, 5.1148, 3.84053],
			"to": [9.23628, 6.1148, 12.04053],
			"rotation": {"angle": -22.5, "axis": "y", "origin": [8.42074, 5.6148, 7.94053]},
			"faces": {
				"north": {"uv": [0, 0, 1, 1], "texture": "#1"},
				"east": {"uv": [0, 0, 1, 1], "texture": "#1"},
				"south": {"uv": [0, 0, 1, 1], "texture": "#1"},
				"west": {"uv": [0, 0, 1, 1], "texture": "#1"},
				"up": {"uv": [0, 0, 1, 1], "texture": "#1"},
				"down": {"uv": [0, 0, 1, 1], "texture": "#1"}
			}
		},
		{
			"name": "hexadecagon",
			"from": [7.6052, 5.1148, 3.84053],
			"to": [9.23628, 6.1148, 12.04053],
			"rotation": {"angle": 0, "axis": "y", "origin": [8.42074, 5.6148, 7.94053]},
			"faces": {
				"north": {"uv": [0, 0, 1, 1], "texture": "#1"},
				"east": {"uv": [0, 0, 1, 1], "texture": "#1"},
				"south": {"uv": [0, 0, 1, 1], "texture": "#1"},
				"west": {"uv": [0, 0, 1, 1], "texture": "#1"},
				"up": {"uv": [0, 0, 1, 1], "texture": "#1"},
				"down": {"uv": [0, 0, 1, 1], "texture": "#1"}
			}
		},
		{
			"name": "hexadecagon",
			"from": [7.6052, 5.1148, 3.84053],
			"to": [9.23628, 6.1148, 12.04053],
			"rotation": {"angle": 22.5, "axis": "y", "origin": [8.42074, 5.6148, 7.94053]},
			"faces": {
				"north": {"uv": [0, 0, 1, 1], "texture": "#1"},
				"east": {"uv": [0, 0, 1, 1], "texture": "#1"},
				"south": {"uv": [0, 0, 1, 1], "texture": "#1"},
				"west": {"uv": [0, 0, 1, 1], "texture": "#1"},
				"up": {"uv": [0, 0, 1, 1], "texture": "#1"},
				"down": {"uv": [0, 0, 1, 1], "texture": "#1"}
			}
		},
		{
			"name": "hexadecagon",
			"from": [7.6052, 5.1148, 3.84053],
			"to": [9.23628, 6.1148, 12.04053],
			"rotation": {"angle": 45, "axis": "y", "origin": [8.42074, 5.6148, 7.94053]},
			"faces": {
				"north": {"uv": [0, 0, 1, 1], "texture": "#1"},
				"east": {"uv": [0, 0, 1, 1], "texture": "#1"},
				"south": {"uv": [0, 0, 1, 1], "texture": "#1"},
				"west": {"uv": [0, 0, 1, 1], "texture": "#1"},
				"up": {"uv": [0, 0, 1, 1], "texture": "#1"},
				"down": {"uv": [0, 0, 1, 1], "texture": "#1"}
			}
		},
		{
			"name": "hexadecagon",
			"from": [4.32074, 5.1148, 7.12499],
			"to": [12.52074, 6.1148, 8.75607],
			"rotation": {"angle": -22.5, "axis": "y", "origin": [8.42074, 5.6148, 7.94053]},
			"faces": {
				"north": {"uv": [0, 0, 1, 1], "texture": "#1"},
				"east": {"uv": [0, 0, 1, 1], "texture": "#1"},
				"south": {"uv": [0, 0, 1, 1], "texture": "#1"},
				"west": {"uv": [0, 0, 1, 1], "texture": "#1"},
				"up": {"uv": [0, 0, 1, 1], "texture": "#1"},
				"down": {"uv": [0, 0, 1, 1], "texture": "#1"}
			}
		},
		{
			"name": "hexadecagon",
			"from": [4.32074, 5.1148, 7.12499],
			"to": [12.52074, 6.1148, 8.75607],
			"rotation": {"angle": 0, "axis": "y", "origin": [8.42074, 5.6148, 7.94053]},
			"faces": {
				"north": {"uv": [0, 0, 1, 1], "texture": "#1"},
				"east": {"uv": [0, 0, 1, 1], "texture": "#1"},
				"south": {"uv": [0, 0, 1, 1], "texture": "#1"},
				"west": {"uv": [0, 0, 1, 1], "texture": "#1"},
				"up": {"uv": [0, 0, 1, 1], "texture": "#1"},
				"down": {"uv": [0, 0, 1, 1], "texture": "#1"}
			}
		},
		{
			"name": "hexadecagon",
			"from": [4.32074, 5.1148, 7.12499],
			"to": [12.52074, 6.1148, 8.75607],
			"rotation": {"angle": 22.5, "axis": "y", "origin": [8.42074, 5.6148, 7.94053]},
			"faces": {
				"north": {"uv": [0, 0, 1, 1], "texture": "#1"},
				"east": {"uv": [0, 0, 1, 1], "texture": "#1"},
				"south": {"uv": [0, 0, 1, 1], "texture": "#1"},
				"west": {"uv": [0, 0, 1, 1], "texture": "#1"},
				"up": {"uv": [0, 0, 1, 1], "texture": "#1"},
				"down": {"uv": [0, 0, 1, 1], "texture": "#1"}
			}
		},
		{
			"name": "hexadecagon",
			"from": [7.44607, 21.1148, 3.04053],
			"to": [9.39541, 21.6148, 12.84053],
			"rotation": {"angle": -45, "axis": "y", "origin": [8.42074, 21.6148, 7.94053]},
			"faces": {
				"north": {"uv": [0, 0, 1, 1], "texture": "#1"},
				"east": {"uv": [0, 0, 1, 1], "texture": "#1"},
				"south": {"uv": [0, 0, 1, 1], "texture": "#1"},
				"west": {"uv": [0, 0, 1, 1], "texture": "#1"},
				"up": {"uv": [0, 0, 1, 1], "texture": "#1"},
				"down": {"uv": [0, 0, 1, 1], "texture": "#1"}
			}
		},
		{
			"name": "hexadecagon",
			"from": [7.44607, 21.1148, 3.04053],
			"to": [9.39541, 21.6148, 12.84053],
			"rotation": {"angle": -22.5, "axis": "y", "origin": [8.42074, 21.6148, 7.94053]},
			"faces": {
				"north": {"uv": [0, 0, 1, 1], "texture": "#2"},
				"east": {"uv": [0, 0, 1, 1], "texture": "#2"},
				"south": {"uv": [0, 0, 1, 1], "texture": "#2"},
				"west": {"uv": [0, 0, 1, 1], "texture": "#2"},
				"up": {"uv": [0, 0, 1, 1], "texture": "#2"},
				"down": {"uv": [0, 0, 1, 1], "texture": "#2"}
			}
		},
		{
			"name": "hexadecagon",
			"from": [7.44607, 21.1148, 3.04053],
			"to": [9.39541, 21.6148, 12.84053],
			"rotation": {"angle": 0, "axis": "y", "origin": [8.42074, 21.6148, 7.94053]},
			"faces": {
				"north": {"uv": [0, 0, 1, 1], "texture": "#1"},
				"east": {"uv": [0, 0, 1, 1], "texture": "#1"},
				"south": {"uv": [0, 0, 1, 1], "texture": "#1"},
				"west": {"uv": [0, 0, 1, 1], "texture": "#1"},
				"up": {"uv": [0, 0, 1, 1], "texture": "#1"},
				"down": {"uv": [0, 0, 1, 1], "texture": "#1"}
			}
		},
		{
			"name": "hexadecagon",
			"from": [7.44607, 21.1148, 3.04053],
			"to": [9.39541, 21.6148, 12.84053],
			"rotation": {"angle": 22.5, "axis": "y", "origin": [8.42074, 21.6148, 7.94053]},
			"faces": {
				"north": {"uv": [0, 0, 1, 1], "texture": "#2"},
				"east": {"uv": [0, 0, 1, 1], "texture": "#2"},
				"south": {"uv": [0, 0, 1, 1], "texture": "#2"},
				"west": {"uv": [0, 0, 1, 1], "texture": "#2"},
				"up": {"uv": [0, 0, 1, 1], "texture": "#2"},
				"down": {"uv": [0, 0, 1, 1], "texture": "#2"}
			}
		},
		{
			"name": "hexadecagon",
			"from": [7.44607, 21.1148, 3.04053],
			"to": [9.39541, 21.6148, 12.84053],
			"rotation": {"angle": 45, "axis": "y", "origin": [8.42074, 21.6148, 7.94053]},
			"faces": {
				"north": {"uv": [0, 0, 1, 1], "texture": "#1"},
				"east": {"uv": [0, 0, 1, 1], "texture": "#1"},
				"south": {"uv": [0, 0, 1, 1], "texture": "#1"},
				"west": {"uv": [0, 0, 1, 1], "texture": "#1"},
				"up": {"uv": [0, 0, 1, 1], "texture": "#1"},
				"down": {"uv": [0, 0, 1, 1], "texture": "#1"}
			}
		},
		{
			"name": "hexadecagon",
			"from": [3.52074, 21.1148, 6.96586],
			"to": [13.32074, 21.6148, 8.9152],
			"rotation": {"angle": -22.5, "axis": "y", "origin": [8.42074, 21.6148, 7.94053]},
			"faces": {
				"north": {"uv": [0, 0, 1, 1], "texture": "#2"},
				"east": {"uv": [0, 0, 1, 1], "texture": "#2"},
				"south": {"uv": [0, 0, 1, 1], "texture": "#2"},
				"west": {"uv": [0, 0, 1, 1], "texture": "#2"},
				"up": {"uv": [0, 0, 1, 1], "texture": "#2"},
				"down": {"uv": [0, 0, 1, 1], "texture": "#2"}
			}
		},
		{
			"name": "hexadecagon",
			"from": [3.52074, 21.1148, 6.96586],
			"to": [13.32074, 21.6148, 8.9152],
			"rotation": {"angle": 0, "axis": "y", "origin": [8.42074, 21.6148, 7.94053]},
			"faces": {
				"north": {"uv": [0, 0, 1, 1], "texture": "#1"},
				"east": {"uv": [0, 0, 1, 1], "texture": "#1"},
				"south": {"uv": [0, 0, 1, 1], "texture": "#1"},
				"west": {"uv": [0, 0, 1, 1], "texture": "#1"},
				"up": {"uv": [0, 0, 1, 1], "texture": "#1"},
				"down": {"uv": [0, 0, 1, 1], "texture": "#1"}
			}
		},
		{
			"name": "hexadecagon",
			"from": [3.52074, 21.1148, 6.96586],
			"to": [13.32074, 21.6148, 8.9152],
			"rotation": {"angle": 22.5, "axis": "y", "origin": [8.42074, 21.6148, 7.94053]},
			"faces": {
				"north": {"uv": [0, 0, 1, 1], "texture": "#2"},
				"east": {"uv": [0, 0, 1, 1], "texture": "#2"},
				"south": {"uv": [0, 0, 1, 1], "texture": "#2"},
				"west": {"uv": [0, 0, 1, 1], "texture": "#2"},
				"up": {"uv": [0, 0, 1, 1], "texture": "#2"},
				"down": {"uv": [0, 0, 1, 1], "texture": "#2"}
			}
		},
		{
			"name": "hexadecagon",
			"from": [7.48585, 21.1148, 3.24053],
			"to": [9.35563, 22.1148, 12.64053],
			"rotation": {"angle": -45, "axis": "y", "origin": [8.42074, 21.6148, 7.94053]},
			"faces": {
				"north": {"uv": [0, 0, 1, 1], "texture": "#1"},
				"east": {"uv": [0, 0, 1, 1], "texture": "#1"},
				"south": {"uv": [0, 0, 1, 1], "texture": "#1"},
				"west": {"uv": [0, 0, 1, 1], "texture": "#1"},
				"up": {"uv": [0, 0, 1, 1], "texture": "#1"},
				"down": {"uv": [0, 0, 1, 1], "texture": "#1"}
			}
		},
		{
			"name": "hexadecagon",
			"from": [7.48585, 21.1148, 3.24053],
			"to": [9.35563, 22.1148, 12.64053],
			"rotation": {"angle": -22.5, "axis": "y", "origin": [8.42074, 21.6148, 7.94053]},
			"faces": {
				"north": {"uv": [0, 0, 1, 1], "texture": "#2"},
				"east": {"uv": [0, 0, 1, 1], "texture": "#2"},
				"south": {"uv": [0, 0, 1, 1], "texture": "#2"},
				"west": {"uv": [0, 0, 1, 1], "texture": "#2"},
				"up": {"uv": [0, 0, 1, 1], "texture": "#2"},
				"down": {"uv": [0, 0, 1, 1], "texture": "#2"}
			}
		},
		{
			"name": "hexadecagon",
			"from": [7.48585, 21.1148, 3.24053],
			"to": [9.35563, 22.1148, 12.64053],
			"rotation": {"angle": 0, "axis": "y", "origin": [8.42074, 21.6148, 7.94053]},
			"faces": {
				"north": {"uv": [0, 0, 1, 1], "texture": "#2"},
				"east": {"uv": [0, 0, 1, 1], "texture": "#2"},
				"south": {"uv": [0, 0, 1, 1], "texture": "#2"},
				"west": {"uv": [0, 0, 1, 1], "texture": "#2"},
				"up": {"uv": [0, 0, 1, 1], "texture": "#2"},
				"down": {"uv": [0, 0, 1, 1], "texture": "#2"}
			}
		},
		{
			"name": "hexadecagon",
			"from": [7.48585, 21.1148, 3.24053],
			"to": [9.35563, 22.1148, 12.64053],
			"rotation": {"angle": 22.5, "axis": "y", "origin": [8.42074, 21.6148, 7.94053]},
			"faces": {
				"north": {"uv": [0, 0, 1, 1], "texture": "#2"},
				"east": {"uv": [0, 0, 1, 1], "texture": "#2"},
				"south": {"uv": [0, 0, 1, 1], "texture": "#2"},
				"west": {"uv": [0, 0, 1, 1], "texture": "#2"},
				"up": {"uv": [0, 0, 1, 1], "texture": "#2"},
				"down": {"uv": [0, 0, 1, 1], "texture": "#2"}
			}
		},
		{
			"name": "hexadecagon",
			"from": [7.48585, 21.1148, 3.24053],
			"to": [9.35563, 22.1148, 12.64053],
			"rotation": {"angle": 45, "axis": "y", "origin": [8.42074, 21.6148, 7.94053]},
			"faces": {
				"north": {"uv": [0, 0, 1, 1], "texture": "#1"},
				"east": {"uv": [0, 0, 1, 1], "texture": "#1"},
				"south": {"uv": [0, 0, 1, 1], "texture": "#1"},
				"west": {"uv": [0, 0, 1, 1], "texture": "#1"},
				"up": {"uv": [0, 0, 1, 1], "texture": "#1"},
				"down": {"uv": [0, 0, 1, 1], "texture": "#1"}
			}
		},
		{
			"name": "hexadecagon",
			"from": [3.72074, 21.1148, 7.00564],
			"to": [13.12074, 22.1148, 8.87542],
			"rotation": {"angle": -22.5, "axis": "y", "origin": [8.42074, 21.6148, 7.94053]},
			"faces": {
				"north": {"uv": [0, 0, 1, 1], "texture": "#2"},
				"east": {"uv": [0, 0, 1, 1], "texture": "#2"},
				"south": {"uv": [0, 0, 1, 1], "texture": "#2"},
				"west": {"uv": [0, 0, 1, 1], "texture": "#2"},
				"up": {"uv": [0, 0, 1, 1], "texture": "#2"},
				"down": {"uv": [0, 0, 1, 1], "texture": "#2"}
			}
		},
		{
			"name": "hexadecagon",
			"from": [3.72074, 21.1148, 7.00564],
			"to": [13.12074, 22.1148, 8.87542],
			"rotation": {"angle": 0, "axis": "y", "origin": [8.42074, 21.6148, 7.94053]},
			"faces": {
				"north": {"uv": [0, 0, 1, 1], "texture": "#1"},
				"east": {"uv": [0, 0, 1, 1], "texture": "#1"},
				"south": {"uv": [0, 0, 1, 1], "texture": "#1"},
				"west": {"uv": [0, 0, 1, 1], "texture": "#1"},
				"up": {"uv": [0, 0, 1, 1], "texture": "#1"},
				"down": {"uv": [0, 0, 1, 1], "texture": "#1"}
			}
		},
		{
			"name": "hexadecagon",
			"from": [3.42074, 21.1148, 7.00564],
			"to": [13.42074, 23.1148, 8.87542],
			"rotation": {"angle": 0, "axis": "y", "origin": [8.42074, 21.6148, 7.94053]},
			"faces": {
				"north": {"uv": [0, 0, 1, 1], "texture": "#1"},
				"east": {"uv": [0, 0, 1, 1], "texture": "#1"},
				"south": {"uv": [0, 0, 1, 1], "texture": "#1"},
				"west": {"uv": [0, 0, 1, 1], "texture": "#1"},
				"up": {"uv": [0, 0, 1, 1], "texture": "#1"},
				"down": {"uv": [0, 0, 1, 1], "texture": "#1"}
			}
		},
		{
			"name": "hexadecagon",
			"from": [3.12074, 22.1148, 7.30564],
			"to": [13.72074, 23.1148, 8.57542],
			"rotation": {"angle": -45, "axis": "y", "origin": [8.42074, 21.6148, 7.94053]},
			"faces": {
				"north": {"uv": [0, 0, 1, 1], "texture": "#1"},
				"east": {"uv": [0, 0, 1, 1], "texture": "#1"},
				"south": {"uv": [0, 0, 1, 1], "texture": "#1"},
				"west": {"uv": [0, 0, 1, 1], "texture": "#1"},
				"up": {"uv": [0, 0, 1, 1], "texture": "#1"},
				"down": {"uv": [0, 0, 1, 1], "texture": "#1"}
			}
		},
		{
			"name": "hexadecagon",
			"from": [7.78585, 22.1148, 2.64053],
			"to": [9.05563, 23.1148, 13.24053],
			"rotation": {"angle": -45, "axis": "y", "origin": [8.42074, 21.6148, 7.94053]},
			"faces": {
				"north": {"uv": [0, 0, 1, 1], "texture": "#1"},
				"east": {"uv": [0, 0, 1, 1], "texture": "#1"},
				"south": {"uv": [0, 0, 1, 1], "texture": "#1"},
				"west": {"uv": [0, 0, 1, 1], "texture": "#1"},
				"up": {"uv": [0, 0, 1, 1], "rotation": 270, "texture": "#1"},
				"down": {"uv": [0, 0, 1, 1], "rotation": 90, "texture": "#1"}
			}
		},
		{
			"name": "hexadecagon",
			"from": [3.42074, 21.1148, 7.00564],
			"to": [13.42074, 24.1148, 8.87542],
			"rotation": {"angle": -45, "axis": "y", "origin": [8.42074, 21.6148, 7.94053]},
			"faces": {
				"north": {"uv": [0, 0, 1, 1], "texture": "#1"},
				"east": {"uv": [0, 0, 1, 1], "texture": "#1"},
				"south": {"uv": [0, 0, 1, 1], "texture": "#1"},
				"west": {"uv": [0, 0, 1, 1], "texture": "#1"},
				"up": {"uv": [0, 0, 1, 1], "texture": "#1"},
				"down": {"uv": [0, 0, 1, 1], "texture": "#1"}
			}
		},
		{
			"name": "hexadecagon",
			"from": [3.42074, 21.1148, 7.00564],
			"to": [13.42074, 24.1148, 8.87542],
			"rotation": {"angle": 45, "axis": "y", "origin": [8.42074, 21.6148, 7.94053]},
			"faces": {
				"north": {"uv": [0, 0, 1, 1], "texture": "#1"},
				"east": {"uv": [0, 0, 1, 1], "texture": "#1"},
				"south": {"uv": [0, 0, 1, 1], "texture": "#1"},
				"west": {"uv": [0, 0, 1, 1], "texture": "#1"},
				"up": {"uv": [0, 0, 1, 1], "texture": "#1"},
				"down": {"uv": [0, 0, 1, 1], "texture": "#1"}
			}
		},
		{
			"name": "hexadecagon",
			"from": [3.42074, 21.1148, 7.00564],
			"to": [13.42074, 23.1148, 8.87542],
			"rotation": {"angle": 0, "axis": "y", "origin": [8.42074, 21.6148, 7.94053]},
			"faces": {
				"north": {"uv": [0, 0, 1, 1], "texture": "#1"},
				"east": {"uv": [0, 0, 1, 1], "texture": "#1"},
				"south": {"uv": [0, 0, 1, 1], "texture": "#1"},
				"west": {"uv": [0, 0, 1, 1], "texture": "#1"},
				"up": {"uv": [0, 0, 1, 1], "texture": "#1"},
				"down": {"uv": [0, 0, 1, 1], "texture": "#1"}
			}
		},
		{
			"name": "hexadecagon",
			"from": [3.72074, 21.1148, 7.00564],
			"to": [13.12074, 22.1148, 8.87542],
			"rotation": {"angle": 22.5, "axis": "y", "origin": [8.42074, 21.6148, 7.94053]},
			"faces": {
				"north": {"uv": [0, 0, 1, 1], "texture": "#2"},
				"east": {"uv": [0, 0, 1, 1], "texture": "#2"},
				"south": {"uv": [0, 0, 1, 1], "texture": "#2"},
				"west": {"uv": [0, 0, 1, 1], "texture": "#2"},
				"up": {"uv": [0, 0, 1, 1], "texture": "#2"},
				"down": {"uv": [0, 0, 1, 1], "texture": "#2"}
			}
		},
		{
			"name": "hexadecagon",
			"from": [7.52563, 21.5148, 3.44053],
			"to": [9.31585, 23.5148, 12.44053],
			"rotation": {"angle": -45, "axis": "y", "origin": [8.42074, 22.0148, 7.94053]},
			"faces": {
				"north": {"uv": [0, 0, 1, 1], "texture": "#1"},
				"east": {"uv": [0, 0, 1, 1], "texture": "#1"},
				"south": {"uv": [0, 0, 1, 1], "texture": "#1"},
				"west": {"uv": [0, 0, 1, 1], "texture": "#1"},
				"up": {"uv": [0, 0, 1, 1], "texture": "#1"},
				"down": {"uv": [0, 0, 1, 1], "texture": "#1"}
			}
		},
		{
			"name": "hexadecagon",
			"from": [7.52563, 21.5148, 3.44053],
			"to": [9.31585, 23.5148, 12.44053],
			"rotation": {"angle": -22.5, "axis": "y", "origin": [8.42074, 22.0148, 7.94053]},
			"faces": {
				"north": {"uv": [0, 0, 1, 1], "texture": "#1"},
				"east": {"uv": [0, 0, 1, 1], "texture": "#1"},
				"south": {"uv": [0, 0, 1, 1], "texture": "#1"},
				"west": {"uv": [0, 0, 1, 1], "texture": "#1"},
				"up": {"uv": [0, 0, 1, 1], "texture": "#1"},
				"down": {"uv": [0, 0, 1, 1], "texture": "#1"}
			}
		},
		{
			"name": "hexadecagon",
			"from": [7.52563, 21.5148, 3.44053],
			"to": [9.31585, 23.5148, 12.44053],
			"rotation": {"angle": 0, "axis": "y", "origin": [8.42074, 22.0148, 7.94053]},
			"faces": {
				"north": {"uv": [0, 0, 1, 1], "texture": "#1"},
				"east": {"uv": [0, 0, 1, 1], "texture": "#1"},
				"south": {"uv": [0, 0, 1, 1], "texture": "#1"},
				"west": {"uv": [0, 0, 1, 1], "texture": "#1"},
				"up": {"uv": [0, 0, 1, 1], "texture": "#1"},
				"down": {"uv": [0, 0, 1, 1], "texture": "#1"}
			}
		},
		{
			"name": "hexadecagon",
			"from": [7.52563, 21.5148, 3.44053],
			"to": [9.31585, 23.5148, 12.44053],
			"rotation": {"angle": 22.5, "axis": "y", "origin": [8.42074, 22.0148, 7.94053]},
			"faces": {
				"north": {"uv": [0, 0, 1, 1], "texture": "#1"},
				"east": {"uv": [0, 0, 1, 1], "texture": "#1"},
				"south": {"uv": [0, 0, 1, 1], "texture": "#1"},
				"west": {"uv": [0, 0, 1, 1], "texture": "#1"},
				"up": {"uv": [0, 0, 1, 1], "texture": "#1"},
				"down": {"uv": [0, 0, 1, 1], "texture": "#1"}
			}
		},
		{
			"name": "hexadecagon",
			"from": [7.52563, 21.5148, 3.44053],
			"to": [9.31585, 23.5148, 12.44053],
			"rotation": {"angle": 45, "axis": "y", "origin": [8.42074, 22.0148, 7.94053]},
			"faces": {
				"north": {"uv": [0, 0, 1, 1], "texture": "#1"},
				"east": {"uv": [0, 0, 1, 1], "texture": "#1"},
				"south": {"uv": [0, 0, 1, 1], "texture": "#1"},
				"west": {"uv": [0, 0, 1, 1], "texture": "#1"},
				"up": {"uv": [0, 0, 1, 1], "texture": "#1"},
				"down": {"uv": [0, 0, 1, 1], "texture": "#1"}
			}
		},
		{
			"name": "hexadecagon",
			"from": [3.92074, 21.5148, 7.04542],
			"to": [12.92074, 23.5148, 8.83564],
			"rotation": {"angle": -22.5, "axis": "y", "origin": [8.42074, 22.0148, 7.94053]},
			"faces": {
				"north": {"uv": [0, 0, 1, 1], "texture": "#1"},
				"east": {"uv": [0, 0, 1, 1], "texture": "#1"},
				"south": {"uv": [0, 0, 1, 1], "texture": "#1"},
				"west": {"uv": [0, 0, 1, 1], "texture": "#1"},
				"up": {"uv": [0, 0, 1, 1], "texture": "#1"},
				"down": {"uv": [0, 0, 1, 1], "texture": "#1"}
			}
		},
		{
			"name": "hexadecagon",
			"from": [3.92074, 21.5148, 7.04542],
			"to": [12.92074, 23.5148, 8.83564],
			"rotation": {"angle": 0, "axis": "y", "origin": [8.42074, 22.0148, 7.94053]},
			"faces": {
				"north": {"uv": [0, 0, 1, 1], "texture": "#1"},
				"east": {"uv": [0, 0, 1, 1], "texture": "#1"},
				"south": {"uv": [0, 0, 1, 1], "texture": "#1"},
				"west": {"uv": [0, 0, 1, 1], "texture": "#1"},
				"up": {"uv": [0, 0, 1, 1], "texture": "#1"},
				"down": {"uv": [0, 0, 1, 1], "texture": "#1"}
			}
		},
		{
			"name": "hexadecagon",
			"from": [3.92074, 21.5148, 7.04542],
			"to": [12.92074, 23.5148, 8.83564],
			"rotation": {"angle": 22.5, "axis": "y", "origin": [8.42074, 22.0148, 7.94053]},
			"faces": {
				"north": {"uv": [0, 0, 1, 1], "texture": "#1"},
				"east": {"uv": [0, 0, 1, 1], "texture": "#1"},
				"south": {"uv": [0, 0, 1, 1], "texture": "#1"},
				"west": {"uv": [0, 0, 1, 1], "texture": "#1"},
				"up": {"uv": [0, 0, 1, 1], "texture": "#1"},
				"down": {"uv": [0, 0, 1, 1], "texture": "#1"}
			}
		},
		{
			"name": "hexadecagon",
			"from": [7.56542, 21.8148, 3.64053],
			"to": [9.27606, 24.8148, 12.24053],
			"rotation": {"angle": -45, "axis": "y", "origin": [8.42074, 22.3148, 7.94053]},
			"faces": {
				"north": {"uv": [0, 0, 1, 1], "texture": "#1"},
				"east": {"uv": [0, 0, 1, 1], "texture": "#1"},
				"south": {"uv": [0, 0, 1, 1], "texture": "#1"},
				"west": {"uv": [0, 0, 1, 1], "texture": "#1"},
				"up": {"uv": [0, 0, 1, 1], "texture": "#1"},
				"down": {"uv": [0, 0, 1, 1], "texture": "#1"}
			}
		},
		{
			"name": "hexadecagon",
			"from": [7.56542, 21.8148, 3.64053],
			"to": [9.27606, 24.8148, 12.24053],
			"rotation": {"angle": -22.5, "axis": "y", "origin": [8.42074, 22.3148, 7.94053]},
			"faces": {
				"north": {"uv": [0, 0, 1, 1], "texture": "#1"},
				"east": {"uv": [0, 0, 1, 1], "texture": "#1"},
				"south": {"uv": [0, 0, 1, 1], "texture": "#1"},
				"west": {"uv": [0, 0, 1, 1], "texture": "#1"},
				"up": {"uv": [0, 0, 1, 1], "texture": "#1"},
				"down": {"uv": [0, 0, 1, 1], "texture": "#1"}
			}
		},
		{
			"name": "hexadecagon",
			"from": [7.56542, 21.8148, 3.64053],
			"to": [9.27606, 24.8148, 12.24053],
			"rotation": {"angle": 0, "axis": "y", "origin": [8.42074, 22.3148, 7.94053]},
			"faces": {
				"north": {"uv": [0, 0, 1, 1], "texture": "#1"},
				"east": {"uv": [0, 0, 1, 1], "texture": "#1"},
				"south": {"uv": [0, 0, 1, 1], "texture": "#1"},
				"west": {"uv": [0, 0, 1, 1], "texture": "#1"},
				"up": {"uv": [0, 0, 1, 1], "texture": "#1"},
				"down": {"uv": [0, 0, 1, 1], "texture": "#1"}
			}
		},
		{
			"name": "hexadecagon",
			"from": [7.56542, 21.8148, 3.64053],
			"to": [9.27606, 24.8148, 12.24053],
			"rotation": {"angle": 22.5, "axis": "y", "origin": [8.42074, 22.3148, 7.94053]},
			"faces": {
				"north": {"uv": [0, 0, 1, 1], "texture": "#1"},
				"east": {"uv": [0, 0, 1, 1], "texture": "#1"},
				"south": {"uv": [0, 0, 1, 1], "texture": "#1"},
				"west": {"uv": [0, 0, 1, 1], "texture": "#1"},
				"up": {"uv": [0, 0, 1, 1], "texture": "#1"},
				"down": {"uv": [0, 0, 1, 1], "texture": "#1"}
			}
		},
		{
			"name": "hexadecagon",
			"from": [7.56542, 21.8148, 3.64053],
			"to": [9.27606, 24.8148, 12.24053],
			"rotation": {"angle": 45, "axis": "y", "origin": [8.42074, 22.3148, 7.94053]},
			"faces": {
				"north": {"uv": [0, 0, 1, 1], "texture": "#1"},
				"east": {"uv": [0, 0, 1, 1], "texture": "#1"},
				"south": {"uv": [0, 0, 1, 1], "texture": "#1"},
				"west": {"uv": [0, 0, 1, 1], "texture": "#1"},
				"up": {"uv": [0, 0, 1, 1], "texture": "#1"},
				"down": {"uv": [0, 0, 1, 1], "texture": "#1"}
			}
		},
		{
			"name": "hexadecagon",
			"from": [4.12074, 21.8148, 7.08521],
			"to": [12.72074, 24.8148, 8.79585],
			"rotation": {"angle": -22.5, "axis": "y", "origin": [8.42074, 22.3148, 7.94053]},
			"faces": {
				"north": {"uv": [0, 0, 1, 1], "texture": "#1"},
				"east": {"uv": [0, 0, 1, 1], "texture": "#1"},
				"south": {"uv": [0, 0, 1, 1], "texture": "#1"},
				"west": {"uv": [0, 0, 1, 1], "texture": "#1"},
				"up": {"uv": [0, 0, 1, 1], "texture": "#1"},
				"down": {"uv": [0, 0, 1, 1], "texture": "#1"}
			}
		},
		{
			"name": "hexadecagon",
			"from": [4.12074, 21.8148, 7.08521],
			"to": [12.72074, 24.8148, 8.79585],
			"rotation": {"angle": 0, "axis": "y", "origin": [8.42074, 22.3148, 7.94053]},
			"faces": {
				"north": {"uv": [0, 0, 1, 1], "texture": "#1"},
				"east": {"uv": [0, 0, 1, 1], "texture": "#1"},
				"south": {"uv": [0, 0, 1, 1], "texture": "#1"},
				"west": {"uv": [0, 0, 1, 1], "texture": "#1"},
				"up": {"uv": [0, 0, 1, 1], "texture": "#1"},
				"down": {"uv": [0, 0, 1, 1], "texture": "#1"}
			}
		},
		{
			"name": "hexadecagon",
			"from": [4.12074, 21.8148, 7.08521],
			"to": [12.72074, 24.8148, 8.79585],
			"rotation": {"angle": 22.5, "axis": "y", "origin": [8.42074, 22.3148, 7.94053]},
			"faces": {
				"north": {"uv": [0, 0, 1, 1], "texture": "#1"},
				"east": {"uv": [0, 0, 1, 1], "texture": "#1"},
				"south": {"uv": [0, 0, 1, 1], "texture": "#1"},
				"west": {"uv": [0, 0, 1, 1], "texture": "#1"},
				"up": {"uv": [0, 0, 1, 1], "texture": "#1"},
				"down": {"uv": [0, 0, 1, 1], "texture": "#1"}
			}
		},
		{
			"name": "hexadecagon",
			"from": [7.64498, 22.4148, 4.04053],
			"to": [9.1965, 25.4148, 11.84053],
			"rotation": {"angle": -45, "axis": "y", "origin": [8.42074, 22.9148, 7.94053]},
			"faces": {
				"north": {"uv": [0, 0, 1, 1], "texture": "#1"},
				"east": {"uv": [0, 0, 1, 1], "texture": "#1"},
				"south": {"uv": [0, 0, 1, 1], "texture": "#1"},
				"west": {"uv": [0, 0, 1, 1], "texture": "#1"},
				"up": {"uv": [0, 0, 1, 1], "texture": "#1"},
				"down": {"uv": [0, 0, 1, 1], "texture": "#1"}
			}
		},
		{
			"name": "hexadecagon",
			"from": [7.64498, 22.4148, 4.04053],
			"to": [9.1965, 25.4148, 11.84053],
			"rotation": {"angle": -22.5, "axis": "y", "origin": [8.42074, 22.9148, 7.94053]},
			"faces": {
				"north": {"uv": [0, 0, 1, 1], "texture": "#1"},
				"east": {"uv": [0, 0, 1, 1], "texture": "#1"},
				"south": {"uv": [0, 0, 1, 1], "texture": "#1"},
				"west": {"uv": [0, 0, 1, 1], "texture": "#1"},
				"up": {"uv": [0, 0, 1, 1], "texture": "#1"},
				"down": {"uv": [0, 0, 1, 1], "texture": "#1"}
			}
		},
		{
			"name": "hexadecagon",
			"from": [7.64498, 22.4148, 4.04053],
			"to": [9.1965, 25.4148, 11.84053],
			"rotation": {"angle": 0, "axis": "y", "origin": [8.42074, 22.9148, 7.94053]},
			"faces": {
				"north": {"uv": [0, 0, 1, 1], "texture": "#1"},
				"east": {"uv": [0, 0, 1, 1], "texture": "#1"},
				"south": {"uv": [0, 0, 1, 1], "texture": "#1"},
				"west": {"uv": [0, 0, 1, 1], "texture": "#1"},
				"up": {"uv": [0, 0, 1, 1], "texture": "#1"},
				"down": {"uv": [0, 0, 1, 1], "texture": "#1"}
			}
		},
		{
			"name": "hexadecagon",
			"from": [7.64498, 22.4148, 4.04053],
			"to": [9.1965, 25.4148, 11.84053],
			"rotation": {"angle": 22.5, "axis": "y", "origin": [8.42074, 22.9148, 7.94053]},
			"faces": {
				"north": {"uv": [0, 0, 1, 1], "texture": "#1"},
				"east": {"uv": [0, 0, 1, 1], "texture": "#1"},
				"south": {"uv": [0, 0, 1, 1], "texture": "#1"},
				"west": {"uv": [0, 0, 1, 1], "texture": "#1"},
				"up": {"uv": [0, 0, 1, 1], "texture": "#1"},
				"down": {"uv": [0, 0, 1, 1], "texture": "#1"}
			}
		},
		{
			"name": "hexadecagon",
			"from": [7.64498, 22.4148, 4.04053],
			"to": [9.1965, 25.4148, 11.84053],
			"rotation": {"angle": 45, "axis": "y", "origin": [8.42074, 22.9148, 7.94053]},
			"faces": {
				"north": {"uv": [0, 0, 1, 1], "texture": "#1"},
				"east": {"uv": [0, 0, 1, 1], "texture": "#1"},
				"south": {"uv": [0, 0, 1, 1], "texture": "#1"},
				"west": {"uv": [0, 0, 1, 1], "texture": "#1"},
				"up": {"uv": [0, 0, 1, 1], "texture": "#1"},
				"down": {"uv": [0, 0, 1, 1], "texture": "#1"}
			}
		},
		{
			"name": "hexadecagon",
			"from": [4.52074, 22.4148, 7.16477],
			"to": [12.32074, 25.4148, 8.71629],
			"rotation": {"angle": -22.5, "axis": "y", "origin": [8.42074, 22.9148, 7.94053]},
			"faces": {
				"north": {"uv": [0, 0, 1, 1], "texture": "#1"},
				"east": {"uv": [0, 0, 1, 1], "texture": "#1"},
				"south": {"uv": [0, 0, 1, 1], "texture": "#1"},
				"west": {"uv": [0, 0, 1, 1], "texture": "#1"},
				"up": {"uv": [0, 0, 1, 1], "texture": "#1"},
				"down": {"uv": [0, 0, 1, 1], "texture": "#1"}
			}
		},
		{
			"name": "hexadecagon",
			"from": [3.62074, 22.4148, 7.16477],
			"to": [13.32074, 25.4148, 8.71629],
			"rotation": {"angle": 0, "axis": "y", "origin": [8.42074, 22.9148, 7.94053]},
			"faces": {
				"north": {"uv": [0, 0, 1, 1], "texture": "#1"},
				"east": {"uv": [0, 0, 1, 1], "texture": "#1"},
				"south": {"uv": [0, 0, 1, 1], "texture": "#1"},
				"west": {"uv": [0, 0, 1, 1], "texture": "#1"},
				"up": {"uv": [0, 0, 1, 1], "texture": "#1"},
				"down": {"uv": [0, 0, 1, 1], "texture": "#1"}
			}
		},
		{
			"name": "hexadecagon",
			"from": [4.52074, 22.4148, 7.16477],
			"to": [12.32074, 25.4148, 8.71629],
			"rotation": {"angle": 22.5, "axis": "y", "origin": [8.42074, 22.9148, 7.94053]},
			"faces": {
				"north": {"uv": [0, 0, 1, 1], "texture": "#1"},
				"east": {"uv": [0, 0, 1, 1], "texture": "#1"},
				"south": {"uv": [0, 0, 1, 1], "texture": "#1"},
				"west": {"uv": [0, 0, 1, 1], "texture": "#1"},
				"up": {"uv": [0, 0, 1, 1], "texture": "#1"},
				"down": {"uv": [0, 0, 1, 1], "texture": "#1"}
			}
		},
		{
			"name": "hexadecagon",
			"from": [7.74444, 24.7148, 4.54053],
			"to": [9.09704, 25.6148, 11.34053],
			"rotation": {"angle": -45, "axis": "y", "origin": [8.42074, 25.2148, 7.94053]},
			"faces": {
				"north": {"uv": [0, 0, 1, 1], "texture": "#2"},
				"east": {"uv": [0, 0, 1, 1], "texture": "#2"},
				"south": {"uv": [0, 0, 1, 1], "texture": "#2"},
				"west": {"uv": [0, 0, 1, 1], "texture": "#2"},
				"up": {"uv": [0, 0, 1, 1], "texture": "#2"},
				"down": {"uv": [0, 0, 1, 1], "texture": "#2"}
			}
		},
		{
			"name": "hexadecagon",
			"from": [7.74444, 24.7148, 4.54053],
			"to": [9.09704, 25.7148, 11.34053],
			"rotation": {"angle": -22.5, "axis": "y", "origin": [8.42074, 25.2148, 7.94053]},
			"faces": {
				"north": {"uv": [0, 0, 1, 1], "texture": "#1"},
				"east": {"uv": [0, 0, 1, 1], "texture": "#1"},
				"south": {"uv": [0, 0, 1, 1], "texture": "#1"},
				"west": {"uv": [0, 0, 1, 1], "texture": "#1"},
				"up": {"uv": [0, 0, 1, 1], "texture": "#1"},
				"down": {"uv": [0, 0, 1, 1], "texture": "#1"}
			}
		},
		{
			"name": "hexadecagon",
			"from": [7.74444, 24.7148, 4.54053],
			"to": [9.09704, 25.6148, 11.34053],
			"rotation": {"angle": 0, "axis": "y", "origin": [8.42074, 25.2148, 7.94053]},
			"faces": {
				"north": {"uv": [0, 0, 1, 1], "texture": "#2"},
				"east": {"uv": [0, 0, 1, 1], "texture": "#2"},
				"south": {"uv": [0, 0, 1, 1], "texture": "#2"},
				"west": {"uv": [0, 0, 1, 1], "texture": "#2"},
				"up": {"uv": [0, 0, 1, 1], "texture": "#2"},
				"down": {"uv": [0, 0, 1, 1], "texture": "#2"}
			}
		},
		{
			"name": "hexadecagon",
			"from": [7.74444, 24.7148, 4.54053],
			"to": [9.09704, 25.7148, 11.34053],
			"rotation": {"angle": 22.5, "axis": "y", "origin": [8.42074, 25.2148, 7.94053]},
			"faces": {
				"north": {"uv": [0, 0, 1, 1], "texture": "#1"},
				"east": {"uv": [0, 0, 1, 1], "texture": "#1"},
				"south": {"uv": [0, 0, 1, 1], "texture": "#1"},
				"west": {"uv": [0, 0, 1, 1], "texture": "#1"},
				"up": {"uv": [0, 0, 1, 1], "texture": "#1"},
				"down": {"uv": [0, 0, 1, 1], "texture": "#1"}
			}
		},
		{
			"name": "hexadecagon",
			"from": [7.74444, 24.7148, 4.54053],
			"to": [9.09704, 25.6148, 11.34053],
			"rotation": {"angle": 45, "axis": "y", "origin": [8.42074, 25.2148, 7.94053]},
			"faces": {
				"north": {"uv": [0, 0, 1, 1], "texture": "#2"},
				"east": {"uv": [0, 0, 1, 1], "texture": "#2"},
				"south": {"uv": [0, 0, 1, 1], "texture": "#2"},
				"west": {"uv": [0, 0, 1, 1], "texture": "#2"},
				"up": {"uv": [0, 0, 1, 1], "texture": "#2"},
				"down": {"uv": [0, 0, 1, 1], "texture": "#2"}
			}
		},
		{
			"name": "hexadecagon",
			"from": [5.02074, 24.7148, 7.26423],
			"to": [11.82074, 25.7148, 8.61683],
			"rotation": {"angle": -22.5, "axis": "y", "origin": [8.42074, 25.2148, 7.94053]},
			"faces": {
				"north": {"uv": [0, 0, 1, 1], "texture": "#1"},
				"east": {"uv": [0, 0, 1, 1], "texture": "#1"},
				"south": {"uv": [0, 0, 1, 1], "texture": "#1"},
				"west": {"uv": [0, 0, 1, 1], "texture": "#1"},
				"up": {"uv": [0, 0, 1, 1], "texture": "#1"},
				"down": {"uv": [0, 0, 1, 1], "texture": "#1"}
			}
		},
		{
			"name": "hexadecagon",
			"from": [5.02074, 24.7148, 7.26423],
			"to": [11.82074, 25.6148, 8.61683],
			"rotation": {"angle": 0, "axis": "y", "origin": [8.42074, 25.2148, 7.94053]},
			"faces": {
				"north": {"uv": [0, 0, 1, 1], "texture": "#2"},
				"east": {"uv": [0, 0, 1, 1], "texture": "#2"},
				"south": {"uv": [0, 0, 1, 1], "texture": "#2"},
				"west": {"uv": [0, 0, 1, 1], "texture": "#2"},
				"up": {"uv": [0, 0, 1, 1], "texture": "#2"},
				"down": {"uv": [0, 0, 1, 1], "texture": "#2"}
			}
		},
		{
			"name": "hexadecagon",
			"from": [5.02074, 24.7148, 7.26423],
			"to": [11.82074, 25.7148, 8.61683],
			"rotation": {"angle": 22.5, "axis": "y", "origin": [8.42074, 25.2148, 7.94053]},
			"faces": {
				"north": {"uv": [0, 0, 1, 1], "texture": "#1"},
				"east": {"uv": [0, 0, 1, 1], "texture": "#1"},
				"south": {"uv": [0, 0, 1, 1], "texture": "#1"},
				"west": {"uv": [0, 0, 1, 1], "texture": "#1"},
				"up": {"uv": [0, 0, 1, 1], "texture": "#1"},
				"down": {"uv": [0, 0, 1, 1], "texture": "#1"}
			}
		},
		{
			"name": "hexadecagon",
			"from": [2.92074, 22.01534, 7.44053],
			"to": [13.92074, 22.21426, 8.44053],
			"rotation": {"angle": -45, "axis": "x", "origin": [13.42074, 22.1148, 7.94053]},
			"faces": {
				"north": {"uv": [0, 0, 1, 1], "texture": "#3"},
				"east": {"uv": [0, 0, 1, 1], "texture": "#3"},
				"south": {"uv": [0, 0, 1, 1], "texture": "#3"},
				"west": {"uv": [0, 0, 1, 1], "texture": "#3"},
				"up": {"uv": [0, 0, 1, 1], "texture": "#3"},
				"down": {"uv": [0, 0, 1, 1], "texture": "#3"}
			}
		},
		{
			"name": "hexadecagon",
			"from": [2.92074, 22.01534, 7.44053],
			"to": [13.92074, 22.21426, 8.44053],
			"rotation": {"angle": -45, "axis": "x", "origin": [13.42074, 22.1148, 7.94053]},
			"faces": {
				"north": {"uv": [0, 0, 1, 1], "texture": "#3"},
				"east": {"uv": [0, 0, 1, 1], "texture": "#3"},
				"south": {"uv": [0, 0, 1, 1], "texture": "#3"},
				"west": {"uv": [0, 0, 1, 1], "texture": "#3"},
				"up": {"uv": [0, 0, 1, 1], "texture": "#3"},
				"down": {"uv": [0, 0, 1, 1], "texture": "#3"}
			}
		},
		{
			"name": "hexadecagon",
			"from": [2.92074, 22.01534, 7.44053],
			"to": [13.92074, 22.21426, 8.44053],
			"rotation": {"angle": -22.5, "axis": "x", "origin": [13.42074, 22.1148, 7.94053]},
			"faces": {
				"north": {"uv": [0, 0, 1, 1], "texture": "#3"},
				"east": {"uv": [0, 0, 1, 1], "texture": "#3"},
				"south": {"uv": [0, 0, 1, 1], "texture": "#3"},
				"west": {"uv": [0, 0, 1, 1], "texture": "#3"},
				"up": {"uv": [0, 0, 1, 1], "texture": "#3"},
				"down": {"uv": [0, 0, 1, 1], "texture": "#3"}
			}
		},
		{
			"name": "hexadecagon",
			"from": [2.92074, 22.01534, 7.44053],
			"to": [13.92074, 22.21426, 8.44053],
			"rotation": {"angle": -22.5, "axis": "x", "origin": [13.42074, 22.1148, 7.94053]},
			"faces": {
				"north": {"uv": [0, 0, 1, 1], "texture": "#3"},
				"east": {"uv": [0, 0, 1, 1], "texture": "#3"},
				"south": {"uv": [0, 0, 1, 1], "texture": "#3"},
				"west": {"uv": [0, 0, 1, 1], "texture": "#3"},
				"up": {"uv": [0, 0, 1, 1], "texture": "#3"},
				"down": {"uv": [0, 0, 1, 1], "texture": "#3"}
			}
		},
		{
			"name": "hexadecagon",
			"from": [2.92074, 22.01534, 7.44053],
			"to": [13.92074, 22.21426, 8.44053],
			"rotation": {"angle": 0, "axis": "x", "origin": [13.42074, 22.1148, 7.94053]},
			"faces": {
				"north": {"uv": [0, 0, 1, 1], "texture": "#3"},
				"east": {"uv": [0, 0, 1, 1], "texture": "#3"},
				"south": {"uv": [0, 0, 1, 1], "texture": "#3"},
				"west": {"uv": [0, 0, 1, 1], "texture": "#3"},
				"up": {"uv": [0, 0, 1, 1], "texture": "#3"},
				"down": {"uv": [0, 0, 1, 1], "texture": "#3"}
			}
		},
		{
			"name": "hexadecagon",
			"from": [2.92074, 22.01534, 7.44053],
			"to": [13.92074, 22.21426, 8.44053],
			"rotation": {"angle": 0, "axis": "x", "origin": [13.42074, 22.1148, 7.94053]},
			"faces": {
				"north": {"uv": [0, 0, 1, 1], "texture": "#3"},
				"east": {"uv": [0, 0, 1, 1], "texture": "#3"},
				"south": {"uv": [0, 0, 1, 1], "texture": "#3"},
				"west": {"uv": [0, 0, 1, 1], "texture": "#3"},
				"up": {"uv": [0, 0, 1, 1], "texture": "#3"},
				"down": {"uv": [0, 0, 1, 1], "texture": "#3"}
			}
		},
		{
			"name": "hexadecagon",
			"from": [2.92074, 22.01534, 7.44053],
			"to": [13.92074, 22.21426, 8.44053],
			"rotation": {"angle": 22.5, "axis": "x", "origin": [13.42074, 22.1148, 7.94053]},
			"faces": {
				"north": {"uv": [0, 0, 1, 1], "texture": "#3"},
				"east": {"uv": [0, 0, 1, 1], "texture": "#3"},
				"south": {"uv": [0, 0, 1, 1], "texture": "#3"},
				"west": {"uv": [0, 0, 1, 1], "texture": "#3"},
				"up": {"uv": [0, 0, 1, 1], "texture": "#3"},
				"down": {"uv": [0, 0, 1, 1], "texture": "#3"}
			}
		},
		{
			"name": "hexadecagon",
			"from": [2.92074, 22.01534, 7.44053],
			"to": [13.92074, 22.21426, 8.44053],
			"rotation": {"angle": 22.5, "axis": "x", "origin": [13.42074, 22.1148, 7.94053]},
			"faces": {
				"north": {"uv": [0, 0, 1, 1], "texture": "#3"},
				"east": {"uv": [0, 0, 1, 1], "texture": "#3"},
				"south": {"uv": [0, 0, 1, 1], "texture": "#3"},
				"west": {"uv": [0, 0, 1, 1], "texture": "#3"},
				"up": {"uv": [0, 0, 1, 1], "texture": "#3"},
				"down": {"uv": [0, 0, 1, 1], "texture": "#3"}
			}
		},
		{
			"name": "hexadecagon",
			"from": [2.92074, 22.01534, 7.44053],
			"to": [13.92074, 22.21426, 8.44053],
			"rotation": {"angle": 45, "axis": "x", "origin": [13.42074, 22.1148, 7.94053]},
			"faces": {
				"north": {"uv": [0, 0, 1, 1], "texture": "#3"},
				"east": {"uv": [0, 0, 1, 1], "texture": "#3"},
				"south": {"uv": [0, 0, 1, 1], "texture": "#3"},
				"west": {"uv": [0, 0, 1, 1], "texture": "#3"},
				"up": {"uv": [0, 0, 1, 1], "texture": "#3"},
				"down": {"uv": [0, 0, 1, 1], "texture": "#3"}
			}
		},
		{
			"name": "hexadecagon",
			"from": [2.92074, 22.01534, 7.44053],
			"to": [13.92074, 22.21426, 8.44053],
			"rotation": {"angle": 45, "axis": "x", "origin": [13.42074, 22.1148, 7.94053]},
			"faces": {
				"north": {"uv": [0, 0, 1, 1], "texture": "#3"},
				"east": {"uv": [0, 0, 1, 1], "texture": "#3"},
				"south": {"uv": [0, 0, 1, 1], "texture": "#3"},
				"west": {"uv": [0, 0, 1, 1], "texture": "#3"},
				"up": {"uv": [0, 0, 1, 1], "texture": "#3"},
				"down": {"uv": [0, 0, 1, 1], "texture": "#3"}
			}
		},
		{
			"name": "hexadecagon",
			"from": [2.92074, 21.6148, 7.84107],
			"to": [13.92074, 22.6148, 8.03999],
			"rotation": {"angle": -22.5, "axis": "x", "origin": [13.42074, 22.1148, 7.94053]},
			"faces": {
				"north": {"uv": [0, 0, 1, 1], "texture": "#3"},
				"east": {"uv": [0, 0, 1, 1], "texture": "#3"},
				"south": {"uv": [0, 0, 1, 1], "texture": "#3"},
				"west": {"uv": [0, 0, 1, 1], "texture": "#3"},
				"up": {"uv": [0, 0, 1, 1], "texture": "#3"},
				"down": {"uv": [0, 0, 1, 1], "texture": "#3"}
			}
		},
		{
			"name": "hexadecagon",
			"from": [2.92074, 21.6148, 7.84107],
			"to": [13.92074, 22.6148, 8.03999],
			"rotation": {"angle": -22.5, "axis": "x", "origin": [13.42074, 22.1148, 7.94053]},
			"faces": {
				"north": {"uv": [0, 0, 1, 1], "texture": "#3"},
				"east": {"uv": [0, 0, 1, 1], "texture": "#3"},
				"south": {"uv": [0, 0, 1, 1], "texture": "#3"},
				"west": {"uv": [0, 0, 1, 1], "texture": "#3"},
				"up": {"uv": [0, 0, 1, 1], "texture": "#3"},
				"down": {"uv": [0, 0, 1, 1], "texture": "#3"}
			}
		},
		{
			"name": "hexadecagon",
			"from": [2.92074, 21.6148, 7.84107],
			"to": [13.92074, 22.6148, 8.03999],
			"rotation": {"angle": 0, "axis": "x", "origin": [13.42074, 22.1148, 7.94053]},
			"faces": {
				"north": {"uv": [0, 0, 1, 1], "texture": "#3"},
				"east": {"uv": [0, 0, 1, 1], "texture": "#3"},
				"south": {"uv": [0, 0, 1, 1], "texture": "#3"},
				"west": {"uv": [0, 0, 1, 1], "texture": "#3"},
				"up": {"uv": [0, 0, 1, 1], "texture": "#3"},
				"down": {"uv": [0, 0, 1, 1], "texture": "#3"}
			}
		},
		{
			"name": "hexadecagon",
			"from": [2.92074, 21.6148, 7.84107],
			"to": [13.92074, 22.6148, 8.03999],
			"rotation": {"angle": 0, "axis": "x", "origin": [13.42074, 22.1148, 7.94053]},
			"faces": {
				"north": {"uv": [0, 0, 1, 1], "texture": "#3"},
				"east": {"uv": [0, 0, 1, 1], "texture": "#3"},
				"south": {"uv": [0, 0, 1, 1], "texture": "#3"},
				"west": {"uv": [0, 0, 1, 1], "texture": "#3"},
				"up": {"uv": [0, 0, 1, 1], "texture": "#3"},
				"down": {"uv": [0, 0, 1, 1], "texture": "#3"}
			}
		},
		{
			"name": "hexadecagon",
			"from": [2.92074, 21.6148, 7.84107],
			"to": [13.92074, 22.6148, 8.03999],
			"rotation": {"angle": 22.5, "axis": "x", "origin": [13.42074, 22.1148, 7.94053]},
			"faces": {
				"north": {"uv": [0, 0, 1, 1], "texture": "#3"},
				"east": {"uv": [0, 0, 1, 1], "texture": "#3"},
				"south": {"uv": [0, 0, 1, 1], "texture": "#3"},
				"west": {"uv": [0, 0, 1, 1], "texture": "#3"},
				"up": {"uv": [0, 0, 1, 1], "texture": "#3"},
				"down": {"uv": [0, 0, 1, 1], "texture": "#3"}
			}
		},
		{
			"name": "hexadecagon",
			"from": [2.92074, 21.6148, 7.84107],
			"to": [13.92074, 22.6148, 8.03999],
			"rotation": {"angle": 22.5, "axis": "x", "origin": [13.42074, 22.1148, 7.94053]},
			"faces": {
				"north": {"uv": [0, 0, 1, 1], "texture": "#3"},
				"east": {"uv": [0, 0, 1, 1], "texture": "#3"},
				"south": {"uv": [0, 0, 1, 1], "texture": "#3"},
				"west": {"uv": [0, 0, 1, 1], "texture": "#3"},
				"up": {"uv": [0, 0, 1, 1], "texture": "#3"},
				"down": {"uv": [0, 0, 1, 1], "texture": "#3"}
			}
		},
		{
			"name": "hexadecagon",
			"from": [13.7666, 25, 19.93503],
			"to": [14.36334, 26, 22.93503],
			"rotation": {"angle": -45, "axis": "y", "origin": [27.5, 25.5, 8]},
			"faces": {
				"north": {"uv": [0, 0, 1, 1], "texture": "#1"},
				"east": {"uv": [0, 0, 1, 1], "texture": "#1"},
				"south": {"uv": [0, 0, 1, 1], "texture": "#1"},
				"west": {"uv": [0, 0, 1, 1], "texture": "#1"},
				"up": {"uv": [0, 0, 1, 1], "texture": "#1"},
				"down": {"uv": [0, 0, 1, 1], "texture": "#1"}
			}
		},
		{
			"name": "hexadecagon",
			"from": [9.64792, 25, 13.77099],
			"to": [10.24466, 26, 16.77099],
			"rotation": {"angle": -22.5, "axis": "y", "origin": [27.5, 25.5, 8]},
			"faces": {
				"north": {"uv": [0, 0, 1, 1], "texture": "#1"},
				"east": {"uv": [0, 0, 1, 1], "texture": "#1"},
				"south": {"uv": [0, 0, 1, 1], "texture": "#1"},
				"west": {"uv": [0, 0, 1, 1], "texture": "#1"},
				"up": {"uv": [0, 0, 1, 1], "texture": "#1"},
				"down": {"uv": [0, 0, 1, 1], "texture": "#1"}
			}
		},
		{
			"name": "hexadecagon",
			"from": [8.20163, 25, 6.5],
			"to": [8.79837, 26, 9.5],
			"rotation": {"angle": 0, "axis": "y", "origin": [27.5, 25.5, 8]},
			"faces": {
				"north": {"uv": [0, 0, 1, 1], "texture": "#1"},
				"east": {"uv": [0, 0, 1, 1], "texture": "#1"},
				"south": {"uv": [0, 0, 1, 1], "texture": "#1"},
				"west": {"uv": [0, 0, 1, 1], "texture": "#1"},
				"up": {"uv": [0, 0, 1, 1], "texture": "#1"},
				"down": {"uv": [0, 0, 1, 1], "texture": "#1"}
			}
		},
		{
			"name": "hexadecagon",
			"from": [9.64792, 25, -0.77099],
			"to": [10.24466, 26, 2.22901],
			"rotation": {"angle": 22.5, "axis": "y", "origin": [27.5, 25.5, 8]},
			"faces": {
				"north": {"uv": [0, 0, 1, 1], "texture": "#1"},
				"east": {"uv": [0, 0, 1, 1], "texture": "#1"},
				"south": {"uv": [0, 0, 1, 1], "texture": "#1"},
				"west": {"uv": [0, 0, 1, 1], "texture": "#1"},
				"up": {"uv": [0, 0, 1, 1], "texture": "#1"},
				"down": {"uv": [0, 0, 1, 1], "texture": "#1"}
			}
		},
		{
			"name": "hexadecagon",
			"from": [13.7666, 25, -6.93503],
			"to": [14.36334, 26, -3.93503],
			"rotation": {"angle": 45, "axis": "y", "origin": [27.5, 25.5, 8]},
			"faces": {
				"north": {"uv": [0, 0, 1, 1], "texture": "#1"},
				"east": {"uv": [0, 0, 1, 1], "texture": "#1"},
				"south": {"uv": [0, 0, 1, 1], "texture": "#1"},
				"west": {"uv": [0, 0, 1, 1], "texture": "#1"},
				"up": {"uv": [0, 0, 1, 1], "texture": "#1"},
				"down": {"uv": [0, 0, 1, 1], "texture": "#1"}
			}
		},
		{
			"name": "hexadecagon",
			"from": [8.44629, 25, 14.97262],
			"to": [11.44629, 26, 15.56935],
			"rotation": {"angle": -22.5, "axis": "y", "origin": [27.5, 25.5, 8]},
			"faces": {
				"north": {"uv": [0, 0, 1, 1], "texture": "#1"},
				"east": {"uv": [0, 0, 1, 1], "texture": "#1"},
				"south": {"uv": [0, 0, 1, 1], "texture": "#1"},
				"west": {"uv": [0, 0, 1, 1], "texture": "#1"},
				"up": {"uv": [0, 0, 1, 1], "texture": "#1"},
				"down": {"uv": [0, 0, 1, 1], "texture": "#1"}
			}
		},
		{
			"name": "hexadecagon",
			"from": [7, 25, 7.70163],
			"to": [10, 26, 8.29837],
			"rotation": {"angle": 0, "axis": "y", "origin": [27.5, 25.5, 8]},
			"faces": {
				"north": {"uv": [0, 0, 1, 1], "texture": "#1"},
				"east": {"uv": [0, 0, 1, 1], "texture": "#1"},
				"south": {"uv": [0, 0, 1, 1], "texture": "#1"},
				"west": {"uv": [0, 0, 1, 1], "texture": "#1"},
				"up": {"uv": [0, 0, 1, 1], "texture": "#1"},
				"down": {"uv": [0, 0, 1, 1], "texture": "#1"}
			}
		},
		{
			"name": "hexadecagon",
			"from": [8.44629, 25, 0.43065],
			"to": [11.44629, 26, 1.02738],
			"rotation": {"angle": 22.5, "axis": "y", "origin": [27.5, 25.5, 8]},
			"faces": {
				"north": {"uv": [0, 0, 1, 1], "texture": "#1"},
				"east": {"uv": [0, 0, 1, 1], "texture": "#1"},
				"south": {"uv": [0, 0, 1, 1], "texture": "#1"},
				"west": {"uv": [0, 0, 1, 1], "texture": "#1"},
				"up": {"uv": [0, 0, 1, 1], "texture": "#1"},
				"down": {"uv": [0, 0, 1, 1], "texture": "#1"}
			}
		}
	],
	"display": {
		"thirdperson_righthand": {
			"scale": [0.34, 0.34, 0.34]
		},
		"thirdperson_lefthand": {
			"scale": [0.34, 0.34, 0.34]
		},
		"gui": {
			"rotation": [0, -90, 0],
			"translation": [0, -2.25, 0],
			"scale": [0.4, 0.55, 0.55]
		},
		"head": {
			"rotation": [0, -90, 0],
			"translation": [0, -33.5, 0],
			"scale": [1.31, 1.31, 1.31]
		},
		"fixed": {
			"rotation": [0, -90, 0],
			"translation": [0, -3, 0],
			"scale": [0.71, 0.71, 0.71]
		}
	},
	"groups": [
		{
			"name": "gedroidgreen",
			"origin": [8, 8, 8],
			"children": [
				{
					"name": "gebluedroid",
					"origin": [8, 8, 8],
					"children": [0, 1, 2, 3, 4, 5, 6, 7, 8, 9, 10, 11, 12, 13, 14, 15, 16, 17, 18, 19, 20,
						{
							"name": "hexadecagon",
							"origin": [8, 8, 8],
							"children": [21, 22, 23, 24, 25, 26, 27, 28, 29, 30, 31, 32, 33, 34, 35, 36, 37, 38, 39, 40, 41, 42, 43, 44, 45, 46, 47, 48, 49, 50, 51, 52, 53, 54, 55, 56, 57, 58]
						},
						{
							"name": "hexadecagon",
							"origin": [8, 8, 8],
							"children": [59, 60, 61, 62, 63, 64, 65, 66]
						},
						{
							"name": "hexadecagon",
							"origin": [8, 8, 8],
							"children": [67, 68, 69, 70, 71, 72, 73, 74]
						},
						{
							"name": "hexadecagon",
							"origin": [8, 8, 8],
							"children": [75, 76, 77, 78, 79, 80, 81, 82, 83, 84, 85, 86, 87, 88]
						},
						{
							"name": "hexadecagon",
							"origin": [8, 8, 8],
							"children": [89, 90, 91, 92, 93, 94, 95, 96]
						},
						{
							"name": "hexadecagon",
							"origin": [8, 8, 8],
							"children": [97, 98, 99, 100, 101, 102, 103, 104]
						},
						{
							"name": "hexadecagon",
							"origin": [8, 8, 8],
							"children": [105, 106, 107, 108, 109, 110, 111, 112]
						},
						{
							"name": "hexadecagon",
							"origin": [8, 8, 8],
							"children": [113, 114, 115, 116, 117, 118, 119, 120]
						},
						{
							"name": "hexadecagon",
							"origin": [8, 8, 8],
							"children": [121, 122, 123, 124, 125, 126, 127, 128, 129, 130, 131, 132, 133, 134, 135, 136]
						}
					]
				}
			]
		},
		{
			"name": "hexadecagon",
			"origin": [8, 8, 8],
			"children": [137, 138, 139, 140, 141, 142, 143, 144]
		}
	]
}
