{
	"credit": "Made with Blockbench by RRandomm",
	"ambientocclusion": false,
	"textures": {
		"0": "blocks/quartz_block_side",
		"1": "blocks/glass_white",
		"2": "blocks/wool_colored_yellow",
		"3": "blocks/hardened_clay_stained_red",
		"4": "blocks/wool_colored_red",
		"5": "blocks/nether_brick",
		"7": "blocks/planks_jungle",
		"8": "blocks/iron_block",
		"10": "blocks/planks_birch",
		"11": "blocks/wool_colored_white",
		"particle": "blocks/quartz_block_side"
	},
	"elements": [
		{
			"name": "Step",
			"from": [0, 10, -8],
			"to": [2, 12, -4],
			"rotation": {"angle": 0, "axis": "y", "origin": [22, 18, -10]},
			"faces": {
				"north": {"uv": [0, 0, 8, 8], "texture": "#0"},
				"east": {"uv": [0, 0, 16, 16], "texture": "#0"},
				"south": {"uv": [0, 0, 8, 8], "texture": "#0"},
				"west": {"uv": [0, 0, 16, 8], "texture": "#0"},
				"up": {"uv": [0, 0, 16, 16], "texture": "#0"},
				"down": {"uv": [8, 0, 16, 16], "texture": "#0"}
			}
		},
		{
			"name": "Step",
			"from": [0, 10, 0],
			"to": [2, 12, 4],
			"rotation": {"angle": 0, "axis": "y", "origin": [22, 18, -2]},
			"faces": {
				"north": {"uv": [0, 0, 8, 8], "texture": "#0"},
				"east": {"uv": [0, 0, 16, 16], "texture": "#0"},
				"south": {"uv": [0, 0, 8, 8], "texture": "#0"},
				"west": {"uv": [0, 0, 16, 8], "texture": "#0"},
				"up": {"uv": [0, 0, 16, 16], "texture": "#0"},
				"down": {"uv": [8, 0, 16, 16], "texture": "#0"}
			}
		},
		{
			"name": "Step",
			"from": [14, 10, -8],
			"to": [16, 12, -4],
			"rotation": {"angle": 0, "axis": "y", "origin": [36, 18, -10]},
			"faces": {
				"north": {"uv": [0, 0, 8, 8], "texture": "#0"},
				"east": {"uv": [0, 0, 16, 16], "texture": "#0"},
				"south": {"uv": [0, 0, 8, 8], "texture": "#0"},
				"west": {"uv": [0, 0, 16, 8], "texture": "#0"},
				"up": {"uv": [0, 0, 16, 16], "texture": "#0"},
				"down": {"uv": [8, 0, 16, 16], "texture": "#0"}
			}
		},
		{
			"name": "Step",
			"from": [14, 10, 0],
			"to": [16, 12, 4],
			"rotation": {"angle": 0, "axis": "y", "origin": [36, 18, -2]},
			"faces": {
				"north": {"uv": [0, 0, 8, 8], "texture": "#0"},
				"east": {"uv": [0, 0, 16, 16], "texture": "#0"},
				"south": {"uv": [0, 0, 8, 8], "texture": "#0"},
				"west": {"uv": [0, 0, 16, 8], "texture": "#0"},
				"up": {"uv": [0, 0, 16, 16], "texture": "#0"},
				"down": {"uv": [8, 0, 16, 16], "texture": "#0"}
			}
		},
		{
			"name": "Step",
			"from": [0, 10, -12],
			"to": [2, 12, -8],
			"rotation": {"angle": 0, "axis": "y", "origin": [22, 18, -14]},
			"faces": {
				"north": {"uv": [0, 0, 8, 8], "texture": "#2"},
				"east": {"uv": [0, 0, 16, 16], "texture": "#2"},
				"south": {"uv": [0, 0, 8, 8], "texture": "#2"},
				"west": {"uv": [0, 0, 16, 8], "texture": "#2"},
				"up": {"uv": [0, 0, 16, 16], "texture": "#2"},
				"down": {"uv": [8, 0, 16, 16], "texture": "#2"}
			}
		},
		{
			"name": "Step",
			"from": [0, 10, -4],
			"to": [2, 12, 0],
			"rotation": {"angle": 0, "axis": "y", "origin": [22, 18, -6]},
			"faces": {
				"north": {"uv": [0, 0, 8, 8], "texture": "#2"},
				"east": {"uv": [0, 0, 16, 16], "texture": "#2"},
				"south": {"uv": [0, 0, 8, 8], "texture": "#2"},
				"west": {"uv": [0, 0, 16, 8], "texture": "#2"},
				"up": {"uv": [0, 0, 16, 16], "texture": "#2"},
				"down": {"uv": [8, 0, 16, 16], "texture": "#2"}
			}
		},
		{
			"name": "Step",
			"from": [14, 10, -12],
			"to": [16, 12, -8],
			"rotation": {"angle": 0, "axis": "y", "origin": [36, 18, -14]},
			"faces": {
				"north": {"uv": [0, 0, 8, 8], "texture": "#2"},
				"east": {"uv": [0, 0, 16, 16], "texture": "#2"},
				"south": {"uv": [0, 0, 8, 8], "texture": "#2"},
				"west": {"uv": [0, 0, 16, 8], "texture": "#2"},
				"up": {"uv": [0, 0, 16, 16], "texture": "#2"},
				"down": {"uv": [8, 0, 16, 16], "texture": "#2"}
			}
		},
		{
			"name": "Step",
			"from": [14, 10, -4],
			"to": [16, 12, 0],
			"rotation": {"angle": 0, "axis": "y", "origin": [36, 18, -6]},
			"faces": {
				"north": {"uv": [0, 0, 8, 8], "texture": "#2"},
				"east": {"uv": [0, 0, 16, 16], "texture": "#2"},
				"south": {"uv": [0, 0, 8, 8], "texture": "#2"},
				"west": {"uv": [0, 0, 16, 8], "texture": "#2"},
				"up": {"uv": [0, 0, 16, 16], "texture": "#2"},
				"down": {"uv": [8, 0, 16, 16], "texture": "#2"}
			}
		},
		{
			"name": "Step",
			"from": [0, 10, -16],
			"to": [2, 12, -12],
			"rotation": {"angle": 0, "axis": "y", "origin": [22, 18, -18]},
			"faces": {
				"north": {"uv": [0, 0, 8, 8], "texture": "#0"},
				"east": {"uv": [0, 0, 16, 16], "texture": "#0"},
				"south": {"uv": [0, 0, 8, 8], "texture": "#0"},
				"west": {"uv": [0, 0, 16, 8], "texture": "#0"},
				"up": {"uv": [0, 0, 16, 16], "texture": "#0"},
				"down": {"uv": [8, 0, 16, 16], "texture": "#0"}
			}
		},
		{
			"name": "Step",
			"from": [14, 10, -16],
			"to": [16, 12, -12],
			"rotation": {"angle": 0, "axis": "y", "origin": [36, 18, -18]},
			"faces": {
				"north": {"uv": [0, 0, 8, 8], "texture": "#0"},
				"east": {"uv": [0, 0, 16, 16], "texture": "#0"},
				"south": {"uv": [0, 0, 8, 8], "texture": "#0"},
				"west": {"uv": [0, 0, 16, 8], "texture": "#0"},
				"up": {"uv": [0, 0, 16, 16], "texture": "#0"},
				"down": {"uv": [8, 0, 16, 16], "texture": "#0"}
			}
		},
		{
			"name": "Step",
			"from": [0, 0, -16],
			"to": [2, 2, -12],
			"rotation": {"angle": 0, "axis": "y", "origin": [22, 8, -18]},
			"faces": {
				"north": {"uv": [0, 0, 8, 8], "texture": "#0"},
				"east": {"uv": [0, 0, 16, 16], "texture": "#0"},
				"south": {"uv": [0, 0, 8, 8], "texture": "#0"},
				"west": {"uv": [0, 0, 16, 8], "texture": "#0"},
				"up": {"uv": [0, 0, 16, 16], "texture": "#0"},
				"down": {"uv": [8, 0, 16, 16], "texture": "#0"}
			}
		},
		{
			"name": "Step",
			"from": [14, 0, -16],
			"to": [16, 2, -12],
			"rotation": {"angle": 0, "axis": "y", "origin": [36, 8, -18]},
			"faces": {
				"north": {"uv": [0, 0, 8, 8], "texture": "#0"},
				"east": {"uv": [0, 0, 16, 16], "texture": "#0"},
				"south": {"uv": [0, 0, 8, 8], "texture": "#0"},
				"west": {"uv": [0, 0, 16, 8], "texture": "#0"},
				"up": {"uv": [0, 0, 16, 16], "texture": "#0"},
				"down": {"uv": [8, 0, 16, 16], "texture": "#0"}
			}
		},
		{
			"name": "Step",
			"from": [0, 0, -12],
			"to": [2, 2, -8],
			"rotation": {"angle": 0, "axis": "y", "origin": [22, 8, -14]},
			"faces": {
				"north": {"uv": [0, 0, 8, 8], "texture": "#0"},
				"east": {"uv": [0, 0, 16, 16], "texture": "#0"},
				"south": {"uv": [0, 0, 8, 8], "texture": "#0"},
				"west": {"uv": [0, 0, 16, 8], "texture": "#0"},
				"up": {"uv": [0, 0, 16, 16], "texture": "#0"},
				"down": {"uv": [8, 0, 16, 16], "texture": "#0"}
			}
		},
		{
			"name": "Step",
			"from": [0, 0, -4],
			"to": [2, 2, 0],
			"rotation": {"angle": 0, "axis": "y", "origin": [22, 8, -6]},
			"faces": {
				"north": {"uv": [0, 0, 8, 8], "texture": "#0"},
				"east": {"uv": [0, 0, 16, 16], "texture": "#0"},
				"south": {"uv": [0, 0, 8, 8], "texture": "#0"},
				"west": {"uv": [0, 0, 16, 8], "texture": "#0"},
				"up": {"uv": [0, 0, 16, 16], "texture": "#0"},
				"down": {"uv": [8, 0, 16, 16], "texture": "#0"}
			}
		},
		{
			"name": "Step",
			"from": [0, 0, 12],
			"to": [2, 2, 16],
			"rotation": {"angle": 0, "axis": "y", "origin": [22, 8, 10]},
			"faces": {
				"north": {"uv": [0, 0, 8, 8], "texture": "#0"},
				"east": {"uv": [0, 0, 16, 16], "texture": "#0"},
				"south": {"uv": [0, 0, 8, 8], "texture": "#0"},
				"west": {"uv": [0, 0, 16, 8], "texture": "#0"},
				"up": {"uv": [0, 0, 16, 16], "texture": "#0"},
				"down": {"uv": [8, 0, 16, 16], "texture": "#0"}
			}
		},
		{
			"name": "Step",
			"from": [2, 0, 16],
			"to": [6, 2, 18],
			"rotation": {"angle": 0, "axis": "y", "origin": [26, 8, 14]},
			"faces": {
				"north": {"uv": [0, 0, 8, 8], "texture": "#0"},
				"east": {"uv": [0, 0, 16, 16], "texture": "#0"},
				"south": {"uv": [0, 0, 8, 8], "texture": "#0"},
				"west": {"uv": [0, 0, 16, 8], "texture": "#0"},
				"up": {"uv": [0, 0, 16, 16], "texture": "#0"},
				"down": {"uv": [8, 0, 16, 16], "texture": "#0"}
			}
		},
		{
			"name": "Step",
			"from": [10, 0, 16],
			"to": [14, 2, 18],
			"rotation": {"angle": 0, "axis": "y", "origin": [34, 8, 14]},
			"faces": {
				"north": {"uv": [0, 0, 8, 8], "texture": "#0"},
				"east": {"uv": [0, 0, 16, 16], "texture": "#0"},
				"south": {"uv": [0, 0, 8, 8], "texture": "#0"},
				"west": {"uv": [0, 0, 16, 8], "texture": "#0"},
				"up": {"uv": [0, 0, 16, 16], "texture": "#0"},
				"down": {"uv": [8, 0, 16, 16], "texture": "#0"}
			}
		},
		{
			"name": "Step",
			"from": [14, 0, -12],
			"to": [16, 2, -8],
			"rotation": {"angle": 0, "axis": "y", "origin": [36, 8, -14]},
			"faces": {
				"north": {"uv": [0, 0, 8, 8], "texture": "#0"},
				"east": {"uv": [0, 0, 16, 16], "texture": "#0"},
				"south": {"uv": [0, 0, 8, 8], "texture": "#0"},
				"west": {"uv": [0, 0, 16, 8], "texture": "#0"},
				"up": {"uv": [0, 0, 16, 16], "texture": "#0"},
				"down": {"uv": [8, 0, 16, 16], "texture": "#0"}
			}
		},
		{
			"name": "Step",
			"from": [14, 0, -4],
			"to": [16, 2, 0],
			"rotation": {"angle": 0, "axis": "y", "origin": [36, 8, -6]},
			"faces": {
				"north": {"uv": [0, 0, 8, 8], "texture": "#0"},
				"east": {"uv": [0, 0, 16, 16], "texture": "#0"},
				"south": {"uv": [0, 0, 8, 8], "texture": "#0"},
				"west": {"uv": [0, 0, 16, 8], "texture": "#0"},
				"up": {"uv": [0, 0, 16, 16], "texture": "#0"},
				"down": {"uv": [8, 0, 16, 16], "texture": "#0"}
			}
		},
		{
			"name": "Step",
			"from": [14, 0, 12],
			"to": [16, 2, 16],
			"rotation": {"angle": 0, "axis": "y", "origin": [36, 8, 10]},
			"faces": {
				"north": {"uv": [0, 0, 8, 8], "texture": "#0"},
				"east": {"uv": [0, 0, 16, 16], "texture": "#0"},
				"south": {"uv": [0, 0, 8, 8], "texture": "#0"},
				"west": {"uv": [0, 0, 16, 8], "texture": "#0"},
				"up": {"uv": [0, 0, 16, 16], "texture": "#0"},
				"down": {"uv": [8, 0, 16, 16], "texture": "#0"}
			}
		},
		{
			"name": "Step",
			"from": [0, 0, -8],
			"to": [2, 2, -4],
			"rotation": {"angle": 0, "axis": "y", "origin": [22, 8, -10]},
			"faces": {
				"north": {"uv": [0, 0, 8, 8], "texture": "#0"},
				"east": {"uv": [0, 0, 16, 16], "texture": "#0"},
				"south": {"uv": [0, 0, 8, 8], "texture": "#0"},
				"west": {"uv": [0, 0, 16, 8], "texture": "#0"},
				"up": {"uv": [0, 0, 16, 16], "texture": "#0"},
				"down": {"uv": [8, 0, 16, 16], "texture": "#0"}
			}
		},
		{
			"name": "Step",
			"from": [0, 0, 0],
			"to": [2, 2, 4],
			"rotation": {"angle": 0, "axis": "y", "origin": [22, 8, -2]},
			"faces": {
				"north": {"uv": [0, 0, 8, 8], "texture": "#0"},
				"east": {"uv": [0, 0, 16, 16], "texture": "#0"},
				"south": {"uv": [0, 0, 8, 8], "texture": "#0"},
				"west": {"uv": [0, 0, 16, 8], "texture": "#0"},
				"up": {"uv": [0, 0, 16, 16], "texture": "#0"},
				"down": {"uv": [8, 0, 16, 16], "texture": "#0"}
			}
		},
		{
			"name": "Step",
			"from": [0, 0, 8],
			"to": [2, 2, 12],
			"rotation": {"angle": 0, "axis": "y", "origin": [22, 8, 6]},
			"faces": {
				"north": {"uv": [0, 0, 8, 8], "texture": "#0"},
				"east": {"uv": [0, 0, 16, 16], "texture": "#0"},
				"south": {"uv": [0, 0, 8, 8], "texture": "#0"},
				"west": {"uv": [0, 0, 16, 8], "texture": "#0"},
				"up": {"uv": [0, 0, 16, 16], "texture": "#0"},
				"down": {"uv": [8, 0, 16, 16], "texture": "#0"}
			}
		},
		{
			"name": "Step",
			"from": [-2, 0, 2],
			"to": [0, 2, 4],
			"rotation": {"angle": 0, "axis": "y", "origin": [20, 8, -2]},
			"faces": {
				"north": {"uv": [0, 0, 8, 8], "texture": "#0"},
				"east": {"uv": [0, 0, 16, 16], "texture": "#0"},
				"south": {"uv": [0, 0, 8, 8], "texture": "#0"},
				"west": {"uv": [0, 0, 16, 8], "texture": "#0"},
				"up": {"uv": [0, 0, 16, 16], "texture": "#0"},
				"down": {"uv": [8, 0, 16, 16], "texture": "#0"}
			}
		},
		{
			"name": "Step",
			"from": [-2, 0, 8],
			"to": [0, 2, 10],
			"rotation": {"angle": 0, "axis": "y", "origin": [20, 8, 4]},
			"faces": {
				"north": {"uv": [0, 0, 8, 8], "texture": "#0"},
				"east": {"uv": [0, 0, 16, 16], "texture": "#0"},
				"south": {"uv": [0, 0, 8, 8], "texture": "#0"},
				"west": {"uv": [0, 0, 16, 8], "texture": "#0"},
				"up": {"uv": [0, 0, 16, 16], "texture": "#0"},
				"down": {"uv": [8, 0, 16, 16], "texture": "#0"}
			}
		},
		{
			"name": "Step",
			"from": [0, 0, 16],
			"to": [2, 2, 18],
			"rotation": {"angle": 0, "axis": "y", "origin": [22, 8, 12]},
			"faces": {
				"north": {"uv": [0, 0, 8, 8], "texture": "#0"},
				"east": {"uv": [0, 0, 16, 16], "texture": "#0"},
				"south": {"uv": [0, 0, 8, 8], "texture": "#0"},
				"west": {"uv": [0, 0, 16, 8], "texture": "#0"},
				"up": {"uv": [0, 0, 16, 16], "texture": "#0"},
				"down": {"uv": [8, 0, 16, 16], "texture": "#0"}
			}
		},
		{
			"name": "Step",
			"from": [16, 0, 2],
			"to": [18, 2, 4],
			"rotation": {"angle": 0, "axis": "y", "origin": [38, 8, -2]},
			"faces": {
				"north": {"uv": [0, 0, 8, 8], "texture": "#0"},
				"east": {"uv": [0, 0, 16, 16], "texture": "#0"},
				"south": {"uv": [0, 0, 8, 8], "texture": "#0"},
				"west": {"uv": [0, 0, 16, 8], "texture": "#0"},
				"up": {"uv": [0, 0, 16, 16], "texture": "#0"},
				"down": {"uv": [8, 0, 16, 16], "texture": "#0"}
			}
		},
		{
			"name": "Step",
			"from": [16, 0, 8],
			"to": [18, 2, 10],
			"rotation": {"angle": 0, "axis": "y", "origin": [38, 8, 4]},
			"faces": {
				"north": {"uv": [0, 0, 8, 8], "texture": "#0"},
				"east": {"uv": [0, 0, 16, 16], "texture": "#0"},
				"south": {"uv": [0, 0, 8, 8], "texture": "#0"},
				"west": {"uv": [0, 0, 16, 8], "texture": "#0"},
				"up": {"uv": [0, 0, 16, 16], "texture": "#0"},
				"down": {"uv": [8, 0, 16, 16], "texture": "#0"}
			}
		},
		{
			"name": "Step",
			"from": [14, 0, 16],
			"to": [16, 2, 18],
			"rotation": {"angle": 0, "axis": "y", "origin": [36, 8, 12]},
			"faces": {
				"north": {"uv": [0, 0, 8, 8], "texture": "#0"},
				"east": {"uv": [0, 0, 16, 16], "texture": "#0"},
				"south": {"uv": [0, 0, 8, 8], "texture": "#0"},
				"west": {"uv": [0, 0, 16, 8], "texture": "#0"},
				"up": {"uv": [0, 0, 16, 16], "texture": "#0"},
				"down": {"uv": [8, 0, 16, 16], "texture": "#0"}
			}
		},
		{
			"name": "Step",
			"from": [14, 0, -8],
			"to": [16, 2, -4],
			"rotation": {"angle": 0, "axis": "y", "origin": [36, 8, -10]},
			"faces": {
				"north": {"uv": [0, 0, 8, 8], "texture": "#0"},
				"east": {"uv": [0, 0, 16, 16], "texture": "#0"},
				"south": {"uv": [0, 0, 8, 8], "texture": "#0"},
				"west": {"uv": [0, 0, 16, 8], "texture": "#0"},
				"up": {"uv": [0, 0, 16, 16], "texture": "#0"},
				"down": {"uv": [8, 0, 16, 16], "texture": "#0"}
			}
		},
		{
			"name": "Step",
			"from": [14, 0, 0],
			"to": [16, 2, 4],
			"rotation": {"angle": 0, "axis": "y", "origin": [36, 8, -2]},
			"faces": {
				"north": {"uv": [0, 0, 8, 8], "texture": "#0"},
				"east": {"uv": [0, 0, 16, 16], "texture": "#0"},
				"south": {"uv": [0, 0, 8, 8], "texture": "#0"},
				"west": {"uv": [0, 0, 16, 8], "texture": "#0"},
				"up": {"uv": [0, 0, 16, 16], "texture": "#0"},
				"down": {"uv": [8, 0, 16, 16], "texture": "#0"}
			}
		},
		{
			"name": "Step",
			"from": [14, 0, 8],
			"to": [16, 2, 12],
			"rotation": {"angle": 0, "axis": "y", "origin": [36, 8, 6]},
			"faces": {
				"north": {"uv": [0, 0, 8, 8], "texture": "#0"},
				"east": {"uv": [0, 0, 16, 16], "texture": "#0"},
				"south": {"uv": [0, 0, 8, 8], "texture": "#0"},
				"west": {"uv": [0, 0, 16, 8], "texture": "#0"},
				"up": {"uv": [0, 0, 16, 16], "texture": "#0"},
				"down": {"uv": [8, 0, 16, 16], "texture": "#0"}
			}
		},
		{
			"name": "Step",
			"from": [6, -6, -8],
			"to": [10, -4, -4],
			"rotation": {"angle": 0, "axis": "y", "origin": [30, 0, -10]},
			"faces": {
				"north": {"uv": [0, 0, 16, 16], "texture": "#5"},
				"east": {"uv": [0, 0, 16, 16], "texture": "#5"},
				"south": {"uv": [0, 0, 16, 16], "texture": "#5"},
				"west": {"uv": [0, 0, 16, 8], "texture": "#5"},
				"up": {"uv": [0, 0, 16, 16], "texture": "#5"},
				"down": {"uv": [0, 0, 16, 16], "texture": "#5"}
			}
		},
		{
			"name": "Step",
			"from": [6, -6, 0],
			"to": [10, -4, 4],
			"rotation": {"angle": 0, "axis": "y", "origin": [30, 0, -2]},
			"faces": {
				"north": {"uv": [0, 0, 16, 16], "texture": "#5"},
				"east": {"uv": [0, 0, 16, 16], "texture": "#5"},
				"south": {"uv": [0, 0, 16, 16], "texture": "#5"},
				"west": {"uv": [0, 0, 16, 8], "texture": "#5"},
				"up": {"uv": [0, 0, 16, 16], "texture": "#5"},
				"down": {"uv": [0, 0, 16, 16], "texture": "#5"}
			}
		},
		{
			"name": "Step",
			"from": [6, -6, 8],
			"to": [10, -4, 12],
			"rotation": {"angle": 0, "axis": "y", "origin": [30, 0, 6]},
			"faces": {
				"north": {"uv": [0, 0, 16, 16], "texture": "#5"},
				"east": {"uv": [0, 0, 16, 16], "texture": "#5"},
				"south": {"uv": [0, 0, 16, 16], "texture": "#5"},
				"west": {"uv": [0, 0, 16, 8], "texture": "#5"},
				"up": {"uv": [0, 0, 16, 16], "texture": "#5"},
				"down": {"uv": [0, 0, 16, 16], "texture": "#5"}
			}
		},
		{
			"name": "Step",
			"from": [6, -6, -16],
			"to": [10, -4, -12],
			"rotation": {"angle": 0, "axis": "y", "origin": [30, 0, -18]},
			"faces": {
				"north": {"uv": [0, 0, 16, 16], "texture": "#5"},
				"east": {"uv": [0, 0, 16, 16], "texture": "#5"},
				"south": {"uv": [0, 0, 16, 16], "texture": "#5"},
				"west": {"uv": [0, 0, 16, 8], "texture": "#5"},
				"up": {"uv": [0, 0, 16, 16], "texture": "#5"},
				"down": {"uv": [0, 0, 16, 16], "texture": "#5"}
			}
		},
		{
			"name": "Step",
			"from": [6, -6, -12],
			"to": [10, -4, -8],
			"rotation": {"angle": 0, "axis": "y", "origin": [30, 0, -14]},
			"faces": {
				"north": {"uv": [0, 0, 16, 16], "texture": "#5"},
				"east": {"uv": [0, 0, 16, 16], "texture": "#5"},
				"south": {"uv": [0, 0, 16, 16], "texture": "#5"},
				"west": {"uv": [0, 0, 16, 8], "texture": "#5"},
				"up": {"uv": [0, 0, 16, 16], "texture": "#5"},
				"down": {"uv": [0, 0, 16, 16], "texture": "#5"}
			}
		},
		{
			"name": "Step",
			"from": [6, -6, -4],
			"to": [10, -4, 0],
			"rotation": {"angle": 0, "axis": "y", "origin": [30, 0, -6]},
			"faces": {
				"north": {"uv": [0, 0, 16, 16], "texture": "#5"},
				"east": {"uv": [0, 0, 16, 16], "texture": "#5"},
				"south": {"uv": [0, 0, 16, 16], "texture": "#5"},
				"west": {"uv": [0, 0, 16, 8], "texture": "#5"},
				"up": {"uv": [0, 0, 16, 16], "texture": "#5"},
				"down": {"uv": [0, 0, 16, 16], "texture": "#5"}
			}
		},
		{
			"name": "Step",
			"from": [6, -6, 4],
			"to": [10, -4, 8],
			"rotation": {"angle": 0, "axis": "y", "origin": [30, 0, 2]},
			"faces": {
				"north": {"uv": [0, 0, 16, 16], "texture": "#5"},
				"east": {"uv": [0, 0, 16, 16], "texture": "#5"},
				"south": {"uv": [0, 0, 16, 16], "texture": "#5"},
				"west": {"uv": [0, 0, 16, 8], "texture": "#5"},
				"up": {"uv": [0, 0, 16, 16], "texture": "#5"},
				"down": {"uv": [0, 0, 16, 16], "texture": "#5"}
			}
		},
		{
			"name": "Step",
			"from": [2, 10, -8],
			"to": [6, 12, -4],
			"rotation": {"angle": 0, "axis": "y", "origin": [26, 16, -10]},
			"faces": {
				"north": {"uv": [0, 0, 16, 16], "texture": "#0"},
				"east": {"uv": [0, 0, 16, 16], "texture": "#0"},
				"south": {"uv": [0, 0, 16, 16], "texture": "#0"},
				"west": {"uv": [0, 0, 16, 8], "texture": "#0"},
				"up": {"uv": [0, 0, 16, 16], "texture": "#0"},
				"down": {"uv": [0, 0, 16, 16], "texture": "#0"}
			}
		},
		{
			"name": "Step",
			"from": [2, 8, 0],
			"to": [6, 12, 4],
			"rotation": {"angle": 0, "axis": "y", "origin": [26, 16, -2]},
			"faces": {
				"north": {"uv": [0, 0, 16, 16], "texture": "#0"},
				"east": {"uv": [0, 0, 16, 16], "texture": "#0"},
				"south": {"uv": [0, 0, 16, 16], "texture": "#0"},
				"west": {"uv": [0, 0, 16, 8], "texture": "#0"},
				"up": {"uv": [0, 0, 16, 16], "texture": "#0"},
				"down": {"uv": [0, 0, 16, 16], "texture": "#0"}
			}
		},
		{
			"name": "Step",
			"from": [10, 10, -8],
			"to": [14, 12, -4],
			"rotation": {"angle": 0, "axis": "y", "origin": [34, 16, -10]},
			"faces": {
				"north": {"uv": [0, 0, 16, 16], "texture": "#0"},
				"east": {"uv": [0, 0, 16, 16], "texture": "#0"},
				"south": {"uv": [0, 0, 16, 16], "texture": "#0"},
				"west": {"uv": [0, 0, 16, 8], "texture": "#0"},
				"up": {"uv": [0, 0, 16, 16], "texture": "#0"},
				"down": {"uv": [0, 0, 16, 16], "texture": "#0"}
			}
		},
		{
			"name": "Step",
			"from": [10, 8, 0],
			"to": [14, 12, 4],
			"rotation": {"angle": 0, "axis": "y", "origin": [34, 16, -2]},
			"faces": {
				"north": {"uv": [0, 0, 16, 16], "texture": "#0"},
				"east": {"uv": [0, 0, 16, 16], "texture": "#0"},
				"south": {"uv": [0, 0, 16, 16], "texture": "#0"},
				"west": {"uv": [0, 0, 16, 8], "texture": "#0"},
				"up": {"uv": [0, 0, 16, 16], "texture": "#0"},
				"down": {"uv": [0, 0, 16, 16], "texture": "#0"}
			}
		},
		{
			"name": "Step",
			"from": [6, 12, -8],
			"to": [10, 14, -4],
			"rotation": {"angle": 0, "axis": "y", "origin": [30, 18, -10]},
			"faces": {
				"north": {"uv": [0, 0, 16, 16], "texture": "#0"},
				"east": {"uv": [0, 0, 16, 16], "texture": "#0"},
				"south": {"uv": [0, 0, 16, 16], "texture": "#0"},
				"west": {"uv": [0, 0, 16, 8], "texture": "#0"},
				"up": {"uv": [0, 0, 16, 16], "texture": "#0"},
				"down": {"uv": [0, 0, 16, 16], "texture": "#0"}
			}
		},
		{
			"name": "Step",
			"from": [6, 12, 0],
			"to": [10, 14, 4],
			"rotation": {"angle": 0, "axis": "y", "origin": [30, 18, -2]},
			"faces": {
				"north": {"uv": [0, 0, 16, 16], "texture": "#0"},
				"east": {"uv": [0, 0, 16, 16], "texture": "#0"},
				"south": {"uv": [0, 0, 16, 16], "texture": "#0"},
				"west": {"uv": [0, 0, 16, 8], "texture": "#0"},
				"up": {"uv": [0, 0, 16, 16], "texture": "#0"},
				"down": {"uv": [0, 0, 16, 16], "texture": "#0"}
			}
		},
		{
			"name": "Step",
			"from": [6, 10, 0],
			"to": [10, 12, 4],
			"rotation": {"angle": 0, "axis": "y", "origin": [30, 16, -2]},
			"faces": {
				"north": {"uv": [0, 0, 16, 16], "texture": "#0"},
				"east": {"uv": [0, 0, 16, 16], "texture": "#0"},
				"south": {"uv": [0, 0, 16, 16], "texture": "#0"},
				"west": {"uv": [0, 0, 16, 8], "texture": "#0"},
				"up": {"uv": [0, 0, 16, 16], "texture": "#0"},
				"down": {"uv": [0, 0, 16, 16], "texture": "#0"}
			}
		},
		{
			"name": "Step",
			"from": [2, 10, -16],
			"to": [6, 12, -12],
			"rotation": {"angle": 0, "axis": "y", "origin": [26, 16, -18]},
			"faces": {
				"north": {"uv": [0, 0, 16, 16], "texture": "#0"},
				"east": {"uv": [0, 0, 16, 16], "texture": "#0"},
				"south": {"uv": [0, 0, 16, 16], "texture": "#0"},
				"west": {"uv": [0, 0, 16, 8], "texture": "#0"},
				"up": {"uv": [0, 0, 16, 16], "texture": "#0"},
				"down": {"uv": [0, 0, 16, 16], "texture": "#0"}
			}
		},
		{
			"name": "Step",
			"from": [10, 10, -16],
			"to": [14, 12, -12],
			"rotation": {"angle": 0, "axis": "y", "origin": [34, 16, -18]},
			"faces": {
				"north": {"uv": [0, 0, 16, 16], "texture": "#0"},
				"east": {"uv": [0, 0, 16, 16], "texture": "#0"},
				"south": {"uv": [0, 0, 16, 16], "texture": "#0"},
				"west": {"uv": [0, 0, 16, 8], "texture": "#0"},
				"up": {"uv": [0, 0, 16, 16], "texture": "#0"},
				"down": {"uv": [0, 0, 16, 16], "texture": "#0"}
			}
		},
		{
			"name": "Step",
			"from": [6, 12, -16],
			"to": [10, 14, -12],
			"rotation": {"angle": 0, "axis": "y", "origin": [30, 18, -18]},
			"faces": {
				"north": {"uv": [0, 0, 16, 16], "texture": "#0"},
				"east": {"uv": [0, 0, 16, 16], "texture": "#0"},
				"south": {"uv": [0, 0, 16, 16], "texture": "#0"},
				"west": {"uv": [0, 0, 16, 8], "texture": "#0"},
				"up": {"uv": [0, 0, 16, 16], "texture": "#0"},
				"down": {"uv": [0, 0, 16, 16], "texture": "#0"}
			}
		},
		{
			"name": "Step",
			"from": [2, 10, -12],
			"to": [6, 12, -8],
			"rotation": {"angle": 0, "axis": "y", "origin": [26, 16, -14]},
			"faces": {
				"north": {"uv": [0, 0, 16, 16], "texture": "#2"},
				"east": {"uv": [0, 0, 16, 16], "texture": "#2"},
				"south": {"uv": [0, 0, 16, 16], "texture": "#2"},
				"west": {"uv": [0, 0, 16, 8], "texture": "#2"},
				"up": {"uv": [0, 0, 16, 16], "texture": "#2"},
				"down": {"uv": [0, 0, 16, 16], "texture": "#2"}
			}
		},
		{
			"name": "Step",
			"from": [10, 10, -12],
			"to": [14, 12, -8],
			"rotation": {"angle": 0, "axis": "y", "origin": [34, 16, -14]},
			"faces": {
				"north": {"uv": [0, 0, 16, 16], "texture": "#2"},
				"east": {"uv": [0, 0, 16, 16], "texture": "#2"},
				"south": {"uv": [0, 0, 16, 16], "texture": "#2"},
				"west": {"uv": [0, 0, 16, 8], "texture": "#2"},
				"up": {"uv": [0, 0, 16, 16], "texture": "#2"},
				"down": {"uv": [0, 0, 16, 16], "texture": "#2"}
			}
		},
		{
			"name": "Step",
			"from": [10, 10, -4],
			"to": [14, 12, 0],
			"rotation": {"angle": 0, "axis": "y", "origin": [34, 16, -6]},
			"faces": {
				"north": {"uv": [0, 0, 16, 16], "texture": "#2"},
				"east": {"uv": [0, 0, 16, 16], "texture": "#2"},
				"south": {"uv": [0, 0, 16, 16], "texture": "#2"},
				"west": {"uv": [0, 0, 16, 8], "texture": "#2"},
				"up": {"uv": [0, 0, 16, 16], "texture": "#2"},
				"down": {"uv": [0, 0, 16, 16], "texture": "#2"}
			}
		},
		{
			"name": "Step",
			"from": [2, 10, -4],
			"to": [6, 12, 0],
			"rotation": {"angle": 0, "axis": "y", "origin": [26, 16, -6]},
			"faces": {
				"north": {"uv": [0, 0, 16, 16], "texture": "#2"},
				"east": {"uv": [0, 0, 16, 16], "texture": "#2"},
				"south": {"uv": [0, 0, 16, 16], "texture": "#2"},
				"west": {"uv": [0, 0, 16, 8], "texture": "#2"},
				"up": {"uv": [0, 0, 16, 16], "texture": "#2"},
				"down": {"uv": [0, 0, 16, 16], "texture": "#2"}
			}
		},
		{
			"name": "Step",
			"from": [6, 12, -12],
			"to": [10, 14, -8],
			"rotation": {"angle": 0, "axis": "y", "origin": [30, 18, -14]},
			"faces": {
				"north": {"uv": [0, 0, 16, 16], "texture": "#0"},
				"east": {"uv": [0, 0, 16, 16], "texture": "#0"},
				"south": {"uv": [0, 0, 16, 16], "texture": "#0"},
				"west": {"uv": [0, 0, 16, 8], "texture": "#0"},
				"up": {"uv": [0, 0, 16, 16], "texture": "#0"},
				"down": {"uv": [0, 0, 16, 16], "texture": "#0"}
			}
		},
		{
			"name": "Step",
			"from": [6, 12, -4],
			"to": [10, 14, 0],
			"rotation": {"angle": 0, "axis": "y", "origin": [30, 18, -6]},
			"faces": {
				"north": {"uv": [0, 0, 16, 16], "texture": "#0"},
				"east": {"uv": [0, 0, 16, 16], "texture": "#0"},
				"south": {"uv": [0, 0, 16, 16], "texture": "#0"},
				"west": {"uv": [0, 0, 16, 8], "texture": "#0"},
				"up": {"uv": [0, 0, 16, 16], "texture": "#0"},
				"down": {"uv": [0, 0, 16, 16], "texture": "#0"}
			}
		},
		{
			"name": "Step",
			"from": [-2, 8, -8],
			"to": [2, 10, -4],
			"rotation": {"angle": 0, "axis": "y", "origin": [22, 14, -10]},
			"faces": {
				"north": {"uv": [0, 0, 16, 16], "texture": "#0"},
				"east": {"uv": [0, 0, 16, 16], "texture": "#0"},
				"south": {"uv": [0, 0, 16, 16], "texture": "#0"},
				"west": {"uv": [0, 0, 16, 8], "texture": "#0"},
				"up": {"uv": [0, 0, 16, 16], "texture": "#0"},
				"down": {"uv": [0, 0, 16, 16], "texture": "#0"}
			}
		},
		{
			"name": "Step",
			"from": [-2, 8, 0],
			"to": [2, 10, 4],
			"rotation": {"angle": 0, "axis": "y", "origin": [22, 14, -2]},
			"faces": {
				"north": {"uv": [0, 0, 16, 16], "texture": "#0"},
				"east": {"uv": [0, 0, 16, 16], "texture": "#0"},
				"south": {"uv": [0, 0, 16, 16], "texture": "#0"},
				"west": {"uv": [0, 0, 16, 8], "texture": "#0"},
				"up": {"uv": [0, 0, 16, 16], "texture": "#0"},
				"down": {"uv": [0, 0, 16, 16], "texture": "#0"}
			}
		},
		{
			"name": "Step",
			"from": [14, 8, -8],
			"to": [18, 10, -4],
			"rotation": {"angle": 0, "axis": "y", "origin": [38, 14, -10]},
			"faces": {
				"north": {"uv": [0, 0, 16, 16], "texture": "#0"},
				"east": {"uv": [0, 0, 16, 16], "texture": "#0"},
				"south": {"uv": [0, 0, 16, 16], "texture": "#0"},
				"west": {"uv": [0, 0, 16, 8], "texture": "#0"},
				"up": {"uv": [0, 0, 16, 16], "texture": "#0"},
				"down": {"uv": [0, 0, 16, 16], "texture": "#0"}
			}
		},
		{
			"name": "Step",
			"from": [14, 8, 0],
			"to": [18, 10, 4],
			"rotation": {"angle": 0, "axis": "y", "origin": [38, 14, -2]},
			"faces": {
				"north": {"uv": [0, 0, 16, 16], "texture": "#0"},
				"east": {"uv": [0, 0, 16, 16], "texture": "#0"},
				"south": {"uv": [0, 0, 16, 16], "texture": "#0"},
				"west": {"uv": [0, 0, 16, 8], "texture": "#0"},
				"up": {"uv": [0, 0, 16, 16], "texture": "#0"},
				"down": {"uv": [0, 0, 16, 16], "texture": "#0"}
			}
		},
		{
			"name": "Step",
			"from": [-2, 8, -12],
			"to": [2, 10, -8],
			"rotation": {"angle": 0, "axis": "y", "origin": [22, 14, -14]},
			"faces": {
				"north": {"uv": [0, 0, 16, 16], "texture": "#2"},
				"east": {"uv": [0, 0, 16, 16], "texture": "#2"},
				"south": {"uv": [0, 0, 16, 16], "texture": "#2"},
				"west": {"uv": [0, 0, 16, 8], "texture": "#2"},
				"up": {"uv": [0, 0, 16, 16], "texture": "#2"},
				"down": {"uv": [0, 0, 16, 16], "texture": "#2"}
			}
		},
		{
			"name": "Step",
			"from": [-2, 8, -4],
			"to": [2, 10, 0],
			"rotation": {"angle": 0, "axis": "y", "origin": [22, 14, -6]},
			"faces": {
				"north": {"uv": [0, 0, 16, 16], "texture": "#2"},
				"east": {"uv": [0, 0, 16, 16], "texture": "#2"},
				"south": {"uv": [0, 0, 16, 16], "texture": "#2"},
				"west": {"uv": [0, 0, 16, 8], "texture": "#2"},
				"up": {"uv": [0, 0, 16, 16], "texture": "#2"},
				"down": {"uv": [0, 0, 16, 16], "texture": "#2"}
			}
		},
		{
			"name": "Step",
			"from": [14, 8, -12],
			"to": [18, 10, -8],
			"rotation": {"angle": 0, "axis": "y", "origin": [38, 14, -14]},
			"faces": {
				"north": {"uv": [0, 0, 16, 16], "texture": "#2"},
				"east": {"uv": [0, 0, 16, 16], "texture": "#2"},
				"south": {"uv": [0, 0, 16, 16], "texture": "#2"},
				"west": {"uv": [0, 0, 16, 8], "texture": "#2"},
				"up": {"uv": [0, 0, 16, 16], "texture": "#2"},
				"down": {"uv": [0, 0, 16, 16], "texture": "#2"}
			}
		},
		{
			"name": "Step",
			"from": [14, 8, -4],
			"to": [18, 10, 0],
			"rotation": {"angle": 0, "axis": "y", "origin": [38, 14, -6]},
			"faces": {
				"north": {"uv": [0, 0, 16, 16], "texture": "#2"},
				"east": {"uv": [0, 0, 16, 16], "texture": "#2"},
				"south": {"uv": [0, 0, 16, 16], "texture": "#2"},
				"west": {"uv": [0, 0, 16, 8], "texture": "#2"},
				"up": {"uv": [0, 0, 16, 16], "texture": "#2"},
				"down": {"uv": [0, 0, 16, 16], "texture": "#2"}
			}
		},
		{
			"name": "Step",
			"from": [-2, 8, -16],
			"to": [2, 10, -12],
			"rotation": {"angle": 0, "axis": "y", "origin": [22, 14, -18]},
			"faces": {
				"north": {"uv": [0, 0, 16, 16], "texture": "#0"},
				"east": {"uv": [0, 0, 16, 16], "texture": "#0"},
				"south": {"uv": [0, 0, 16, 16], "texture": "#0"},
				"west": {"uv": [0, 0, 16, 8], "texture": "#0"},
				"up": {"uv": [0, 0, 16, 16], "texture": "#0"},
				"down": {"uv": [0, 0, 16, 16], "texture": "#0"}
			}
		},
		{
			"name": "Step",
			"from": [14, 8, -16],
			"to": [18, 10, -12],
			"rotation": {"angle": 0, "axis": "y", "origin": [38, 14, -18]},
			"faces": {
				"north": {"uv": [0, 0, 16, 16], "texture": "#0"},
				"east": {"uv": [0, 0, 16, 16], "texture": "#0"},
				"south": {"uv": [0, 0, 16, 16], "texture": "#0"},
				"west": {"uv": [0, 0, 16, 8], "texture": "#0"},
				"up": {"uv": [0, 0, 16, 16], "texture": "#0"},
				"down": {"uv": [0, 0, 16, 16], "texture": "#0"}
			}
		},
		{
			"name": "Step",
			"from": [-2, 2, -16],
			"to": [2, 4, -12],
			"rotation": {"angle": 0, "axis": "y", "origin": [22, 8, -18]},
			"faces": {
				"north": {"uv": [0, 0, 16, 16], "texture": "#0"},
				"east": {"uv": [0, 0, 16, 16], "texture": "#0"},
				"south": {"uv": [0, 0, 16, 16], "texture": "#0"},
				"west": {"uv": [0, 0, 16, 8], "texture": "#0"},
				"up": {"uv": [0, 0, 16, 16], "texture": "#0"},
				"down": {"uv": [0, 0, 16, 16], "texture": "#0"}
			}
		},
		{
			"name": "Step",
			"from": [14, 2, -16],
			"to": [18, 4, -12],
			"rotation": {"angle": 0, "axis": "y", "origin": [38, 8, -18]},
			"faces": {
				"north": {"uv": [0, 0, 16, 16], "texture": "#0"},
				"east": {"uv": [0, 0, 16, 16], "texture": "#0"},
				"south": {"uv": [0, 0, 16, 16], "texture": "#0"},
				"west": {"uv": [0, 0, 16, 8], "texture": "#0"},
				"up": {"uv": [0, 0, 16, 16], "texture": "#0"},
				"down": {"uv": [0, 0, 16, 16], "texture": "#0"}
			}
		},
		{
			"name": "Step",
			"from": [-2, 2, -12],
			"to": [2, 4, -8],
			"rotation": {"angle": 0, "axis": "y", "origin": [22, 8, -14]},
			"faces": {
				"north": {"uv": [0, 0, 16, 16], "texture": "#0"},
				"east": {"uv": [0, 0, 16, 16], "texture": "#0"},
				"south": {"uv": [0, 0, 16, 16], "texture": "#0"},
				"west": {"uv": [0, 0, 16, 8], "texture": "#0"},
				"up": {"uv": [0, 0, 16, 16], "texture": "#0"},
				"down": {"uv": [0, 0, 16, 16], "texture": "#0"}
			}
		},
		{
			"name": "Step",
			"from": [-2, 2, -4],
			"to": [2, 4, 0],
			"rotation": {"angle": 0, "axis": "y", "origin": [22, 8, -6]},
			"faces": {
				"north": {"uv": [0, 0, 16, 16], "texture": "#0"},
				"east": {"uv": [0, 0, 16, 16], "texture": "#0"},
				"south": {"uv": [0, 0, 16, 16], "texture": "#0"},
				"west": {"uv": [0, 0, 16, 8], "texture": "#0"},
				"up": {"uv": [0, 0, 16, 16], "texture": "#0"},
				"down": {"uv": [0, 0, 16, 16], "texture": "#0"}
			}
		},
		{
			"name": "Step",
			"from": [-2, 2, 12],
			"to": [2, 4, 16],
			"rotation": {"angle": 0, "axis": "y", "origin": [22, 8, 10]},
			"faces": {
				"north": {"uv": [0, 0, 16, 16], "texture": "#0"},
				"east": {"uv": [0, 0, 16, 16], "texture": "#0"},
				"south": {"uv": [0, 0, 16, 16], "texture": "#0"},
				"west": {"uv": [0, 0, 16, 8], "texture": "#0"},
				"up": {"uv": [0, 0, 16, 16], "texture": "#0"},
				"down": {"uv": [0, 0, 16, 16], "texture": "#0"}
			}
		},
		{
			"name": "Step",
			"from": [-2, 9.5, 12],
			"to": [2, 10, 16],
			"rotation": {"angle": 0, "axis": "y", "origin": [22, 15.5, 10]},
			"faces": {
				"north": {"uv": [0, 0, 16, 16], "texture": "#11"},
				"east": {"uv": [0, 0, 16, 16], "texture": "#11"},
				"south": {"uv": [0, 0, 16, 16], "texture": "#11"},
				"west": {"uv": [0, 0, 16, 8], "texture": "#11"},
				"up": {"uv": [0, 0, 16, 16], "texture": "#11"},
				"down": {"uv": [0, 0, 16, 16], "texture": "#11"}
			}
		},
		{
			"name": "Step",
			"from": [-2, 9.5, 8],
			"to": [2, 10, 12],
			"rotation": {"angle": 0, "axis": "y", "origin": [22, 15.5, 6]},
			"faces": {
				"north": {"uv": [0, 0, 16, 16], "texture": "#2"},
				"east": {"uv": [0, 0, 16, 16], "texture": "#2"},
				"south": {"uv": [0, 0, 16, 16], "texture": "#2"},
				"west": {"uv": [0, 0, 16, 8], "texture": "#2"},
				"up": {"uv": [0, 0, 16, 16], "texture": "#2"},
				"down": {"uv": [0, 0, 16, 16], "texture": "#2"}
			}
		},
		{
			"name": "Step",
			"from": [-2, 9.5, 4],
			"to": [2, 10, 8],
			"rotation": {"angle": 0, "axis": "y", "origin": [22, 15.5, 2]},
			"faces": {
				"north": {"uv": [0, 0, 16, 16], "texture": "#11"},
				"east": {"uv": [0, 0, 16, 16], "texture": "#11"},
				"south": {"uv": [0, 0, 16, 16], "texture": "#11"},
				"west": {"uv": [0, 0, 16, 8], "texture": "#11"},
				"up": {"uv": [0, 0, 16, 16], "texture": "#11"},
				"down": {"uv": [0, 0, 16, 16], "texture": "#11"}
			}
		},
		{
			"name": "Step",
			"from": [2, 9.5, 12],
			"to": [6, 10, 16],
			"rotation": {"angle": 0, "axis": "y", "origin": [26, 15.5, 10]},
			"faces": {
				"north": {"uv": [0, 0, 16, 16], "texture": "#11"},
				"east": {"uv": [0, 0, 16, 16], "texture": "#11"},
				"south": {"uv": [0, 0, 16, 16], "texture": "#11"},
				"west": {"uv": [0, 0, 16, 8], "texture": "#11"},
				"up": {"uv": [0, 0, 16, 16], "texture": "#11"},
				"down": {"uv": [0, 0, 16, 16], "texture": "#11"}
			}
		},
		{
			"name": "Step",
			"from": [2, 9.5, 8],
			"to": [6, 10, 12],
			"rotation": {"angle": 0, "axis": "y", "origin": [26, 15.5, 6]},
			"faces": {
				"north": {"uv": [0, 0, 16, 16], "texture": "#2"},
				"east": {"uv": [0, 0, 16, 16], "texture": "#2"},
				"south": {"uv": [0, 0, 16, 16], "texture": "#2"},
				"west": {"uv": [0, 0, 16, 8], "texture": "#2"},
				"up": {"uv": [0, 0, 16, 16], "texture": "#2"},
				"down": {"uv": [0, 0, 16, 16], "texture": "#2"}
			}
		},
		{
			"name": "Step",
			"from": [2, 9.5, 4],
			"to": [6, 10, 8],
			"rotation": {"angle": 0, "axis": "y", "origin": [26, 15.5, 2]},
			"faces": {
				"north": {"uv": [0, 0, 16, 16], "texture": "#11"},
				"east": {"uv": [0, 0, 16, 16], "texture": "#11"},
				"south": {"uv": [0, 0, 16, 16], "texture": "#11"},
				"west": {"uv": [0, 0, 16, 8], "texture": "#11"},
				"up": {"uv": [0, 0, 16, 16], "texture": "#11"},
				"down": {"uv": [0, 0, 16, 16], "texture": "#11"}
			}
		},
		{
			"name": "Step",
			"from": [6, 9.5, 12],
			"to": [10, 10, 16],
			"rotation": {"angle": 0, "axis": "y", "origin": [30, 15.5, 10]},
			"faces": {
				"north": {"uv": [0, 0, 16, 16], "texture": "#11"},
				"east": {"uv": [0, 0, 16, 16], "texture": "#11"},
				"south": {"uv": [0, 0, 16, 16], "texture": "#11"},
				"west": {"uv": [0, 0, 16, 8], "texture": "#11"},
				"up": {"uv": [0, 0, 16, 16], "texture": "#11"},
				"down": {"uv": [0, 0, 16, 16], "texture": "#11"}
			}
		},
		{
			"name": "Step",
			"from": [6, 9.5, 8],
			"to": [10, 10, 12],
			"rotation": {"angle": 0, "axis": "y", "origin": [30, 15.5, 6]},
			"faces": {
				"north": {"uv": [0, 0, 16, 16], "texture": "#2"},
				"east": {"uv": [0, 0, 16, 16], "texture": "#2"},
				"south": {"uv": [0, 0, 16, 16], "texture": "#2"},
				"west": {"uv": [0, 0, 16, 8], "texture": "#2"},
				"up": {"uv": [0, 0, 16, 16], "texture": "#2"},
				"down": {"uv": [0, 0, 16, 16], "texture": "#2"}
			}
		},
		{
			"name": "Step",
			"from": [6, 9.5, 4],
			"to": [10, 10, 8],
			"rotation": {"angle": 0, "axis": "y", "origin": [30, 15.5, 2]},
			"faces": {
				"north": {"uv": [0, 0, 16, 16], "texture": "#11"},
				"east": {"uv": [0, 0, 16, 16], "texture": "#11"},
				"south": {"uv": [0, 0, 16, 16], "texture": "#11"},
				"west": {"uv": [0, 0, 16, 8], "texture": "#11"},
				"up": {"uv": [0, 0, 16, 16], "texture": "#11"},
				"down": {"uv": [0, 0, 16, 16], "texture": "#11"}
			}
		},
		{
			"name": "Step",
			"from": [10, 9.5, 12],
			"to": [14, 10, 16],
			"rotation": {"angle": 0, "axis": "y", "origin": [34, 15.5, 10]},
			"faces": {
				"north": {"uv": [0, 0, 16, 16], "texture": "#11"},
				"east": {"uv": [0, 0, 16, 16], "texture": "#11"},
				"south": {"uv": [0, 0, 16, 16], "texture": "#11"},
				"west": {"uv": [0, 0, 16, 8], "texture": "#11"},
				"up": {"uv": [0, 0, 16, 16], "texture": "#11"},
				"down": {"uv": [0, 0, 16, 16], "texture": "#11"}
			}
		},
		{
			"name": "Step",
			"from": [10, 9.5, 8],
			"to": [14, 10, 12],
			"rotation": {"angle": 0, "axis": "y", "origin": [34, 15.5, 6]},
			"faces": {
				"north": {"uv": [0, 0, 16, 16], "texture": "#2"},
				"east": {"uv": [0, 0, 16, 16], "texture": "#2"},
				"south": {"uv": [0, 0, 16, 16], "texture": "#2"},
				"west": {"uv": [0, 0, 16, 8], "texture": "#2"},
				"up": {"uv": [0, 0, 16, 16], "texture": "#2"},
				"down": {"uv": [0, 0, 16, 16], "texture": "#2"}
			}
		},
		{
			"name": "Step",
			"from": [10, 9.5, 4],
			"to": [14, 10, 8],
			"rotation": {"angle": 0, "axis": "y", "origin": [34, 15.5, 2]},
			"faces": {
				"north": {"uv": [0, 0, 16, 16], "texture": "#11"},
				"east": {"uv": [0, 0, 16, 16], "texture": "#11"},
				"south": {"uv": [0, 0, 16, 16], "texture": "#11"},
				"west": {"uv": [0, 0, 16, 8], "texture": "#11"},
				"up": {"uv": [0, 0, 16, 16], "texture": "#11"},
				"down": {"uv": [0, 0, 16, 16], "texture": "#11"}
			}
		},
		{
			"name": "Step",
			"from": [14, 9.5, 12],
			"to": [18, 10, 16],
			"rotation": {"angle": 0, "axis": "y", "origin": [38, 15.5, 10]},
			"faces": {
				"north": {"uv": [0, 0, 16, 16], "texture": "#11"},
				"east": {"uv": [0, 0, 16, 16], "texture": "#11"},
				"south": {"uv": [0, 0, 16, 16], "texture": "#11"},
				"west": {"uv": [0, 0, 16, 8], "texture": "#11"},
				"up": {"uv": [0, 0, 16, 16], "texture": "#11"},
				"down": {"uv": [0, 0, 16, 16], "texture": "#11"}
			}
		},
		{
			"name": "Step",
			"from": [14, 9.5, 8],
			"to": [18, 10, 12],
			"rotation": {"angle": 0, "axis": "y", "origin": [38, 15.5, 6]},
			"faces": {
				"north": {"uv": [0, 0, 16, 16], "texture": "#2"},
				"east": {"uv": [0, 0, 16, 16], "texture": "#2"},
				"south": {"uv": [0, 0, 16, 16], "texture": "#2"},
				"west": {"uv": [0, 0, 16, 8], "texture": "#2"},
				"up": {"uv": [0, 0, 16, 16], "texture": "#2"},
				"down": {"uv": [0, 0, 16, 16], "texture": "#2"}
			}
		},
		{
			"name": "Step",
			"from": [14, 9.5, 4],
			"to": [18, 10, 8],
			"rotation": {"angle": 0, "axis": "y", "origin": [38, 15.5, 2]},
			"faces": {
				"north": {"uv": [0, 0, 16, 16], "texture": "#11"},
				"east": {"uv": [0, 0, 16, 16], "texture": "#11"},
				"south": {"uv": [0, 0, 16, 16], "texture": "#11"},
				"west": {"uv": [0, 0, 16, 8], "texture": "#11"},
				"up": {"uv": [0, 0, 16, 16], "texture": "#11"},
				"down": {"uv": [0, 0, 16, 16], "texture": "#11"}
			}
		},
		{
			"name": "Step",
			"from": [-0.5, 4, 13.5],
			"to": [0.5, 9.5, 14.5],
			"rotation": {"angle": 0, "axis": "y", "origin": [23.5, 10, 11.5]},
			"faces": {
				"north": {"uv": [0, 0, 16, 16], "texture": "#10"},
				"east": {"uv": [0, 0, 16, 16], "texture": "#10"},
				"south": {"uv": [0, 0, 16, 16], "texture": "#10"},
				"west": {"uv": [0, 0, 16, 8], "texture": "#10"},
				"up": {"uv": [0, 0, 16, 16], "texture": "#10"},
				"down": {"uv": [0, 0, 16, 16], "texture": "#10"}
			}
		},
		{
			"name": "Step",
			"from": [15.5, 4, 13.5],
			"to": [16.5, 9.5, 14.5],
			"rotation": {"angle": 0, "axis": "y", "origin": [39.5, 10, 11.5]},
			"faces": {
				"north": {"uv": [0, 0, 16, 16], "texture": "#10"},
				"east": {"uv": [0, 0, 16, 16], "texture": "#10"},
				"south": {"uv": [0, 0, 16, 16], "texture": "#10"},
				"west": {"uv": [0, 0, 16, 8], "texture": "#10"},
				"up": {"uv": [0, 0, 16, 16], "texture": "#10"},
				"down": {"uv": [0, 0, 16, 16], "texture": "#10"}
			}
		},
		{
			"name": "Step",
			"from": [2, 2, 16],
			"to": [6, 4, 20],
			"rotation": {"angle": 0, "axis": "y", "origin": [26, 8, 14]},
			"faces": {
				"north": {"uv": [0, 0, 16, 16], "texture": "#0"},
				"east": {"uv": [0, 0, 16, 16], "texture": "#0"},
				"south": {"uv": [0, 0, 16, 16], "texture": "#0"},
				"west": {"uv": [0, 0, 16, 8], "texture": "#0"},
				"up": {"uv": [0, 0, 16, 16], "texture": "#0"},
				"down": {"uv": [0, 0, 16, 16], "texture": "#0"}
			}
		},
		{
			"name": "Step",
			"from": [10, 2, 16],
			"to": [14, 4, 20],
			"rotation": {"angle": 0, "axis": "y", "origin": [34, 8, 14]},
			"faces": {
				"north": {"uv": [0, 0, 16, 16], "texture": "#0"},
				"east": {"uv": [0, 0, 16, 16], "texture": "#0"},
				"south": {"uv": [0, 0, 16, 16], "texture": "#0"},
				"west": {"uv": [0, 0, 16, 8], "texture": "#0"},
				"up": {"uv": [0, 0, 16, 16], "texture": "#0"},
				"down": {"uv": [0, 0, 16, 16], "texture": "#0"}
			}
		},
		{
			"name": "Step",
			"from": [-2, -2, 4],
			"to": [2, 0, 8],
			"rotation": {"angle": 0, "axis": "y", "origin": [22, 4, 2]},
			"faces": {
				"north": {"uv": [0, 0, 16, 16], "texture": "#5"},
				"east": {"uv": [0, 0, 16, 16], "texture": "#5"},
				"south": {"uv": [0, 0, 16, 16], "texture": "#5"},
				"west": {"uv": [0, 0, 16, 8], "texture": "#5"},
				"up": {"uv": [0, 0, 16, 16], "texture": "#5"},
				"down": {"uv": [0, 0, 16, 16], "texture": "#5"}
			}
		},
		{
			"name": "Step",
			"from": [14, 2, -12],
			"to": [18, 4, -8],
			"rotation": {"angle": 0, "axis": "y", "origin": [38, 8, -14]},
			"faces": {
				"north": {"uv": [0, 0, 16, 16], "texture": "#0"},
				"east": {"uv": [0, 0, 16, 16], "texture": "#0"},
				"south": {"uv": [0, 0, 16, 16], "texture": "#0"},
				"west": {"uv": [0, 0, 16, 8], "texture": "#0"},
				"up": {"uv": [0, 0, 16, 16], "texture": "#0"},
				"down": {"uv": [0, 0, 16, 16], "texture": "#0"}
			}
		},
		{
			"name": "Step",
			"from": [14, 2, -4],
			"to": [18, 4, 0],
			"rotation": {"angle": 0, "axis": "y", "origin": [38, 8, -6]},
			"faces": {
				"north": {"uv": [0, 0, 16, 16], "texture": "#0"},
				"east": {"uv": [0, 0, 16, 16], "texture": "#0"},
				"south": {"uv": [0, 0, 16, 16], "texture": "#0"},
				"west": {"uv": [0, 0, 16, 8], "texture": "#0"},
				"up": {"uv": [0, 0, 16, 16], "texture": "#0"},
				"down": {"uv": [0, 0, 16, 16], "texture": "#0"}
			}
		},
		{
			"name": "Step",
			"from": [14, 2, 12],
			"to": [18, 4, 16],
			"rotation": {"angle": 0, "axis": "y", "origin": [38, 8, 10]},
			"faces": {
				"north": {"uv": [0, 0, 16, 16], "texture": "#0"},
				"east": {"uv": [0, 0, 16, 16], "texture": "#0"},
				"south": {"uv": [0, 0, 16, 16], "texture": "#0"},
				"west": {"uv": [0, 0, 16, 8], "texture": "#0"},
				"up": {"uv": [0, 0, 16, 16], "texture": "#0"},
				"down": {"uv": [0, 0, 16, 16], "texture": "#0"}
			}
		},
		{
			"name": "Step",
			"from": [14, -2, 4],
			"to": [18, 0, 8],
			"rotation": {"angle": 0, "axis": "y", "origin": [38, 4, 2]},
			"faces": {
				"north": {"uv": [0, 0, 16, 16], "texture": "#5"},
				"east": {"uv": [0, 0, 16, 16], "texture": "#5"},
				"south": {"uv": [0, 0, 16, 16], "texture": "#5"},
				"west": {"uv": [0, 0, 16, 8], "texture": "#5"},
				"up": {"uv": [0, 0, 16, 16], "texture": "#5"},
				"down": {"uv": [0, 0, 16, 16], "texture": "#5"}
			}
		},
		{
			"name": "Step",
			"from": [-2, 2, -8],
			"to": [2, 4, -4],
			"rotation": {"angle": 0, "axis": "y", "origin": [22, 8, -10]},
			"faces": {
				"north": {"uv": [0, 0, 16, 16], "texture": "#0"},
				"east": {"uv": [0, 0, 16, 16], "texture": "#0"},
				"south": {"uv": [0, 0, 16, 16], "texture": "#0"},
				"west": {"uv": [0, 0, 16, 8], "texture": "#0"},
				"up": {"uv": [0, 0, 16, 16], "texture": "#0"},
				"down": {"uv": [0, 0, 16, 16], "texture": "#0"}
			}
		},
		{
			"name": "Step",
			"from": [-2, -2, 0],
			"to": [2, 0, 4],
			"rotation": {"angle": 0, "axis": "y", "origin": [22, 4, -2]},
			"faces": {
				"north": {"uv": [0, 0, 16, 16], "texture": "#5"},
				"east": {"uv": [0, 0, 16, 16], "texture": "#5"},
				"south": {"uv": [0, 0, 16, 16], "texture": "#5"},
				"west": {"uv": [0, 0, 16, 8], "texture": "#5"},
				"up": {"uv": [0, 0, 16, 16], "texture": "#5"},
				"down": {"uv": [0, 0, 16, 16], "texture": "#5"}
			}
		},
		{
			"name": "Step",
			"from": [-2, 2, 0],
			"to": [2, 4, 4],
			"rotation": {"angle": 0, "axis": "y", "origin": [22, 8, -2]},
			"faces": {
				"north": {"uv": [0, 0, 16, 16], "texture": "#0"},
				"east": {"uv": [0, 0, 16, 16], "texture": "#0"},
				"south": {"uv": [0, 0, 16, 16], "texture": "#0"},
				"west": {"uv": [0, 0, 16, 8], "texture": "#0"},
				"up": {"uv": [0, 0, 16, 16], "texture": "#0"},
				"down": {"uv": [0, 0, 16, 16], "texture": "#0"}
			}
		},
		{
			"name": "Step",
			"from": [-2, 2, 8],
			"to": [2, 4, 12],
			"rotation": {"angle": 0, "axis": "y", "origin": [22, 8, 6]},
			"faces": {
				"north": {"uv": [0, 0, 16, 16], "texture": "#0"},
				"east": {"uv": [0, 0, 16, 16], "texture": "#0"},
				"south": {"uv": [0, 0, 16, 16], "texture": "#0"},
				"west": {"uv": [0, 0, 16, 8], "texture": "#0"},
				"up": {"uv": [0, 0, 16, 16], "texture": "#0"},
				"down": {"uv": [0, 0, 16, 16], "texture": "#0"}
			}
		},
		{
			"name": "Step",
			"from": [-2, 2, 16],
			"to": [2, 4, 20],
			"rotation": {"angle": 0, "axis": "y", "origin": [22, 8, 14]},
			"faces": {
				"north": {"uv": [0, 0, 16, 16], "texture": "#0"},
				"east": {"uv": [0, 0, 16, 16], "texture": "#0"},
				"south": {"uv": [0, 0, 16, 16], "texture": "#0"},
				"west": {"uv": [0, 0, 16, 8], "texture": "#0"},
				"up": {"uv": [0, 0, 16, 16], "texture": "#0"},
				"down": {"uv": [0, 0, 16, 16], "texture": "#0"}
			}
		},
		{
			"name": "Step",
			"from": [-2, -2, 8],
			"to": [2, 0, 12],
			"rotation": {"angle": 0, "axis": "y", "origin": [22, 4, 6]},
			"faces": {
				"north": {"uv": [0, 0, 16, 16], "texture": "#5"},
				"east": {"uv": [0, 0, 16, 16], "texture": "#5"},
				"south": {"uv": [0, 0, 16, 16], "texture": "#5"},
				"west": {"uv": [0, 0, 16, 8], "texture": "#5"},
				"up": {"uv": [0, 0, 16, 16], "texture": "#5"},
				"down": {"uv": [0, 0, 16, 16], "texture": "#5"}
			}
		},
		{
			"name": "Step",
			"from": [2, 0, 0],
			"to": [6, 4, 4],
			"rotation": {"angle": 0, "axis": "y", "origin": [26, 8, -2]},
			"faces": {
				"north": {"uv": [0, 0, 16, 16], "texture": "#0"},
				"east": {"uv": [0, 0, 16, 16], "texture": "#0"},
				"south": {"uv": [0, 0, 16, 16], "texture": "#0"},
				"west": {"uv": [0, 0, 16, 8], "texture": "#0"},
				"up": {"uv": [0, 0, 16, 16], "texture": "#0"},
				"down": {"uv": [0, 0, 16, 16], "texture": "#0"}
			}
		},
		{
			"name": "Step",
			"from": [2, 4, 0],
			"to": [6, 8, 4],
			"rotation": {"angle": 0, "axis": "y", "origin": [26, 12, -2]},
			"faces": {
				"north": {"uv": [0, 0, 16, 16], "texture": "#0"},
				"east": {"uv": [0, 0, 16, 16], "texture": "#0"},
				"south": {"uv": [0, 0, 16, 16], "texture": "#0"},
				"west": {"uv": [0, 0, 16, 8], "texture": "#0"},
				"up": {"uv": [0, 0, 16, 16], "texture": "#0"},
				"down": {"uv": [0, 0, 16, 16], "texture": "#0"}
			}
		},
		{
			"name": "Step",
			"from": [-2, 4, 0],
			"to": [2, 8, 4],
			"rotation": {"angle": 0, "axis": "y", "origin": [22, 12, -2]},
			"faces": {
				"north": {"uv": [0, 0, 16, 16], "texture": "#4"},
				"east": {"uv": [0, 0, 16, 16], "texture": "#4"},
				"south": {"uv": [0, 0, 16, 16], "texture": "#4"},
				"west": {"uv": [0, 0, 16, 8], "texture": "#4"},
				"up": {"uv": [0, 0, 16, 16], "texture": "#4"},
				"down": {"uv": [0, 0, 16, 16], "texture": "#4"}
			}
		},
		{
			"name": "Step",
			"from": [14, 4, 0],
			"to": [18, 8, 4],
			"rotation": {"angle": 0, "axis": "y", "origin": [38, 12, -2]},
			"faces": {
				"north": {"uv": [0, 0, 16, 16], "texture": "#4"},
				"east": {"uv": [0, 0, 16, 16], "texture": "#4"},
				"south": {"uv": [0, 0, 16, 16], "texture": "#4"},
				"west": {"uv": [0, 0, 16, 8], "texture": "#4"},
				"up": {"uv": [0, 0, 16, 16], "texture": "#4"},
				"down": {"uv": [0, 0, 16, 16], "texture": "#4"}
			}
		},
		{
			"name": "Step",
			"from": [10, 0, 0],
			"to": [14, 4, 4],
			"rotation": {"angle": 0, "axis": "y", "origin": [34, 8, -2]},
			"faces": {
				"north": {"uv": [0, 0, 16, 16], "texture": "#0"},
				"east": {"uv": [0, 0, 16, 16], "texture": "#0"},
				"south": {"uv": [0, 0, 16, 16], "texture": "#0"},
				"west": {"uv": [0, 0, 16, 8], "texture": "#0"},
				"up": {"uv": [0, 0, 16, 16], "texture": "#0"},
				"down": {"uv": [0, 0, 16, 16], "texture": "#0"}
			}
		},
		{
			"name": "Step",
			"from": [10, 4, 0],
			"to": [14, 8, 4],
			"rotation": {"angle": 0, "axis": "y", "origin": [34, 12, -2]},
			"faces": {
				"north": {"uv": [0, 0, 16, 16], "texture": "#0"},
				"east": {"uv": [0, 0, 16, 16], "texture": "#0"},
				"south": {"uv": [0, 0, 16, 16], "texture": "#0"},
				"west": {"uv": [0, 0, 16, 8], "texture": "#0"},
				"up": {"uv": [0, 0, 16, 16], "texture": "#0"},
				"down": {"uv": [0, 0, 16, 16], "texture": "#0"}
			}
		},
		{
			"name": "Step",
			"from": [14, 2, -8],
			"to": [18, 4, -4],
			"rotation": {"angle": 0, "axis": "y", "origin": [38, 8, -10]},
			"faces": {
				"north": {"uv": [0, 0, 16, 16], "texture": "#0"},
				"east": {"uv": [0, 0, 16, 16], "texture": "#0"},
				"south": {"uv": [0, 0, 16, 16], "texture": "#0"},
				"west": {"uv": [0, 0, 16, 8], "texture": "#0"},
				"up": {"uv": [0, 0, 16, 16], "texture": "#0"},
				"down": {"uv": [0, 0, 16, 16], "texture": "#0"}
			}
		},
		{
			"name": "Step",
			"from": [14, -2, 0],
			"to": [18, 0, 4],
			"rotation": {"angle": 0, "axis": "y", "origin": [38, 4, -2]},
			"faces": {
				"north": {"uv": [0, 0, 16, 16], "texture": "#5"},
				"east": {"uv": [0, 0, 16, 16], "texture": "#5"},
				"south": {"uv": [0, 0, 16, 16], "texture": "#5"},
				"west": {"uv": [0, 0, 16, 8], "texture": "#5"},
				"up": {"uv": [0, 0, 16, 16], "texture": "#5"},
				"down": {"uv": [0, 0, 16, 16], "texture": "#5"}
			}
		},
		{
			"name": "Step",
			"from": [14, 2, 0],
			"to": [18, 4, 4],
			"rotation": {"angle": 0, "axis": "y", "origin": [38, 8, -2]},
			"faces": {
				"north": {"uv": [0, 0, 16, 16], "texture": "#0"},
				"east": {"uv": [0, 0, 16, 16], "texture": "#0"},
				"south": {"uv": [0, 0, 16, 16], "texture": "#0"},
				"west": {"uv": [0, 0, 16, 8], "texture": "#0"},
				"up": {"uv": [0, 0, 16, 16], "texture": "#0"},
				"down": {"uv": [0, 0, 16, 16], "texture": "#0"}
			}
		},
		{
			"name": "Step",
			"from": [14, 2, 8],
			"to": [18, 4, 12],
			"rotation": {"angle": 0, "axis": "y", "origin": [38, 8, 6]},
			"faces": {
				"north": {"uv": [0, 0, 16, 16], "texture": "#0"},
				"east": {"uv": [0, 0, 16, 16], "texture": "#0"},
				"south": {"uv": [0, 0, 16, 16], "texture": "#0"},
				"west": {"uv": [0, 0, 16, 8], "texture": "#0"},
				"up": {"uv": [0, 0, 16, 16], "texture": "#0"},
				"down": {"uv": [0, 0, 16, 16], "texture": "#0"}
			}
		},
		{
			"name": "Step",
			"from": [14, 2, 16],
			"to": [18, 4, 20],
			"rotation": {"angle": 0, "axis": "y", "origin": [38, 8, 14]},
			"faces": {
				"north": {"uv": [0, 0, 16, 16], "texture": "#0"},
				"east": {"uv": [0, 0, 16, 16], "texture": "#0"},
				"south": {"uv": [0, 0, 16, 16], "texture": "#0"},
				"west": {"uv": [0, 0, 16, 8], "texture": "#0"},
				"up": {"uv": [0, 0, 16, 16], "texture": "#0"},
				"down": {"uv": [0, 0, 16, 16], "texture": "#0"}
			}
		},
		{
			"name": "Step",
			"from": [14, -2, 8],
			"to": [18, 0, 12],
			"rotation": {"angle": 0, "axis": "y", "origin": [38, 4, 6]},
			"faces": {
				"north": {"uv": [0, 0, 16, 16], "texture": "#5"},
				"east": {"uv": [0, 0, 16, 16], "texture": "#5"},
				"south": {"uv": [0, 0, 16, 16], "texture": "#5"},
				"west": {"uv": [0, 0, 16, 8], "texture": "#5"},
				"up": {"uv": [0, 0, 16, 16], "texture": "#5"},
				"down": {"uv": [0, 0, 16, 16], "texture": "#5"}
			}
		},
		{
			"name": "Step",
			"from": [6, -2, 16],
			"to": [10, 0, 20],
			"rotation": {"angle": 0, "axis": "y", "origin": [30, 4, 14]},
			"faces": {
				"north": {"uv": [0, 0, 16, 16], "texture": "#5"},
				"east": {"uv": [0, 0, 16, 16], "texture": "#5"},
				"south": {"uv": [0, 0, 16, 16], "texture": "#5"},
				"west": {"uv": [0, 0, 16, 8], "texture": "#5"},
				"up": {"uv": [0, 0, 16, 16], "texture": "#5"},
				"down": {"uv": [0, 0, 16, 16], "texture": "#5"}
			}
		},
		{
			"name": "Step",
			"from": [6, 0, 16],
			"to": [10, 4, 20],
			"rotation": {"angle": 0, "axis": "y", "origin": [30, 6, 14]},
			"faces": {
				"north": {"uv": [0, 0, 16, 16], "texture": "#8"},
				"east": {"uv": [0, 0, 16, 16], "texture": "#8"},
				"south": {"uv": [0, 0, 16, 16], "texture": "#8"},
				"west": {"uv": [0, 0, 16, 8], "texture": "#8"},
				"up": {"uv": [0, 0, 16, 16], "texture": "#8"},
				"down": {"uv": [0, 0, 16, 16], "texture": "#8"}
			}
		},
		{
			"name": "Block",
			"from": [-0.5, 4, -16],
			"to": [0.5, 4.5, 0],
			"rotation": {"angle": 0, "axis": "y", "origin": [4, 12, 8]},
			"faces": {
				"north": {"uv": [0, 0, 16, 16], "texture": "#4"},
				"east": {"uv": [0, 0, 16, 16], "texture": "#4"},
				"south": {"uv": [0, 0, 16, 16], "texture": "#4"},
				"west": {"uv": [0, 0, 16, 16], "texture": "#4"},
				"up": {"uv": [0, 0, 16, 16], "texture": "#4"},
				"down": {"uv": [0, 0, 16, 16], "texture": "#4"}
			}
		},
		{
			"name": "Block",
			"from": [15.5, 4, -16],
			"to": [16.5, 4.5, 0],
			"rotation": {"angle": 0, "axis": "y", "origin": [20, 12, 8]},
			"faces": {
				"north": {"uv": [0, 0, 16, 16], "texture": "#4"},
				"east": {"uv": [0, 0, 16, 16], "texture": "#4"},
				"south": {"uv": [0, 0, 16, 16], "texture": "#4"},
				"west": {"uv": [0, 0, 16, 16], "texture": "#4"},
				"up": {"uv": [0, 0, 16, 16], "texture": "#4"},
				"down": {"uv": [0, 0, 16, 16], "texture": "#4"}
			}
		},
		{
			"name": "Block",
			"from": [-0.5, 7.5, -16],
			"to": [0.5, 8, 0],
			"rotation": {"angle": 0, "axis": "y", "origin": [4, 15.5, 8]},
			"faces": {
				"north": {"uv": [0, 0, 16, 16], "texture": "#4"},
				"east": {"uv": [0, 0, 16, 16], "texture": "#4"},
				"south": {"uv": [0, 0, 16, 16], "texture": "#4"},
				"west": {"uv": [0, 0, 16, 16], "texture": "#4"},
				"up": {"uv": [0, 0, 16, 16], "texture": "#4"},
				"down": {"uv": [0, 0, 16, 16], "texture": "#4"}
			}
		},
		{
			"name": "Block",
			"from": [15.5, 7.5, -16],
			"to": [16.5, 8, 0],
			"rotation": {"angle": 0, "axis": "y", "origin": [20, 15.5, 8]},
			"faces": {
				"north": {"uv": [0, 0, 16, 16], "texture": "#4"},
				"east": {"uv": [0, 0, 16, 16], "texture": "#4"},
				"south": {"uv": [0, 0, 16, 16], "texture": "#4"},
				"west": {"uv": [0, 0, 16, 16], "texture": "#4"},
				"up": {"uv": [0, 0, 16, 16], "texture": "#4"},
				"down": {"uv": [0, 0, 16, 16], "texture": "#4"}
			}
		},
		{
			"name": "Block",
			"from": [2, -4, -12],
			"to": [6, 0, -8],
			"rotation": {"angle": 0, "axis": "y", "origin": [8, 4, 12]},
			"faces": {
				"north": {"uv": [0, 0, 16, 16], "texture": "#5"},
				"east": {"uv": [0, 0, 16, 16], "texture": "#5"},
				"south": {"uv": [0, 0, 16, 16], "texture": "#5"},
				"west": {"uv": [0, 0, 16, 16], "texture": "#5"},
				"up": {"uv": [0, 0, 16, 16], "texture": "#5"},
				"down": {"uv": [0, 0, 16, 16], "texture": "#5"}
			}
		},
		{
			"name": "Block",
			"from": [2, -4, -4],
			"to": [6, 0, 0],
			"rotation": {"angle": 0, "axis": "y", "origin": [8, 4, 20]},
			"faces": {
				"north": {"uv": [0, 0, 16, 16], "texture": "#5"},
				"east": {"uv": [0, 0, 16, 16], "texture": "#5"},
				"south": {"uv": [0, 0, 16, 16], "texture": "#5"},
				"west": {"uv": [0, 0, 16, 16], "texture": "#5"},
				"up": {"uv": [0, 0, 16, 16], "texture": "#5"},
				"down": {"uv": [0, 0, 16, 16], "texture": "#5"}
			}
		},
		{
			"name": "Block",
			"from": [2, -4, 8],
			"to": [6, 0, 12],
			"rotation": {"angle": 0, "axis": "y", "origin": [8, 4, 32]},
			"faces": {
				"north": {"uv": [0, 0, 16, 16], "texture": "#5"},
				"east": {"uv": [0, 0, 16, 16], "texture": "#5"},
				"south": {"uv": [0, 0, 16, 16], "texture": "#5"},
				"west": {"uv": [0, 0, 16, 16], "texture": "#5"},
				"up": {"uv": [0, 0, 16, 16], "texture": "#5"},
				"down": {"uv": [0, 0, 16, 16], "texture": "#5"}
			}
		},
		{
			"name": "Block",
			"from": [2, -4, 12],
			"to": [6, 0, 16],
			"rotation": {"angle": 0, "axis": "y", "origin": [8, 4, 36]},
			"faces": {
				"north": {"uv": [0, 0, 16, 16], "texture": "#5"},
				"east": {"uv": [0, 0, 16, 16], "texture": "#5"},
				"south": {"uv": [0, 0, 16, 16], "texture": "#5"},
				"west": {"uv": [0, 0, 16, 16], "texture": "#5"},
				"up": {"uv": [0, 0, 16, 16], "texture": "#5"},
				"down": {"uv": [0, 0, 16, 16], "texture": "#5"}
			}
		},
		{
			"name": "Block",
			"from": [2, -4, -16],
			"to": [6, 0, -12],
			"rotation": {"angle": 0, "axis": "y", "origin": [8, 4, 8]},
			"faces": {
				"north": {"uv": [0, 0, 16, 16], "texture": "#5"},
				"east": {"uv": [0, 0, 16, 16], "texture": "#5"},
				"south": {"uv": [0, 0, 16, 16], "texture": "#5"},
				"west": {"uv": [0, 0, 16, 16], "texture": "#5"},
				"up": {"uv": [0, 0, 16, 16], "texture": "#5"},
				"down": {"uv": [0, 0, 16, 16], "texture": "#5"}
			}
		},
		{
			"name": "Block",
			"from": [2, -4, -8],
			"to": [6, 0, -4],
			"rotation": {"angle": 0, "axis": "y", "origin": [8, 4, 16]},
			"faces": {
				"north": {"uv": [0, 0, 16, 16], "texture": "#5"},
				"east": {"uv": [0, 0, 16, 16], "texture": "#5"},
				"south": {"uv": [0, 0, 16, 16], "texture": "#5"},
				"west": {"uv": [0, 0, 16, 16], "texture": "#5"},
				"up": {"uv": [0, 0, 16, 16], "texture": "#5"},
				"down": {"uv": [0, 0, 16, 16], "texture": "#5"}
			}
		},
		{
			"name": "Block",
			"from": [2, -4, 0],
			"to": [6, 0, 4],
			"rotation": {"angle": 0, "axis": "y", "origin": [8, 4, 24]},
			"faces": {
				"north": {"uv": [0, 0, 16, 16], "texture": "#5"},
				"east": {"uv": [0, 0, 16, 16], "texture": "#5"},
				"south": {"uv": [0, 0, 16, 16], "texture": "#5"},
				"west": {"uv": [0, 0, 16, 16], "texture": "#5"},
				"up": {"uv": [0, 0, 16, 16], "texture": "#5"},
				"down": {"uv": [0, 0, 16, 16], "texture": "#5"}
			}
		},
		{
			"name": "Block",
			"from": [6, -4, -12],
			"to": [10, 0, -8],
			"rotation": {"angle": 0, "axis": "y", "origin": [8, 4, 12]},
			"faces": {
				"north": {"uv": [0, 0, 16, 16], "texture": "#3"},
				"east": {"uv": [0, 0, 16, 16], "texture": "#3"},
				"south": {"uv": [0, 0, 16, 16], "texture": "#3"},
				"west": {"uv": [0, 0, 16, 16], "texture": "#3"},
				"up": {"uv": [0, 0, 16, 16], "texture": "#3"},
				"down": {"uv": [0, 0, 16, 16], "texture": "#3"}
			}
		},
		{
			"name": "Block",
			"from": [6, -4, -4],
			"to": [10, 0, 0],
			"rotation": {"angle": 0, "axis": "y", "origin": [8, 4, 20]},
			"faces": {
				"north": {"uv": [0, 0, 16, 16], "texture": "#3"},
				"east": {"uv": [0, 0, 16, 16], "texture": "#3"},
				"south": {"uv": [0, 0, 16, 16], "texture": "#3"},
				"west": {"uv": [0, 0, 16, 16], "texture": "#3"},
				"up": {"uv": [0, 0, 16, 16], "texture": "#3"},
				"down": {"uv": [0, 0, 16, 16], "texture": "#3"}
			}
		},
		{
			"name": "Block",
			"from": [6, -4, -16],
			"to": [10, 0, -12],
			"rotation": {"angle": 0, "axis": "y", "origin": [8, 4, 8]},
			"faces": {
				"north": {"uv": [0, 0, 16, 16], "texture": "#3"},
				"east": {"uv": [0, 0, 16, 16], "texture": "#3"},
				"south": {"uv": [0, 0, 16, 16], "texture": "#3"},
				"west": {"uv": [0, 0, 16, 16], "texture": "#3"},
				"up": {"uv": [0, 0, 16, 16], "texture": "#3"},
				"down": {"uv": [0, 0, 16, 16], "texture": "#3"}
			}
		},
		{
			"name": "Block",
			"from": [6, -4, -8],
			"to": [10, 0, -4],
			"rotation": {"angle": 0, "axis": "y", "origin": [8, 4, 16]},
			"faces": {
				"north": {"uv": [0, 0, 16, 16], "texture": "#3"},
				"east": {"uv": [0, 0, 16, 16], "texture": "#3"},
				"south": {"uv": [0, 0, 16, 16], "texture": "#3"},
				"west": {"uv": [0, 0, 16, 16], "texture": "#3"},
				"up": {"uv": [0, 0, 16, 16], "texture": "#3"},
				"down": {"uv": [0, 0, 16, 16], "texture": "#3"}
			}
		},
		{
			"name": "Block",
			"from": [6, -4, 0],
			"to": [10, 0, 4],
			"rotation": {"angle": 0, "axis": "y", "origin": [8, 4, 24]},
			"faces": {
				"north": {"uv": [0, 0, 16, 16], "texture": "#3"},
				"east": {"uv": [0, 0, 16, 16], "texture": "#3"},
				"south": {"uv": [0, 0, 16, 16], "texture": "#3"},
				"west": {"uv": [0, 0, 16, 16], "texture": "#3"},
				"up": {"uv": [0, 0, 16, 16], "texture": "#3"},
				"down": {"uv": [0, 0, 16, 16], "texture": "#3"}
			}
		},
		{
			"name": "Block",
			"from": [6, -4, 4],
			"to": [10, 0, 8],
			"rotation": {"angle": 0, "axis": "y", "origin": [8, 4, 28]},
			"faces": {
				"north": {"uv": [0, 0, 16, 16], "texture": "#3"},
				"east": {"uv": [0, 0, 16, 16], "texture": "#3"},
				"south": {"uv": [0, 0, 16, 16], "texture": "#3"},
				"west": {"uv": [0, 0, 16, 16], "texture": "#3"},
				"up": {"uv": [0, 0, 16, 16], "texture": "#3"},
				"down": {"uv": [0, 0, 16, 16], "texture": "#3"}
			}
		},
		{
			"name": "Block",
			"from": [6, -4, 8],
			"to": [10, 0, 12],
			"rotation": {"angle": 0, "axis": "y", "origin": [8, 4, 32]},
			"faces": {
				"north": {"uv": [0, 0, 16, 16], "texture": "#3"},
				"east": {"uv": [0, 0, 16, 16], "texture": "#3"},
				"south": {"uv": [0, 0, 16, 16], "texture": "#3"},
				"west": {"uv": [0, 0, 16, 16], "texture": "#3"},
				"up": {"uv": [0, 0, 16, 16], "texture": "#3"},
				"down": {"uv": [0, 0, 16, 16], "texture": "#3"}
			}
		},
		{
			"name": "Block",
			"from": [6, -4, 12],
			"to": [10, 0, 16],
			"rotation": {"angle": 0, "axis": "y", "origin": [8, 4, 36]},
			"faces": {
				"north": {"uv": [0, 0, 16, 16], "texture": "#5"},
				"east": {"uv": [0, 0, 16, 16], "texture": "#5"},
				"south": {"uv": [0, 0, 16, 16], "texture": "#5"},
				"west": {"uv": [0, 0, 16, 16], "texture": "#5"},
				"up": {"uv": [0, 0, 16, 16], "texture": "#5"},
				"down": {"uv": [0, 0, 16, 16], "texture": "#5"}
			}
		},
		{
			"name": "Block",
			"from": [10, -4, 4],
			"to": [14, 0, 8],
			"rotation": {"angle": 0, "axis": "y", "origin": [12, 4, 28]},
			"faces": {
				"north": {"uv": [0, 0, 16, 16], "texture": "#3"},
				"east": {"uv": [0, 0, 16, 16], "texture": "#3"},
				"south": {"uv": [0, 0, 16, 16], "texture": "#3"},
				"west": {"uv": [0, 0, 16, 16], "texture": "#3"},
				"up": {"uv": [0, 0, 16, 16], "texture": "#3"},
				"down": {"uv": [0, 0, 16, 16], "texture": "#3"}
			}
		},
		{
			"name": "Block",
			"from": [2, -4, 4],
			"to": [6, 0, 8],
			"rotation": {"angle": 0, "axis": "y", "origin": [4, 4, 28]},
			"faces": {
				"north": {"uv": [0, 0, 16, 16], "texture": "#3"},
				"east": {"uv": [0, 0, 16, 16], "texture": "#3"},
				"south": {"uv": [0, 0, 16, 16], "texture": "#3"},
				"west": {"uv": [0, 0, 16, 16], "texture": "#3"},
				"up": {"uv": [0, 0, 16, 16], "texture": "#3"},
				"down": {"uv": [0, 0, 16, 16], "texture": "#3"}
			}
		},
		{
			"name": "Block",
			"from": [10, -4, -12],
			"to": [14, 0, -8],
			"rotation": {"angle": 0, "axis": "y", "origin": [8, 4, 12]},
			"faces": {
				"north": {"uv": [0, 0, 16, 16], "texture": "#5"},
				"east": {"uv": [0, 0, 16, 16], "texture": "#5"},
				"south": {"uv": [0, 0, 16, 16], "texture": "#5"},
				"west": {"uv": [0, 0, 16, 16], "texture": "#5"},
				"up": {"uv": [0, 0, 16, 16], "texture": "#5"},
				"down": {"uv": [0, 0, 16, 16], "texture": "#5"}
			}
		},
		{
			"name": "Block",
			"from": [10, -4, -4],
			"to": [14, 0, 0],
			"rotation": {"angle": 0, "axis": "y", "origin": [8, 4, 20]},
			"faces": {
				"north": {"uv": [0, 0, 16, 16], "texture": "#5"},
				"east": {"uv": [0, 0, 16, 16], "texture": "#5"},
				"south": {"uv": [0, 0, 16, 16], "texture": "#5"},
				"west": {"uv": [0, 0, 16, 16], "texture": "#5"},
				"up": {"uv": [0, 0, 16, 16], "texture": "#5"},
				"down": {"uv": [0, 0, 16, 16], "texture": "#5"}
			}
		},
		{
			"name": "Block",
			"from": [10, -4, 8],
			"to": [14, 0, 12],
			"rotation": {"angle": 0, "axis": "y", "origin": [8, 4, 32]},
			"faces": {
				"north": {"uv": [0, 0, 16, 16], "texture": "#5"},
				"east": {"uv": [0, 0, 16, 16], "texture": "#5"},
				"south": {"uv": [0, 0, 16, 16], "texture": "#5"},
				"west": {"uv": [0, 0, 16, 16], "texture": "#5"},
				"up": {"uv": [0, 0, 16, 16], "texture": "#5"},
				"down": {"uv": [0, 0, 16, 16], "texture": "#5"}
			}
		},
		{
			"name": "Block",
			"from": [10, -4, 12],
			"to": [14, 0, 16],
			"rotation": {"angle": 0, "axis": "y", "origin": [8, 4, 36]},
			"faces": {
				"north": {"uv": [0, 0, 16, 16], "texture": "#5"},
				"east": {"uv": [0, 0, 16, 16], "texture": "#5"},
				"south": {"uv": [0, 0, 16, 16], "texture": "#5"},
				"west": {"uv": [0, 0, 16, 16], "texture": "#5"},
				"up": {"uv": [0, 0, 16, 16], "texture": "#5"},
				"down": {"uv": [0, 0, 16, 16], "texture": "#5"}
			}
		},
		{
			"name": "Block",
			"from": [10, -4, -16],
			"to": [14, 0, -12],
			"rotation": {"angle": 0, "axis": "y", "origin": [8, 4, 8]},
			"faces": {
				"north": {"uv": [0, 0, 16, 16], "texture": "#5"},
				"east": {"uv": [0, 0, 16, 16], "texture": "#5"},
				"south": {"uv": [0, 0, 16, 16], "texture": "#5"},
				"west": {"uv": [0, 0, 16, 16], "texture": "#5"},
				"up": {"uv": [0, 0, 16, 16], "texture": "#5"},
				"down": {"uv": [0, 0, 16, 16], "texture": "#5"}
			}
		},
		{
			"name": "Block",
			"from": [10, -4, -8],
			"to": [14, 0, -4],
			"rotation": {"angle": 0, "axis": "y", "origin": [8, 4, 16]},
			"faces": {
				"north": {"uv": [0, 0, 16, 16], "texture": "#5"},
				"east": {"uv": [0, 0, 16, 16], "texture": "#5"},
				"south": {"uv": [0, 0, 16, 16], "texture": "#5"},
				"west": {"uv": [0, 0, 16, 16], "texture": "#5"},
				"up": {"uv": [0, 0, 16, 16], "texture": "#5"},
				"down": {"uv": [0, 0, 16, 16], "texture": "#5"}
			}
		},
		{
			"name": "Block",
			"from": [10, -4, 0],
			"to": [14, 0, 4],
			"rotation": {"angle": 0, "axis": "y", "origin": [8, 4, 24]},
			"faces": {
				"north": {"uv": [0, 0, 16, 16], "texture": "#5"},
				"east": {"uv": [0, 0, 16, 16], "texture": "#5"},
				"south": {"uv": [0, 0, 16, 16], "texture": "#5"},
				"west": {"uv": [0, 0, 16, 16], "texture": "#5"},
				"up": {"uv": [0, 0, 16, 16], "texture": "#5"},
				"down": {"uv": [0, 0, 16, 16], "texture": "#5"}
			}
		},
		{
			"name": "Step",
			"from": [10, 2, -10],
			"to": [14, 4, -8],
			"rotation": {"angle": 0, "axis": "y", "origin": [34, 8, -14]},
			"faces": {
				"north": {"uv": [0, 0, 16, 8], "texture": "#7"},
				"east": {"uv": [0, 0, 8, 8], "texture": "#7"},
				"south": {"uv": [0, 0, 16, 8], "texture": "#7"},
				"west": {"uv": [0, 0, 8, 8], "texture": "#7"},
				"up": {"uv": [0, 0, 16, 8], "texture": "#7"},
				"down": {"uv": [0, 0, 16, 8], "texture": "#7"}
			}
		},
		{
			"name": "Step",
			"from": [2, 2, -10],
			"to": [6, 4, -8],
			"rotation": {"angle": 0, "axis": "y", "origin": [26, 8, -14]},
			"faces": {
				"north": {"uv": [0, 0, 16, 8], "texture": "#7"},
				"east": {"uv": [0, 0, 8, 8], "texture": "#7"},
				"south": {"uv": [0, 0, 16, 8], "texture": "#7"},
				"west": {"uv": [0, 0, 8, 8], "texture": "#7"},
				"up": {"uv": [0, 0, 16, 8], "texture": "#7"},
				"down": {"uv": [0, 0, 16, 8], "texture": "#7"}
			}
		},
		{
			"name": "Step",
			"from": [10, 2, -2],
			"to": [14, 4, 0],
			"rotation": {"angle": 0, "axis": "y", "origin": [34, 8, -6]},
			"faces": {
				"north": {"uv": [0, 0, 16, 8], "texture": "#7"},
				"east": {"uv": [0, 0, 8, 8], "texture": "#7"},
				"south": {"uv": [0, 0, 16, 8], "texture": "#7"},
				"west": {"uv": [0, 0, 8, 8], "texture": "#7"},
				"up": {"uv": [0, 0, 16, 8], "texture": "#7"},
				"down": {"uv": [0, 0, 16, 8], "texture": "#7"}
			}
		},
		{
			"name": "Step",
			"from": [10, 2, 14],
			"to": [14, 4, 16],
			"rotation": {"angle": 0, "axis": "y", "origin": [34, 8, 10]},
			"faces": {
				"north": {"uv": [0, 0, 16, 8], "texture": "#7"},
				"east": {"uv": [0, 0, 8, 8], "texture": "#7"},
				"south": {"uv": [0, 0, 16, 8], "texture": "#7"},
				"west": {"uv": [0, 0, 8, 8], "texture": "#7"},
				"up": {"uv": [0, 0, 16, 8], "texture": "#7"},
				"down": {"uv": [0, 0, 16, 8], "texture": "#7"}
			}
		},
		{
			"name": "Step",
			"from": [6, 2, 14],
			"to": [10, 4, 16],
			"rotation": {"angle": 0, "axis": "y", "origin": [30, 8, 10]},
			"faces": {
				"north": {"uv": [0, 0, 16, 8], "texture": "#7"},
				"east": {"uv": [0, 0, 8, 8], "texture": "#7"},
				"south": {"uv": [0, 0, 16, 8], "texture": "#7"},
				"west": {"uv": [0, 0, 8, 8], "texture": "#7"},
				"up": {"uv": [0, 0, 16, 8], "texture": "#7"},
				"down": {"uv": [0, 0, 16, 8], "texture": "#7"}
			}
		},
		{
			"name": "Step",
			"from": [2, 2, -2],
			"to": [6, 4, 0],
			"rotation": {"angle": 0, "axis": "y", "origin": [26, 8, -6]},
			"faces": {
				"north": {"uv": [0, 0, 16, 8], "texture": "#7"},
				"east": {"uv": [0, 0, 8, 8], "texture": "#7"},
				"south": {"uv": [0, 0, 16, 8], "texture": "#7"},
				"west": {"uv": [0, 0, 8, 8], "texture": "#7"},
				"up": {"uv": [0, 0, 16, 8], "texture": "#7"},
				"down": {"uv": [0, 0, 16, 8], "texture": "#7"}
			}
		},
		{
			"name": "Step",
			"from": [2, 2, 14],
			"to": [6, 4, 16],
			"rotation": {"angle": 0, "axis": "y", "origin": [26, 8, 10]},
			"faces": {
				"north": {"uv": [0, 0, 16, 8], "texture": "#7"},
				"east": {"uv": [0, 0, 8, 8], "texture": "#7"},
				"south": {"uv": [0, 0, 16, 8], "texture": "#7"},
				"west": {"uv": [0, 0, 8, 8], "texture": "#7"},
				"up": {"uv": [0, 0, 16, 8], "texture": "#7"},
				"down": {"uv": [0, 0, 16, 8], "texture": "#7"}
			}
		},
		{
			"name": "Step",
			"from": [10, 0, -12],
			"to": [14, 2, -8],
			"rotation": {"angle": 0, "axis": "y", "origin": [34, 8, -14]},
			"faces": {
				"north": {"uv": [0, 0, 16, 8], "texture": "#7"},
				"east": {"uv": [0, 0, 16, 8], "texture": "#7"},
				"south": {"uv": [0, 0, 16, 8], "texture": "#7"},
				"west": {"uv": [0, 0, 16, 8], "texture": "#7"},
				"up": {"uv": [0, 0, 16, 16], "texture": "#7"},
				"down": {"uv": [0, 0, 16, 8], "texture": "#7"}
			}
		},
		{
			"name": "Step",
			"from": [2, 0, -12],
			"to": [6, 2, -8],
			"rotation": {"angle": 0, "axis": "y", "origin": [26, 8, -14]},
			"faces": {
				"north": {"uv": [0, 0, 16, 8], "texture": "#7"},
				"east": {"uv": [0, 0, 16, 8], "texture": "#7"},
				"south": {"uv": [0, 0, 16, 8], "texture": "#7"},
				"west": {"uv": [0, 0, 16, 8], "texture": "#7"},
				"up": {"uv": [0, 0, 16, 16], "texture": "#7"},
				"down": {"uv": [0, 0, 16, 8], "texture": "#7"}
			}
		},
		{
			"name": "Step",
			"from": [10, 0, -4],
			"to": [14, 2, 0],
			"rotation": {"angle": 0, "axis": "y", "origin": [34, 8, -6]},
			"faces": {
				"north": {"uv": [0, 0, 16, 8], "texture": "#7"},
				"east": {"uv": [0, 0, 16, 8], "texture": "#7"},
				"south": {"uv": [0, 0, 16, 8], "texture": "#7"},
				"west": {"uv": [0, 0, 16, 8], "texture": "#7"},
				"up": {"uv": [0, 0, 16, 16], "texture": "#7"},
				"down": {"uv": [0, 0, 16, 8], "texture": "#7"}
			}
		},
		{
			"name": "Step",
			"from": [10, 0, 12],
			"to": [14, 2, 16],
			"rotation": {"angle": 0, "axis": "y", "origin": [34, 8, 10]},
			"faces": {
				"north": {"uv": [0, 0, 16, 8], "texture": "#7"},
				"east": {"uv": [0, 0, 16, 8], "texture": "#7"},
				"south": {"uv": [0, 0, 16, 8], "texture": "#7"},
				"west": {"uv": [0, 0, 16, 8], "texture": "#7"},
				"up": {"uv": [0, 0, 16, 16], "texture": "#7"},
				"down": {"uv": [0, 0, 16, 8], "texture": "#7"}
			}
		},
		{
			"name": "Step",
			"from": [6, 0, 12],
			"to": [10, 2, 16],
			"rotation": {"angle": 0, "axis": "y", "origin": [30, 8, 10]},
			"faces": {
				"north": {"uv": [0, 0, 16, 8], "texture": "#7"},
				"east": {"uv": [0, 0, 16, 8], "texture": "#7"},
				"south": {"uv": [0, 0, 16, 8], "texture": "#7"},
				"west": {"uv": [0, 0, 16, 8], "texture": "#7"},
				"up": {"uv": [0, 0, 16, 16], "texture": "#7"},
				"down": {"uv": [0, 0, 16, 8], "texture": "#7"}
			}
		},
		{
			"name": "Step",
			"from": [2, 0, -4],
			"to": [6, 2, 0],
			"rotation": {"angle": 0, "axis": "y", "origin": [26, 8, -6]},
			"faces": {
				"north": {"uv": [0, 0, 16, 8], "texture": "#7"},
				"east": {"uv": [0, 0, 16, 8], "texture": "#7"},
				"south": {"uv": [0, 0, 16, 8], "texture": "#7"},
				"west": {"uv": [0, 0, 16, 8], "texture": "#7"},
				"up": {"uv": [0, 0, 16, 16], "texture": "#7"},
				"down": {"uv": [0, 0, 16, 8], "texture": "#7"}
			}
		},
		{
			"name": "Step",
			"from": [2, 0, 12],
			"to": [6, 2, 16],
			"rotation": {"angle": 0, "axis": "y", "origin": [26, 8, 10]},
			"faces": {
				"north": {"uv": [0, 0, 16, 8], "texture": "#7"},
				"east": {"uv": [0, 0, 16, 8], "texture": "#7"},
				"south": {"uv": [0, 0, 16, 8], "texture": "#7"},
				"west": {"uv": [0, 0, 16, 8], "texture": "#7"},
				"up": {"uv": [0, 0, 16, 16], "texture": "#7"},
				"down": {"uv": [0, 0, 16, 8], "texture": "#7"}
			}
		},
		{
			"name": "Block",
			"from": [15.75, 4, -15.99],
			"to": [16.25, 8, -11.99],
			"rotation": {"angle": 0, "axis": "y", "origin": [-5, 4, -16]},
			"faces": {
				"north": {"uv": [0, 0, 3, 16], "texture": "#1"},
				"east": {"uv": [0, 0, 16, 16], "texture": "#1"},
				"south": {"uv": [0, 0, 3, 16], "texture": "#1"},
				"west": {"uv": [0, 0, 3, 16], "texture": "#1"},
				"up": {"uv": [0, 0, 3, 16], "texture": "#1"},
				"down": {"uv": [0, 0, 3, 16], "texture": "#1"}
			}
		},
		{
			"name": "Block",
			"from": [-0.25, 4, -15.99],
			"to": [0.25, 8, -11.99],
			"rotation": {"angle": 0, "axis": "y", "origin": [-21, 4, -16]},
			"faces": {
				"north": {"uv": [0, 0, 3, 16], "texture": "#1"},
				"east": {"uv": [0, 0, 16, 16], "texture": "#1"},
				"south": {"uv": [0, 0, 3, 16], "texture": "#1"},
				"west": {"uv": [0, 0, 3, 16], "texture": "#1"},
				"up": {"uv": [0, 0, 3, 16], "texture": "#1"},
				"down": {"uv": [0, 0, 3, 16], "texture": "#1"}
			}
		},
		{
			"name": "Block",
			"from": [15.75, 4, -11.98],
			"to": [16.25, 8, -7.98],
			"rotation": {"angle": 0, "axis": "y", "origin": [-5, 4, -12]},
			"faces": {
				"north": {"uv": [0, 0, 3, 16], "texture": "#1"},
				"east": {"uv": [0, 0, 16, 16], "texture": "#1"},
				"south": {"uv": [0, 0, 3, 16], "texture": "#1"},
				"west": {"uv": [0, 0, 3, 16], "texture": "#1"},
				"up": {"uv": [0, 0, 3, 16], "texture": "#1"},
				"down": {"uv": [0, 0, 3, 16], "texture": "#1"}
			}
		},
		{
			"name": "Block",
			"from": [15.75, 4, -3.98],
			"to": [16.25, 8, 0.02],
			"rotation": {"angle": 0, "axis": "y", "origin": [-5, 4, -4]},
			"faces": {
				"north": {"uv": [0, 0, 3, 16], "texture": "#1"},
				"east": {"uv": [0, 0, 16, 16], "texture": "#1"},
				"south": {"uv": [0, 0, 3, 16], "texture": "#1"},
				"west": {"uv": [0, 0, 3, 16], "texture": "#1"},
				"up": {"uv": [0, 0, 3, 16], "texture": "#1"},
				"down": {"uv": [0, 0, 3, 16], "texture": "#1"}
			}
		},
		{
			"name": "Block",
			"from": [-0.25, 4, -11.98],
			"to": [0.25, 8, -7.98],
			"rotation": {"angle": 0, "axis": "y", "origin": [-21, 4, -12]},
			"faces": {
				"north": {"uv": [0, 0, 3, 16], "texture": "#1"},
				"east": {"uv": [0, 0, 16, 16], "texture": "#1"},
				"south": {"uv": [0, 0, 3, 16], "texture": "#1"},
				"west": {"uv": [0, 0, 3, 16], "texture": "#1"},
				"up": {"uv": [0, 0, 3, 16], "texture": "#1"},
				"down": {"uv": [0, 0, 3, 16], "texture": "#1"}
			}
		},
		{
			"name": "Block",
			"from": [-0.25, 4, -3.98],
			"to": [0.25, 8, 0.02],
			"rotation": {"angle": 0, "axis": "y", "origin": [-21, 4, -4]},
			"faces": {
				"north": {"uv": [0, 0, 3, 16], "texture": "#1"},
				"east": {"uv": [0, 0, 16, 16], "texture": "#1"},
				"south": {"uv": [0, 0, 3, 16], "texture": "#1"},
				"west": {"uv": [0, 0, 3, 16], "texture": "#1"},
				"up": {"uv": [0, 0, 3, 16], "texture": "#1"},
				"down": {"uv": [0, 0, 3, 16], "texture": "#1"}
			}
		},
		{
			"name": "Block",
			"from": [15.75, 4, -8],
			"to": [16.25, 8, -4],
			"rotation": {"angle": 0, "axis": "y", "origin": [-5, 4, -8]},
			"faces": {
				"north": {"uv": [0, 0, 3, 16], "texture": "#1"},
				"east": {"uv": [0, 0, 16, 16], "texture": "#1"},
				"south": {"uv": [0, 0, 3, 16], "texture": "#1"},
				"west": {"uv": [0, 0, 3, 16], "texture": "#1"},
				"up": {"uv": [0, 0, 3, 16], "texture": "#1"},
				"down": {"uv": [0, 0, 3, 16], "texture": "#1"}
			}
		},
		{
			"name": "Block",
			"from": [-0.25, 4, -8],
			"to": [0.25, 8, -4],
			"rotation": {"angle": 0, "axis": "y", "origin": [-21, 4, -8]},
			"faces": {
				"north": {"uv": [0, 0, 3, 16], "texture": "#1"},
				"east": {"uv": [0, 0, 16, 16], "texture": "#1"},
				"south": {"uv": [0, 0, 3, 16], "texture": "#1"},
				"west": {"uv": [0, 0, 3, 16], "texture": "#1"},
				"up": {"uv": [0, 0, 3, 16], "texture": "#1"},
				"down": {"uv": [0, 0, 3, 16], "texture": "#1"}
			}
		}
	],
	"gui_light": "front",
	"display": {
		"thirdperson_righthand": {
			"rotation": [90, 0, 0],
			"translation": [-6, 0, -1.75],
			"scale": [4, 4, 4]
		},
		"gui": {
			"rotation": [32.5, 125, 0],
			"translation": [0.75, -1, 0],
			"scale": [0.4, 0.4, 0.4]
		}
	},
	"groups": [
		{
			"name": "Boat",
			"origin": [8, 8, 8],
			"children": [
				{
					"name": "1",
					"origin": [8, 8, 8],
					"children": [
						{
							"name": "Step_up",
							"origin": [8, 8, 8],
							"children": [0, 1, 2, 3, 4, 5, 6, 7, 8, 9, 10, 11, 12, 13, 14, 15, 16, 17, 18, 19, 20, 21, 22, 23, 24, 25, 26, 27, 28, 29, 30, 31, 32, 33, 34, 35, 36, 37, 38, 39, 40, 41, 42, 43, 44, 45, 46, 47, 48, 49, 50, 51, 52, 53, 54, 55, 56, 57, 58, 59, 60, 61, 62, 63, 64, 65, 66, 67, 68, 69, 70, 71, 72, 73, 74, 75, 76, 77, 78, 79, 80, 81, 82, 83, 84, 85, 86, 87, 88, 89, 90, 91, 92, 93, 94, 95, 96, 97, 98, 99, 100, 101, 102, 103, 104, 105, 106, 107, 108, 109, 110, 111, 112, 113]
						},
						{
							"name": "Base",
							"origin": [8, 8, 8],
							"children": [114, 115, 116, 117, 118, 119, 120, 121, 122, 123, 124, 125, 126, 127, 128, 129, 130, 131, 132, 133, 134, 135, 136, 137, 138, 139, 140, 141]
						}
					]
				},
				{
					"name": "2",
					"origin": [8, 8, 8],
					"children": [
						{
							"name": "Step_down",
							"origin": [8, 8, 8],
							"children": [142, 143, 144, 145, 146, 147, 148, 149, 150, 151, 152, 153, 154, 155]
						}
					]
				},
				{
					"name": "3",
					"origin": [8, 8, 8],
					"children": [156, 157, 158, 159, 160, 161, 162, 163]
				},
				{
					"name": "7",
					"origin": [8, 8, 8],
					"children": [
						{
							"name": "Middle_F",
							"origin": [8, 8, 8],
							"children": []
						}
					]
				}
			]
		}
	]
}
