{
	"credit": "Made by HootinglyOwl",
	"textures": {
		"1": "blocks/quartz_block_top",
		"2": "blocks/quartz_block_lines",
		"4": "blocks/wool_colored_purple",
		"particle": "blocks/planks_birch"
	},
	"elements": [
		{
			"from": [30, 14, 15],
			"to": [32, 30, 17],
			"rotation": {"angle": 0, "axis": "x", "origin": [31.5, 22, 16]},
			"faces": {
				"north": {"uv": [0, 0, 0.66667, 5.33333], "texture": "#2"},
				"east": {"uv": [0, 0, 0.66667, 5.33333], "texture": "#2"},
				"south": {"uv": [0, 0, 0.66667, 5.33333], "texture": "#2"},
				"west": {"uv": [0, 0, 0.66667, 5.33333], "texture": "#2"},
				"up": {"uv": [0, 0, 0.66667, 0.66667], "texture": "#2"},
				"down": {"uv": [0, 0, 0.66667, 0.66667], "texture": "#2"}
			}
		},
		{
			"from": [30, 2, -1],
			"to": [32, 21, 1],
			"rotation": {"angle": 0, "axis": "y", "origin": [39, 8, 8]},
			"faces": {
				"north": {"uv": [0, 0, 0.66667, 7], "texture": "#2"},
				"east": {"uv": [0, 0, 0.66667, 7], "texture": "#2"},
				"south": {"uv": [0, 0, 0.66667, 7], "texture": "#2"},
				"west": {"uv": [0, 0, 0.66667, 7], "texture": "#2"},
				"up": {"uv": [0, 0, 0.66667, 0.66667], "texture": "#2"},
				"down": {"uv": [0, 0, 0.66667, 0.66667], "texture": "#2"}
			}
		},
		{
			"from": [30, 2, 15],
			"to": [32, 15, 17],
			"rotation": {"angle": 0, "axis": "y", "origin": [39, 8, 23]},
			"faces": {
				"north": {"uv": [0, 0, 0.66667, 5], "texture": "#2"},
				"east": {"uv": [0, 0, 0.66667, 5], "texture": "#2"},
				"south": {"uv": [0, 0, 0.66667, 5], "texture": "#2"},
				"west": {"uv": [0, 0, 0.66667, 5], "texture": "#2"},
				"up": {"uv": [0, 0, 0.66667, 0.66667], "texture": "#2"},
				"down": {"uv": [0, 0, 0.66667, 0.66667], "texture": "#2"}
			}
		},
		{
			"from": [31, 6, 1],
			"to": [32, 7, 15],
			"rotation": {"angle": 0, "axis": "y", "origin": [39, 14, 10]},
			"faces": {
				"north": {"uv": [0, 0, 0.33333, 0.33333], "texture": "#2"},
				"east": {"uv": [0, 0, 4.66667, 0.33333], "texture": "#2"},
				"south": {"uv": [0, 0, 0.33333, 0.33333], "texture": "#2"},
				"west": {"uv": [0, 0, 4.66667, 0.33333], "texture": "#2"},
				"up": {"uv": [0, 0, 0.33333, 4.66667], "texture": "#2"},
				"down": {"uv": [0, 0, 0.33333, 4.66667], "texture": "#2"}
			}
		},
		{
			"from": [31, 12, 1],
			"to": [32, 13, 15],
			"rotation": {"angle": 0, "axis": "y", "origin": [39, 20, 10]},
			"faces": {
				"north": {"uv": [0, 0, 0.33333, 0.33333], "texture": "#2"},
				"east": {"uv": [0, 0, 4.66667, 0.33333], "texture": "#2"},
				"south": {"uv": [0, 0, 0.33333, 0.33333], "texture": "#2"},
				"west": {"uv": [0, 0, 4.66667, 0.33333], "texture": "#2"},
				"up": {"uv": [0, 0, 0.33333, 4.66667], "texture": "#2"},
				"down": {"uv": [0, 0, 0.33333, 4.66667], "texture": "#2"}
			}
		},
		{
			"from": [17, 12, 1],
			"to": [18, 13, 15],
			"rotation": {"angle": 0, "axis": "y", "origin": [25, 20, 10]},
			"faces": {
				"north": {"uv": [0, 0, 0.33333, 0.33333], "texture": "#2"},
				"east": {"uv": [0, 0, 4.66667, 0.33333], "texture": "#2"},
				"south": {"uv": [0, 0, 0.33333, 0.33333], "texture": "#2"},
				"west": {"uv": [0, 0, 4.66667, 0.33333], "texture": "#2"},
				"up": {"uv": [0, 0, 0.33333, 4.66667], "texture": "#2"},
				"down": {"uv": [0, 0, 0.33333, 4.66667], "texture": "#2"}
			}
		},
		{
			"from": [-2, 12, 1],
			"to": [-1, 13, 15],
			"rotation": {"angle": 0, "axis": "y", "origin": [6, 20, 10]},
			"faces": {
				"north": {"uv": [0, 0, 0.33333, 0.33333], "texture": "#2"},
				"east": {"uv": [0, 0, 4.66667, 0.33333], "texture": "#2"},
				"south": {"uv": [0, 0, 0.33333, 0.33333], "texture": "#2"},
				"west": {"uv": [0, 0, 4.66667, 0.33333], "texture": "#2"},
				"up": {"uv": [0, 0, 0.33333, 4.66667], "texture": "#2"},
				"down": {"uv": [0, 0, 0.33333, 4.66667], "texture": "#2"}
			}
		},
		{
			"from": [30, 21, 0],
			"to": [32, 22, 15],
			"rotation": {"angle": 0, "axis": "y", "origin": [39, 29, 10]},
			"faces": {
				"north": {"uv": [0, 0, 0.66667, 0.33333], "texture": "#1"},
				"east": {"uv": [0, 0, 5, 0.33333], "texture": "#1"},
				"south": {"uv": [0, 0, 0.66667, 0.33333], "texture": "#1"},
				"west": {"uv": [0, 0, 5, 0.33333], "texture": "#1"},
				"up": {"uv": [0, 0, 0.66667, 5], "texture": "#1"},
				"down": {"uv": [0, 0, 0.66667, 5], "texture": "#1"}
			}
		},
		{
			"from": [30, 20.41021, -2.42388],
			"to": [32, 21.41021, -1.42388],
			"rotation": {"angle": -45, "axis": "x", "origin": [31.5, 20.91021, -1.92388]},
			"faces": {
				"north": {"uv": [0, 0, 0.66667, 0.33333], "texture": "#1"},
				"east": {"uv": [0, 0, 0.33333, 0.33333], "texture": "#1"},
				"south": {"uv": [0, 0, 0.66667, 0.33333], "texture": "#1"},
				"west": {"uv": [0, 0, 0.33333, 0.33333], "texture": "#1"},
				"up": {"uv": [0, 0, 0.66667, 0.33333], "texture": "#1"},
				"down": {"uv": [0, 0, 0.66667, 0.33333], "texture": "#1"}
			}
		},
		{
			"from": [30, 21, -1],
			"to": [32, 22, 0],
			"rotation": {"angle": 0, "axis": "y", "origin": [39, 29, 7]},
			"faces": {
				"north": {"uv": [0, 0, 0.66667, 0.33333], "texture": "#1"},
				"east": {"uv": [0, 0, 0.33333, 0.33333], "texture": "#1"},
				"south": {"uv": [0, 0, 0.66667, 0.33333], "texture": "#1"},
				"west": {"uv": [0, 0, 0.33333, 0.33333], "texture": "#1"},
				"up": {"uv": [0, 0, 0.66667, 0.33333], "texture": "#1"},
				"down": {"uv": [0, 0, 0.66667, 0.33333], "texture": "#1"}
			}
		},
		{
			"from": [30, 20.84672, -1.7706],
			"to": [32, 21.84672, -0.7706],
			"rotation": {"angle": -22.5, "axis": "x", "origin": [31.5, 21.34672, -1.2706]},
			"faces": {
				"north": {"uv": [0, 0, 0.66667, 0.33333], "texture": "#1"},
				"east": {"uv": [0, 0, 0.33333, 0.33333], "texture": "#1"},
				"south": {"uv": [0, 0, 0.66667, 0.33333], "texture": "#1"},
				"west": {"uv": [0, 0, 0.33333, 0.33333], "texture": "#1"},
				"up": {"uv": [0, 0, 0.66667, 0.33333], "texture": "#1"},
				"down": {"uv": [0, 0, 0.66667, 0.33333], "texture": "#1"}
			}
		},
		{
			"from": [-16, 14, 15],
			"to": [-14, 30, 17],
			"rotation": {"angle": 0, "axis": "x", "origin": [-15.5, 22, 16]},
			"faces": {
				"north": {"uv": [0, 0, 0.66667, 5.33333], "texture": "#2"},
				"east": {"uv": [0, 0, 0.66667, 5.33333], "texture": "#2"},
				"south": {"uv": [0, 0, 0.66667, 5.33333], "texture": "#2"},
				"west": {"uv": [0, 0, 0.66667, 5.33333], "texture": "#2"},
				"up": {"uv": [0, 0, 0.66667, 0.66667], "texture": "#2"},
				"down": {"uv": [0, 0, 0.66667, 0.66667], "texture": "#2"}
			}
		},
		{
			"from": [-16, 2, -1],
			"to": [-14, 21, 1],
			"rotation": {"angle": 0, "axis": "y", "origin": [-8, 8, 8]},
			"faces": {
				"north": {"uv": [0, 0, 0.66667, 7], "texture": "#2"},
				"east": {"uv": [0, 0, 0.66667, 7], "texture": "#2"},
				"south": {"uv": [0, 0, 0.66667, 7], "texture": "#2"},
				"west": {"uv": [0, 0, 0.66667, 7], "texture": "#2"},
				"up": {"uv": [0, 0, 0.66667, 0.66667], "texture": "#2"},
				"down": {"uv": [0, 0, 0.66667, 0.66667], "texture": "#2"}
			}
		},
		{
			"from": [-16, 2, 15],
			"to": [-14, 15, 17],
			"rotation": {"angle": 0, "axis": "y", "origin": [-8, 8, 23]},
			"faces": {
				"north": {"uv": [0, 0, 0.66667, 5], "texture": "#2"},
				"east": {"uv": [0, 0, 0.66667, 5], "texture": "#2"},
				"south": {"uv": [0, 0, 0.66667, 5], "texture": "#2"},
				"west": {"uv": [0, 0, 0.66667, 5], "texture": "#2"},
				"up": {"uv": [0, 0, 0.66667, 0.66667], "texture": "#2"},
				"down": {"uv": [0, 0, 0.66667, 0.66667], "texture": "#2"}
			}
		},
		{
			"from": [-16, 6, 1],
			"to": [-15, 7, 15],
			"rotation": {"angle": 0, "axis": "y", "origin": [-8, 14, 10]},
			"faces": {
				"north": {"uv": [0, 0, 0.33333, 0.33333], "texture": "#2"},
				"east": {"uv": [0, 0, 4.66667, 0.33333], "texture": "#2"},
				"south": {"uv": [0, 0, 0.33333, 0.33333], "texture": "#2"},
				"west": {"uv": [0, 0, 4.66667, 0.33333], "texture": "#2"},
				"up": {"uv": [0, 0, 0.33333, 4.66667], "texture": "#2"},
				"down": {"uv": [0, 0, 0.33333, 4.66667], "texture": "#2"}
			}
		},
		{
			"from": [-16, 12, 1],
			"to": [-15, 13, 15],
			"rotation": {"angle": 0, "axis": "y", "origin": [-8, 20, 10]},
			"faces": {
				"north": {"uv": [0, 0, 0.33333, 0.33333], "texture": "#2"},
				"east": {"uv": [0, 0, 4.66667, 0.33333], "texture": "#2"},
				"south": {"uv": [0, 0, 0.33333, 0.33333], "texture": "#2"},
				"west": {"uv": [0, 0, 4.66667, 0.33333], "texture": "#2"},
				"up": {"uv": [0, 0, 0.33333, 4.66667], "texture": "#2"},
				"down": {"uv": [0, 0, 0.33333, 4.66667], "texture": "#2"}
			}
		},
		{
			"from": [-16, 21, 0],
			"to": [-14, 22, 15],
			"rotation": {"angle": 0, "axis": "y", "origin": [-8, 29, 10]},
			"faces": {
				"north": {"uv": [0, 0, 0.66667, 0.33333], "texture": "#1"},
				"east": {"uv": [0, 0, 5, 0.33333], "texture": "#1"},
				"south": {"uv": [0, 0, 0.66667, 0.33333], "texture": "#1"},
				"west": {"uv": [0, 0, 5, 0.33333], "texture": "#1"},
				"up": {"uv": [0, 0, 0.66667, 5], "texture": "#1"},
				"down": {"uv": [0, 0, 0.66667, 5], "texture": "#1"}
			}
		},
		{
			"from": [-16, 20.41021, -2.42388],
			"to": [-14, 21.41021, -1.42388],
			"rotation": {"angle": -45, "axis": "x", "origin": [-15.5, 20.91021, -1.92388]},
			"faces": {
				"north": {"uv": [0, 0, 0.66667, 0.33333], "texture": "#1"},
				"east": {"uv": [0, 0, 0.33333, 0.33333], "texture": "#1"},
				"south": {"uv": [0, 0, 0.66667, 0.33333], "texture": "#1"},
				"west": {"uv": [0, 0, 0.33333, 0.33333], "texture": "#1"},
				"up": {"uv": [0, 0, 0.66667, 0.33333], "texture": "#1"},
				"down": {"uv": [0, 0, 0.66667, 0.33333], "texture": "#1"}
			}
		},
		{
			"from": [-16, 21, -1],
			"to": [-14, 22, 0],
			"rotation": {"angle": 0, "axis": "y", "origin": [-8, 29, 7]},
			"faces": {
				"north": {"uv": [0, 0, 0.66667, 0.33333], "texture": "#1"},
				"east": {"uv": [0, 0, 0.33333, 0.33333], "texture": "#1"},
				"south": {"uv": [0, 0, 0.66667, 0.33333], "texture": "#1"},
				"west": {"uv": [0, 0, 0.33333, 0.33333], "texture": "#1"},
				"up": {"uv": [0, 0, 0.66667, 0.33333], "texture": "#1"},
				"down": {"uv": [0, 0, 0.66667, 0.33333], "texture": "#1"}
			}
		},
		{
			"from": [-16, 20.84672, -1.7706],
			"to": [-14, 21.84672, -0.7706],
			"rotation": {"angle": -22.5, "axis": "x", "origin": [-15.5, 21.34672, -1.2706]},
			"faces": {
				"north": {"uv": [0, 0, 0.66667, 0.33333], "texture": "#1"},
				"east": {"uv": [0, 0, 0.33333, 0.33333], "texture": "#1"},
				"south": {"uv": [0, 0, 0.66667, 0.33333], "texture": "#1"},
				"west": {"uv": [0, 0, 0.33333, 0.33333], "texture": "#1"},
				"up": {"uv": [0, 0, 0.66667, 0.33333], "texture": "#1"},
				"down": {"uv": [0, 0, 0.66667, 0.33333], "texture": "#1"}
			}
		},
		{
			"from": [-16, 13, 1],
			"to": [32, 14, 3],
			"rotation": {"angle": 0, "axis": "y", "origin": [-7, 21, 10]},
			"faces": {
				"north": {"uv": [0, 0, 16, 0.33333], "texture": "#4"},
				"east": {"uv": [0, 0, 0.66667, 0.33333], "texture": "#4"},
				"south": {"uv": [0, 0, 16, 0.33333], "texture": "#4"},
				"west": {"uv": [0, 0, 0.66667, 0.33333], "texture": "#4"},
				"up": {"uv": [0, 0, 16, 0.66667], "texture": "#4"},
				"down": {"uv": [0, 0, 16, 0.66667], "texture": "#4"}
			}
		},
		{
			"from": [-14, 12, -1],
			"to": [30, 13, 1],
			"rotation": {"angle": 0, "axis": "y", "origin": [-7, 20, 8]},
			"faces": {
				"north": {"uv": [0, 0, 14.66667, 0.33333], "texture": "#1"},
				"east": {"uv": [0, 0, 0.66667, 0.33333], "texture": "#1"},
				"south": {"uv": [0, 0, 14.66667, 0.33333], "texture": "#1"},
				"west": {"uv": [0, 0, 0.66667, 0.33333], "texture": "#1"},
				"up": {"uv": [0, 0, 14.66667, 0.66667], "texture": "#1"},
				"down": {"uv": [0, 0, 14.66667, 0.66667], "texture": "#1"}
			}
		},
		{
			"from": [-14, 12, 15],
			"to": [30, 13, 17],
			"rotation": {"angle": 0, "axis": "y", "origin": [-7, 20, 24]},
			"faces": {
				"north": {"uv": [0, 0, 14.66667, 0.33333], "texture": "#2"},
				"east": {"uv": [0, 0, 0.66667, 0.33333], "texture": "#2"},
				"south": {"uv": [0, 0, 14.66667, 0.33333], "texture": "#2"},
				"west": {"uv": [0, 0, 0.66667, 0.33333], "texture": "#2"},
				"up": {"uv": [0, 0, 14.66667, 0.66667], "texture": "#2"},
				"down": {"uv": [0, 0, 14.66667, 0.66667], "texture": "#2"}
			}
		},
		{
			"from": [-14, 15, 15],
			"to": [30, 16, 17],
			"rotation": {"angle": 0, "axis": "y", "origin": [-7, 23, 24]},
			"faces": {
				"north": {"uv": [0, 0, 14.66667, 0.33333], "texture": "#1"},
				"east": {"uv": [0, 0, 0.66667, 0.33333], "texture": "#1"},
				"south": {"uv": [0, 0, 14.66667, 0.33333], "texture": "#1"},
				"west": {"uv": [0, 0, 0.66667, 0.33333], "texture": "#1"},
				"up": {"uv": [0, 0, 14.66667, 0.66667], "texture": "#1"},
				"down": {"uv": [0, 0, 14.66667, 0.66667], "texture": "#1"}
			}
		},
		{
			"from": [-16, 13, 13],
			"to": [32, 14, 15],
			"rotation": {"angle": 0, "axis": "y", "origin": [-7, 21, 22]},
			"faces": {
				"north": {"uv": [0, 0, 16, 0.33333], "texture": "#4"},
				"east": {"uv": [0, 0, 0.66667, 0.33333], "texture": "#4"},
				"south": {"uv": [0, 0, 16, 0.33333], "texture": "#4"},
				"west": {"uv": [0, 0, 0.66667, 0.33333], "texture": "#4"},
				"up": {"uv": [0, 0, 16, 0.66667], "texture": "#4"},
				"down": {"uv": [0, 0, 16, 0.66667], "texture": "#4"}
			}
		},
		{
			"from": [-16, 13, 10],
			"to": [32, 14, 12],
			"rotation": {"angle": 0, "axis": "y", "origin": [-7, 21, 19]},
			"faces": {
				"north": {"uv": [0, 0, 16, 0.33333], "texture": "#4"},
				"east": {"uv": [0, 0, 0.66667, 0.33333], "texture": "#4"},
				"south": {"uv": [0, 0, 16, 0.33333], "texture": "#4"},
				"west": {"uv": [0, 0, 0.66667, 0.33333], "texture": "#4"},
				"up": {"uv": [0, 0, 16, 0.66667], "texture": "#4"},
				"down": {"uv": [0, 0, 16, 0.66667], "texture": "#4"}
			}
		},
		{
			"from": [-16, 13, 7],
			"to": [32, 14, 9],
			"rotation": {"angle": 0, "axis": "y", "origin": [-7, 21, 16]},
			"faces": {
				"north": {"uv": [0, 0, 16, 0.33333], "texture": "#4"},
				"east": {"uv": [0, 0, 0.66667, 0.33333], "texture": "#4"},
				"south": {"uv": [0, 0, 16, 0.33333], "texture": "#4"},
				"west": {"uv": [0, 0, 0.66667, 0.33333], "texture": "#4"},
				"up": {"uv": [0, 0, 16, 0.66667], "texture": "#4"},
				"down": {"uv": [0, 0, 16, 0.66667], "texture": "#4"}
			}
		},
		{
			"from": [-16, 13, 4],
			"to": [32, 14, 6],
			"rotation": {"angle": 0, "axis": "y", "origin": [-7, 21, 13]},
			"faces": {
				"north": {"uv": [0, 0, 16, 0.33333], "texture": "#4"},
				"east": {"uv": [0, 0, 0.66667, 0.33333], "texture": "#4"},
				"south": {"uv": [0, 0, 16, 0.33333], "texture": "#4"},
				"west": {"uv": [0, 0, 0.66667, 0.33333], "texture": "#4"},
				"up": {"uv": [0, 0, 16, 0.66667], "texture": "#4"},
				"down": {"uv": [0, 0, 16, 0.66667], "texture": "#4"}
			}
		},
		{
			"name": "hexadecagon",
			"from": [7.00544, 25, 15.5],
			"to": [8.99456, 26, 16.5],
			"rotation": {"angle": -45, "axis": "z", "origin": [8, 21, 16]},
			"faces": {
				"north": {"uv": [0, 0, 0.33333, 0.33333], "rotation": 180, "texture": "#1"},
				"east": {"uv": [0, 0, 0.33333, 0.33333], "rotation": 270, "texture": "#1"},
				"south": {"uv": [0, 0, 0.33333, 0.33333], "texture": "#1"},
				"west": {"uv": [0, 0, 0.33333, 0.33333], "rotation": 90, "texture": "#1"},
				"up": {"uv": [0, 0, 0.33333, 0.33333], "rotation": 180, "texture": "#1"},
				"down": {"uv": [0, 0, 0.33333, 0.33333], "texture": "#1"}
			}
		},
		{
			"name": "hexadecagon",
			"from": [7.00544, 25, 15.5],
			"to": [8.99456, 26, 16.5],
			"rotation": {"angle": -22.5, "axis": "z", "origin": [8, 21, 16]},
			"faces": {
				"north": {"uv": [0, 0, 0.33333, 0.33333], "rotation": 180, "texture": "#1"},
				"east": {"uv": [0, 0, 0.33333, 0.33333], "rotation": 270, "texture": "#1"},
				"south": {"uv": [0, 0, 0.33333, 0.33333], "texture": "#1"},
				"west": {"uv": [0, 0, 0.33333, 0.33333], "rotation": 90, "texture": "#1"},
				"up": {"uv": [0, 0, 0.33333, 0.33333], "rotation": 180, "texture": "#1"},
				"down": {"uv": [0, 0, 0.33333, 0.33333], "texture": "#1"}
			}
		},
		{
			"name": "hexadecagon",
			"from": [7.00544, 25, 15.5],
			"to": [8.99456, 26, 16.5],
			"rotation": {"angle": 0, "axis": "y", "origin": [8, 21, 16]},
			"faces": {
				"north": {"uv": [0, 0, 0.33333, 0.33333], "rotation": 180, "texture": "#1"},
				"east": {"uv": [0, 0, 0.33333, 0.33333], "rotation": 270, "texture": "#1"},
				"south": {"uv": [0, 0, 0.33333, 0.33333], "texture": "#1"},
				"west": {"uv": [0, 0, 0.33333, 0.33333], "rotation": 90, "texture": "#1"},
				"up": {"uv": [0, 0, 0.33333, 0.33333], "rotation": 180, "texture": "#1"},
				"down": {"uv": [0, 0, 0.33333, 0.33333], "texture": "#1"}
			}
		},
		{
			"name": "hexadecagon",
			"from": [7.00544, 25, 15.5],
			"to": [8.99456, 26, 16.5],
			"rotation": {"angle": 22.5, "axis": "z", "origin": [8, 21, 16]},
			"faces": {
				"north": {"uv": [0, 0, 0.33333, 0.33333], "rotation": 180, "texture": "#1"},
				"east": {"uv": [0, 0, 0.33333, 0.33333], "rotation": 270, "texture": "#1"},
				"south": {"uv": [0, 0, 0.33333, 0.33333], "texture": "#1"},
				"west": {"uv": [0, 0, 0.33333, 0.33333], "rotation": 90, "texture": "#1"},
				"up": {"uv": [0, 0, 0.33333, 0.33333], "rotation": 180, "texture": "#1"},
				"down": {"uv": [0, 0, 0.33333, 0.33333], "texture": "#1"}
			}
		},
		{
			"name": "hexadecagon",
			"from": [7.00544, 25, 15.5],
			"to": [8.99456, 26, 16.5],
			"rotation": {"angle": 45, "axis": "z", "origin": [8, 21, 16]},
			"faces": {
				"north": {"uv": [0, 0, 0.33333, 0.33333], "rotation": 180, "texture": "#1"},
				"east": {"uv": [0, 0, 0.33333, 0.33333], "rotation": 270, "texture": "#1"},
				"south": {"uv": [0, 0, 0.33333, 0.33333], "texture": "#1"},
				"west": {"uv": [0, 0, 0.33333, 0.33333], "rotation": 90, "texture": "#1"},
				"up": {"uv": [0, 0, 0.33333, 0.33333], "rotation": 180, "texture": "#1"},
				"down": {"uv": [0, 0, 0.33333, 0.33333], "texture": "#1"}
			}
		},
		{
			"name": "hexadecagon",
			"from": [7.00544, 16, 15.5],
			"to": [8.99456, 17, 16.5],
			"rotation": {"angle": -45, "axis": "z", "origin": [8, 21, 16]},
			"faces": {
				"north": {"uv": [0, 0, 0.33333, 0.33333], "rotation": 180, "texture": "#1"},
				"east": {"uv": [0, 0, 0.33333, 0.33333], "rotation": 270, "texture": "#1"},
				"south": {"uv": [0, 0, 0.33333, 0.33333], "texture": "#1"},
				"west": {"uv": [0, 0, 0.33333, 0.33333], "rotation": 90, "texture": "#1"},
				"up": {"uv": [0, 0, 0.33333, 0.33333], "rotation": 180, "texture": "#1"},
				"down": {"uv": [0, 0, 0.33333, 0.33333], "texture": "#1"}
			}
		},
		{
			"name": "hexadecagon",
			"from": [7.00544, 16, 15.5],
			"to": [8.99456, 17, 16.5],
			"rotation": {"angle": -22.5, "axis": "z", "origin": [8, 21, 16]},
			"faces": {
				"north": {"uv": [0, 0, 0.33333, 0.33333], "rotation": 180, "texture": "#1"},
				"east": {"uv": [0, 0, 0.33333, 0.33333], "rotation": 270, "texture": "#1"},
				"south": {"uv": [0, 0, 0.33333, 0.33333], "texture": "#1"},
				"west": {"uv": [0, 0, 0.33333, 0.33333], "rotation": 90, "texture": "#1"},
				"up": {"uv": [0, 0, 0.33333, 0.33333], "rotation": 180, "texture": "#1"},
				"down": {"uv": [0, 0, 0.33333, 0.33333], "texture": "#1"}
			}
		},
		{
			"name": "hexadecagon",
			"from": [7.00544, 16, 15.5],
			"to": [8.99456, 17, 16.5],
			"rotation": {"angle": 0, "axis": "y", "origin": [8, 21, 16]},
			"faces": {
				"north": {"uv": [0, 0, 0.33333, 0.33333], "rotation": 180, "texture": "#1"},
				"east": {"uv": [0, 0, 0.33333, 0.33333], "rotation": 270, "texture": "#1"},
				"south": {"uv": [0, 0, 0.33333, 0.33333], "texture": "#1"},
				"west": {"uv": [0, 0, 0.33333, 0.33333], "rotation": 90, "texture": "#1"},
				"up": {"uv": [0, 0, 0.33333, 0.33333], "rotation": 180, "texture": "#1"},
				"down": {"uv": [0, 0, 0.33333, 0.33333], "texture": "#1"}
			}
		},
		{
			"name": "hexadecagon",
			"from": [7.00544, 16, 15.5],
			"to": [8.99456, 17, 16.5],
			"rotation": {"angle": 22.5, "axis": "z", "origin": [8, 21, 16]},
			"faces": {
				"north": {"uv": [0, 0, 0.33333, 0.33333], "rotation": 180, "texture": "#1"},
				"east": {"uv": [0, 0, 0.33333, 0.33333], "rotation": 270, "texture": "#1"},
				"south": {"uv": [0, 0, 0.33333, 0.33333], "texture": "#1"},
				"west": {"uv": [0, 0, 0.33333, 0.33333], "rotation": 90, "texture": "#1"},
				"up": {"uv": [0, 0, 0.33333, 0.33333], "rotation": 180, "texture": "#1"},
				"down": {"uv": [0, 0, 0.33333, 0.33333], "texture": "#1"}
			}
		},
		{
			"name": "hexadecagon",
			"from": [7.00544, 16, 15.5],
			"to": [8.99456, 17, 16.5],
			"rotation": {"angle": 45, "axis": "z", "origin": [8, 21, 16]},
			"faces": {
				"north": {"uv": [0, 0, 0.33333, 0.33333], "rotation": 180, "texture": "#1"},
				"east": {"uv": [0, 0, 0.33333, 0.33333], "rotation": 270, "texture": "#1"},
				"south": {"uv": [0, 0, 0.33333, 0.33333], "texture": "#1"},
				"west": {"uv": [0, 0, 0.33333, 0.33333], "rotation": 90, "texture": "#1"},
				"up": {"uv": [0, 0, 0.33333, 0.33333], "rotation": 180, "texture": "#1"},
				"down": {"uv": [0, 0, 0.33333, 0.33333], "texture": "#1"}
			}
		},
		{
			"name": "hexadecagon",
			"from": [3, 20.00544, 15.5],
			"to": [4, 21.99456, 16.5],
			"rotation": {"angle": -22.5, "axis": "z", "origin": [8, 21, 16]},
			"faces": {
				"north": {"uv": [0, 0, 0.33333, 0.33333], "rotation": 180, "texture": "#1"},
				"east": {"uv": [0, 0, 0.33333, 0.33333], "rotation": 270, "texture": "#1"},
				"south": {"uv": [0, 0, 0.33333, 0.33333], "texture": "#1"},
				"west": {"uv": [0, 0, 0.33333, 0.33333], "rotation": 90, "texture": "#1"},
				"up": {"uv": [0, 0, 0.33333, 0.33333], "rotation": 180, "texture": "#1"},
				"down": {"uv": [0, 0, 0.33333, 0.33333], "texture": "#1"}
			}
		},
		{
			"name": "hexadecagon",
			"from": [3, 20.00544, 15.5],
			"to": [4, 21.99456, 16.5],
			"rotation": {"angle": 0, "axis": "y", "origin": [8, 21, 16]},
			"faces": {
				"north": {"uv": [0, 0, 0.33333, 0.33333], "rotation": 180, "texture": "#1"},
				"east": {"uv": [0, 0, 0.33333, 0.33333], "rotation": 270, "texture": "#1"},
				"south": {"uv": [0, 0, 0.33333, 0.33333], "texture": "#1"},
				"west": {"uv": [0, 0, 0.33333, 0.33333], "rotation": 90, "texture": "#1"},
				"up": {"uv": [0, 0, 0.33333, 0.33333], "rotation": 180, "texture": "#1"},
				"down": {"uv": [0, 0, 0.33333, 0.33333], "texture": "#1"}
			}
		},
		{
			"name": "hexadecagon",
			"from": [3, 20.00544, 15.5],
			"to": [4, 21.99456, 16.5],
			"rotation": {"angle": 22.5, "axis": "z", "origin": [8, 21, 16]},
			"faces": {
				"north": {"uv": [0, 0, 0.33333, 0.33333], "rotation": 180, "texture": "#1"},
				"east": {"uv": [0, 0, 0.33333, 0.33333], "rotation": 270, "texture": "#1"},
				"south": {"uv": [0, 0, 0.33333, 0.33333], "texture": "#1"},
				"west": {"uv": [0, 0, 0.33333, 0.33333], "rotation": 90, "texture": "#1"},
				"up": {"uv": [0, 0, 0.33333, 0.33333], "rotation": 180, "texture": "#1"},
				"down": {"uv": [0, 0, 0.33333, 0.33333], "texture": "#1"}
			}
		},
		{
			"name": "hexadecagon",
			"from": [12, 20.00544, 15.5],
			"to": [13, 21.99456, 16.5],
			"rotation": {"angle": -22.5, "axis": "z", "origin": [8, 21, 16]},
			"faces": {
				"north": {"uv": [0, 0, 0.33333, 0.33333], "rotation": 180, "texture": "#1"},
				"east": {"uv": [0, 0, 0.33333, 0.33333], "rotation": 270, "texture": "#1"},
				"south": {"uv": [0, 0, 0.33333, 0.33333], "texture": "#1"},
				"west": {"uv": [0, 0, 0.33333, 0.33333], "rotation": 90, "texture": "#1"},
				"up": {"uv": [0, 0, 0.33333, 0.33333], "rotation": 180, "texture": "#1"},
				"down": {"uv": [0, 0, 0.33333, 0.33333], "texture": "#1"}
			}
		},
		{
			"name": "hexadecagon",
			"from": [12, 20.00544, 15.5],
			"to": [13, 21.99456, 16.5],
			"rotation": {"angle": 0, "axis": "y", "origin": [8, 21, 16]},
			"faces": {
				"north": {"uv": [0, 0, 0.33333, 0.33333], "rotation": 180, "texture": "#1"},
				"east": {"uv": [0, 0, 0.33333, 0.33333], "rotation": 270, "texture": "#1"},
				"south": {"uv": [0, 0, 0.33333, 0.33333], "texture": "#1"},
				"west": {"uv": [0, 0, 0.33333, 0.33333], "rotation": 90, "texture": "#1"},
				"up": {"uv": [0, 0, 0.33333, 0.33333], "rotation": 180, "texture": "#1"},
				"down": {"uv": [0, 0, 0.33333, 0.33333], "texture": "#1"}
			}
		},
		{
			"name": "hexadecagon",
			"from": [12, 20.00544, 15.5],
			"to": [13, 21.99456, 16.5],
			"rotation": {"angle": 22.5, "axis": "z", "origin": [8, 21, 16]},
			"faces": {
				"north": {"uv": [0, 0, 0.33333, 0.33333], "rotation": 180, "texture": "#1"},
				"east": {"uv": [0, 0, 0.33333, 0.33333], "rotation": 270, "texture": "#1"},
				"south": {"uv": [0, 0, 0.33333, 0.33333], "texture": "#1"},
				"west": {"uv": [0, 0, 0.33333, 0.33333], "rotation": 90, "texture": "#1"},
				"up": {"uv": [0, 0, 0.33333, 0.33333], "rotation": 180, "texture": "#1"},
				"down": {"uv": [0, 0, 0.33333, 0.33333], "texture": "#1"}
			}
		},
		{
			"name": "hexadecagon",
			"from": [23.00544, 25, 15.5],
			"to": [24.99456, 26, 16.5],
			"rotation": {"angle": -45, "axis": "z", "origin": [24, 21, 16]},
			"faces": {
				"north": {"uv": [0, 0, 0.33333, 0.33333], "rotation": 180, "texture": "#1"},
				"east": {"uv": [0, 0, 0.33333, 0.33333], "rotation": 270, "texture": "#1"},
				"south": {"uv": [0, 0, 0.33333, 0.33333], "texture": "#1"},
				"west": {"uv": [0, 0, 0.33333, 0.33333], "rotation": 90, "texture": "#1"},
				"up": {"uv": [0, 0, 0.33333, 0.33333], "rotation": 180, "texture": "#1"},
				"down": {"uv": [0, 0, 0.33333, 0.33333], "texture": "#1"}
			}
		},
		{
			"name": "hexadecagon",
			"from": [23.00544, 25, 15.5],
			"to": [24.99456, 26, 16.5],
			"rotation": {"angle": -22.5, "axis": "z", "origin": [24, 21, 16]},
			"faces": {
				"north": {"uv": [0, 0, 0.33333, 0.33333], "rotation": 180, "texture": "#1"},
				"east": {"uv": [0, 0, 0.33333, 0.33333], "rotation": 270, "texture": "#1"},
				"south": {"uv": [0, 0, 0.33333, 0.33333], "texture": "#1"},
				"west": {"uv": [0, 0, 0.33333, 0.33333], "rotation": 90, "texture": "#1"},
				"up": {"uv": [0, 0, 0.33333, 0.33333], "rotation": 180, "texture": "#1"},
				"down": {"uv": [0, 0, 0.33333, 0.33333], "texture": "#1"}
			}
		},
		{
			"name": "hexadecagon",
			"from": [23.00544, 25, 15.5],
			"to": [24.99456, 26, 16.5],
			"rotation": {"angle": 0, "axis": "y", "origin": [24, 21, 16]},
			"faces": {
				"north": {"uv": [0, 0, 0.33333, 0.33333], "rotation": 180, "texture": "#1"},
				"east": {"uv": [0, 0, 0.33333, 0.33333], "rotation": 270, "texture": "#1"},
				"south": {"uv": [0, 0, 0.33333, 0.33333], "texture": "#1"},
				"west": {"uv": [0, 0, 0.33333, 0.33333], "rotation": 90, "texture": "#1"},
				"up": {"uv": [0, 0, 0.33333, 0.33333], "rotation": 180, "texture": "#1"},
				"down": {"uv": [0, 0, 0.33333, 0.33333], "texture": "#1"}
			}
		},
		{
			"name": "hexadecagon",
			"from": [23.00544, 25, 15.5],
			"to": [24.99456, 26, 16.5],
			"rotation": {"angle": 22.5, "axis": "z", "origin": [24, 21, 16]},
			"faces": {
				"north": {"uv": [0, 0, 0.33333, 0.33333], "rotation": 180, "texture": "#1"},
				"east": {"uv": [0, 0, 0.33333, 0.33333], "rotation": 270, "texture": "#1"},
				"south": {"uv": [0, 0, 0.33333, 0.33333], "texture": "#1"},
				"west": {"uv": [0, 0, 0.33333, 0.33333], "rotation": 90, "texture": "#1"},
				"up": {"uv": [0, 0, 0.33333, 0.33333], "rotation": 180, "texture": "#1"},
				"down": {"uv": [0, 0, 0.33333, 0.33333], "texture": "#1"}
			}
		},
		{
			"name": "hexadecagon",
			"from": [23.00544, 25, 15.5],
			"to": [24.99456, 26, 16.5],
			"rotation": {"angle": 45, "axis": "z", "origin": [24, 21, 16]},
			"faces": {
				"north": {"uv": [0, 0, 0.33333, 0.33333], "rotation": 180, "texture": "#1"},
				"east": {"uv": [0, 0, 0.33333, 0.33333], "rotation": 270, "texture": "#1"},
				"south": {"uv": [0, 0, 0.33333, 0.33333], "texture": "#1"},
				"west": {"uv": [0, 0, 0.33333, 0.33333], "rotation": 90, "texture": "#1"},
				"up": {"uv": [0, 0, 0.33333, 0.33333], "rotation": 180, "texture": "#1"},
				"down": {"uv": [0, 0, 0.33333, 0.33333], "texture": "#1"}
			}
		},
		{
			"name": "hexadecagon",
			"from": [23.00544, 16, 15.5],
			"to": [24.99456, 17, 16.5],
			"rotation": {"angle": -45, "axis": "z", "origin": [24, 21, 16]},
			"faces": {
				"north": {"uv": [0, 0, 0.33333, 0.33333], "rotation": 180, "texture": "#1"},
				"east": {"uv": [0, 0, 0.33333, 0.33333], "rotation": 270, "texture": "#1"},
				"south": {"uv": [0, 0, 0.33333, 0.33333], "texture": "#1"},
				"west": {"uv": [0, 0, 0.33333, 0.33333], "rotation": 90, "texture": "#1"},
				"up": {"uv": [0, 0, 0.33333, 0.33333], "rotation": 180, "texture": "#1"},
				"down": {"uv": [0, 0, 0.33333, 0.33333], "texture": "#1"}
			}
		},
		{
			"name": "hexadecagon",
			"from": [23.00544, 16, 15.5],
			"to": [24.99456, 17, 16.5],
			"rotation": {"angle": -22.5, "axis": "z", "origin": [24, 21, 16]},
			"faces": {
				"north": {"uv": [0, 0, 0.33333, 0.33333], "rotation": 180, "texture": "#1"},
				"east": {"uv": [0, 0, 0.33333, 0.33333], "rotation": 270, "texture": "#1"},
				"south": {"uv": [0, 0, 0.33333, 0.33333], "texture": "#1"},
				"west": {"uv": [0, 0, 0.33333, 0.33333], "rotation": 90, "texture": "#1"},
				"up": {"uv": [0, 0, 0.33333, 0.33333], "rotation": 180, "texture": "#1"},
				"down": {"uv": [0, 0, 0.33333, 0.33333], "texture": "#1"}
			}
		},
		{
			"name": "hexadecagon",
			"from": [23.00544, 16, 15.5],
			"to": [24.99456, 17, 16.5],
			"rotation": {"angle": 0, "axis": "y", "origin": [24, 21, 16]},
			"faces": {
				"north": {"uv": [0, 0, 0.33333, 0.33333], "rotation": 180, "texture": "#1"},
				"east": {"uv": [0, 0, 0.33333, 0.33333], "rotation": 270, "texture": "#1"},
				"south": {"uv": [0, 0, 0.33333, 0.33333], "texture": "#1"},
				"west": {"uv": [0, 0, 0.33333, 0.33333], "rotation": 90, "texture": "#1"},
				"up": {"uv": [0, 0, 0.33333, 0.33333], "rotation": 180, "texture": "#1"},
				"down": {"uv": [0, 0, 0.33333, 0.33333], "texture": "#1"}
			}
		},
		{
			"name": "hexadecagon",
			"from": [23.00544, 16, 15.5],
			"to": [24.99456, 17, 16.5],
			"rotation": {"angle": 22.5, "axis": "z", "origin": [24, 21, 16]},
			"faces": {
				"north": {"uv": [0, 0, 0.33333, 0.33333], "rotation": 180, "texture": "#1"},
				"east": {"uv": [0, 0, 0.33333, 0.33333], "rotation": 270, "texture": "#1"},
				"south": {"uv": [0, 0, 0.33333, 0.33333], "texture": "#1"},
				"west": {"uv": [0, 0, 0.33333, 0.33333], "rotation": 90, "texture": "#1"},
				"up": {"uv": [0, 0, 0.33333, 0.33333], "rotation": 180, "texture": "#1"},
				"down": {"uv": [0, 0, 0.33333, 0.33333], "texture": "#1"}
			}
		},
		{
			"name": "hexadecagon",
			"from": [23.00544, 16, 15.5],
			"to": [24.99456, 17, 16.5],
			"rotation": {"angle": 45, "axis": "z", "origin": [24, 21, 16]},
			"faces": {
				"north": {"uv": [0, 0, 0.33333, 0.33333], "rotation": 180, "texture": "#1"},
				"east": {"uv": [0, 0, 0.33333, 0.33333], "rotation": 270, "texture": "#1"},
				"south": {"uv": [0, 0, 0.33333, 0.33333], "texture": "#1"},
				"west": {"uv": [0, 0, 0.33333, 0.33333], "rotation": 90, "texture": "#1"},
				"up": {"uv": [0, 0, 0.33333, 0.33333], "rotation": 180, "texture": "#1"},
				"down": {"uv": [0, 0, 0.33333, 0.33333], "texture": "#1"}
			}
		},
		{
			"name": "hexadecagon",
			"from": [19, 20.00544, 15.5],
			"to": [20, 21.99456, 16.5],
			"rotation": {"angle": -22.5, "axis": "z", "origin": [24, 21, 16]},
			"faces": {
				"north": {"uv": [0, 0, 0.33333, 0.33333], "rotation": 180, "texture": "#1"},
				"east": {"uv": [0, 0, 0.33333, 0.33333], "rotation": 270, "texture": "#1"},
				"south": {"uv": [0, 0, 0.33333, 0.33333], "texture": "#1"},
				"west": {"uv": [0, 0, 0.33333, 0.33333], "rotation": 90, "texture": "#1"},
				"up": {"uv": [0, 0, 0.33333, 0.33333], "rotation": 180, "texture": "#1"},
				"down": {"uv": [0, 0, 0.33333, 0.33333], "texture": "#1"}
			}
		},
		{
			"name": "hexadecagon",
			"from": [19, 20.00544, 15.5],
			"to": [20, 21.99456, 16.5],
			"rotation": {"angle": 0, "axis": "y", "origin": [24, 21, 16]},
			"faces": {
				"north": {"uv": [0, 0, 0.33333, 0.33333], "rotation": 180, "texture": "#1"},
				"east": {"uv": [0, 0, 0.33333, 0.33333], "rotation": 270, "texture": "#1"},
				"south": {"uv": [0, 0, 0.33333, 0.33333], "texture": "#1"},
				"west": {"uv": [0, 0, 0.33333, 0.33333], "rotation": 90, "texture": "#1"},
				"up": {"uv": [0, 0, 0.33333, 0.33333], "rotation": 180, "texture": "#1"},
				"down": {"uv": [0, 0, 0.33333, 0.33333], "texture": "#1"}
			}
		},
		{
			"name": "hexadecagon",
			"from": [19, 20.00544, 15.5],
			"to": [20, 21.99456, 16.5],
			"rotation": {"angle": 22.5, "axis": "z", "origin": [24, 21, 16]},
			"faces": {
				"north": {"uv": [0, 0, 0.33333, 0.33333], "rotation": 180, "texture": "#1"},
				"east": {"uv": [0, 0, 0.33333, 0.33333], "rotation": 270, "texture": "#1"},
				"south": {"uv": [0, 0, 0.33333, 0.33333], "texture": "#1"},
				"west": {"uv": [0, 0, 0.33333, 0.33333], "rotation": 90, "texture": "#1"},
				"up": {"uv": [0, 0, 0.33333, 0.33333], "rotation": 180, "texture": "#1"},
				"down": {"uv": [0, 0, 0.33333, 0.33333], "texture": "#1"}
			}
		},
		{
			"name": "hexadecagon",
			"from": [28, 20.00544, 15.5],
			"to": [29, 21.99456, 16.5],
			"rotation": {"angle": -22.5, "axis": "z", "origin": [24, 21, 16]},
			"faces": {
				"north": {"uv": [0, 0, 0.33333, 0.33333], "rotation": 180, "texture": "#1"},
				"east": {"uv": [0, 0, 0.33333, 0.33333], "rotation": 270, "texture": "#1"},
				"south": {"uv": [0, 0, 0.33333, 0.33333], "texture": "#1"},
				"west": {"uv": [0, 0, 0.33333, 0.33333], "rotation": 90, "texture": "#1"},
				"up": {"uv": [0, 0, 0.33333, 0.33333], "rotation": 180, "texture": "#1"},
				"down": {"uv": [0, 0, 0.33333, 0.33333], "texture": "#1"}
			}
		},
		{
			"name": "hexadecagon",
			"from": [28, 20.00544, 15.5],
			"to": [29, 21.99456, 16.5],
			"rotation": {"angle": 0, "axis": "y", "origin": [24, 21, 16]},
			"faces": {
				"north": {"uv": [0, 0, 0.33333, 0.33333], "rotation": 180, "texture": "#1"},
				"east": {"uv": [0, 0, 0.33333, 0.33333], "rotation": 270, "texture": "#1"},
				"south": {"uv": [0, 0, 0.33333, 0.33333], "texture": "#1"},
				"west": {"uv": [0, 0, 0.33333, 0.33333], "rotation": 90, "texture": "#1"},
				"up": {"uv": [0, 0, 0.33333, 0.33333], "rotation": 180, "texture": "#1"},
				"down": {"uv": [0, 0, 0.33333, 0.33333], "texture": "#1"}
			}
		},
		{
			"name": "hexadecagon",
			"from": [28, 20.00544, 15.5],
			"to": [29, 21.99456, 16.5],
			"rotation": {"angle": 22.5, "axis": "z", "origin": [24, 21, 16]},
			"faces": {
				"north": {"uv": [0, 0, 0.33333, 0.33333], "rotation": 180, "texture": "#1"},
				"east": {"uv": [0, 0, 0.33333, 0.33333], "rotation": 270, "texture": "#1"},
				"south": {"uv": [0, 0, 0.33333, 0.33333], "texture": "#1"},
				"west": {"uv": [0, 0, 0.33333, 0.33333], "rotation": 90, "texture": "#1"},
				"up": {"uv": [0, 0, 0.33333, 0.33333], "rotation": 180, "texture": "#1"},
				"down": {"uv": [0, 0, 0.33333, 0.33333], "texture": "#1"}
			}
		},
		{
			"name": "hexadecagon",
			"from": [-8.99456, 25, 15.5],
			"to": [-7.00544, 26, 16.5],
			"rotation": {"angle": -45, "axis": "z", "origin": [-8, 21, 16]},
			"faces": {
				"north": {"uv": [0, 0, 0.33333, 0.33333], "rotation": 180, "texture": "#1"},
				"east": {"uv": [0, 0, 0.33333, 0.33333], "rotation": 270, "texture": "#1"},
				"south": {"uv": [0, 0, 0.33333, 0.33333], "texture": "#1"},
				"west": {"uv": [0, 0, 0.33333, 0.33333], "rotation": 90, "texture": "#1"},
				"up": {"uv": [0, 0, 0.33333, 0.33333], "rotation": 180, "texture": "#1"},
				"down": {"uv": [0, 0, 0.33333, 0.33333], "texture": "#1"}
			}
		},
		{
			"name": "hexadecagon",
			"from": [-8.99456, 25, 15.5],
			"to": [-7.00544, 26, 16.5],
			"rotation": {"angle": -22.5, "axis": "z", "origin": [-8, 21, 16]},
			"faces": {
				"north": {"uv": [0, 0, 0.33333, 0.33333], "rotation": 180, "texture": "#1"},
				"east": {"uv": [0, 0, 0.33333, 0.33333], "rotation": 270, "texture": "#1"},
				"south": {"uv": [0, 0, 0.33333, 0.33333], "texture": "#1"},
				"west": {"uv": [0, 0, 0.33333, 0.33333], "rotation": 90, "texture": "#1"},
				"up": {"uv": [0, 0, 0.33333, 0.33333], "rotation": 180, "texture": "#1"},
				"down": {"uv": [0, 0, 0.33333, 0.33333], "texture": "#1"}
			}
		},
		{
			"name": "hexadecagon",
			"from": [-8.99456, 25, 15.5],
			"to": [-7.00544, 26, 16.5],
			"rotation": {"angle": 0, "axis": "y", "origin": [-8, 21, 16]},
			"faces": {
				"north": {"uv": [0, 0, 0.33333, 0.33333], "rotation": 180, "texture": "#1"},
				"east": {"uv": [0, 0, 0.33333, 0.33333], "rotation": 270, "texture": "#1"},
				"south": {"uv": [0, 0, 0.33333, 0.33333], "texture": "#1"},
				"west": {"uv": [0, 0, 0.33333, 0.33333], "rotation": 90, "texture": "#1"},
				"up": {"uv": [0, 0, 0.33333, 0.33333], "rotation": 180, "texture": "#1"},
				"down": {"uv": [0, 0, 0.33333, 0.33333], "texture": "#1"}
			}
		},
		{
			"name": "hexadecagon",
			"from": [-8.99456, 25, 15.5],
			"to": [-7.00544, 26, 16.5],
			"rotation": {"angle": 22.5, "axis": "z", "origin": [-8, 21, 16]},
			"faces": {
				"north": {"uv": [0, 0, 0.33333, 0.33333], "rotation": 180, "texture": "#1"},
				"east": {"uv": [0, 0, 0.33333, 0.33333], "rotation": 270, "texture": "#1"},
				"south": {"uv": [0, 0, 0.33333, 0.33333], "texture": "#1"},
				"west": {"uv": [0, 0, 0.33333, 0.33333], "rotation": 90, "texture": "#1"},
				"up": {"uv": [0, 0, 0.33333, 0.33333], "rotation": 180, "texture": "#1"},
				"down": {"uv": [0, 0, 0.33333, 0.33333], "texture": "#1"}
			}
		},
		{
			"name": "hexadecagon",
			"from": [-8.99456, 25, 15.5],
			"to": [-7.00544, 26, 16.5],
			"rotation": {"angle": 45, "axis": "z", "origin": [-8, 21, 16]},
			"faces": {
				"north": {"uv": [0, 0, 0.33333, 0.33333], "rotation": 180, "texture": "#1"},
				"east": {"uv": [0, 0, 0.33333, 0.33333], "rotation": 270, "texture": "#1"},
				"south": {"uv": [0, 0, 0.33333, 0.33333], "texture": "#1"},
				"west": {"uv": [0, 0, 0.33333, 0.33333], "rotation": 90, "texture": "#1"},
				"up": {"uv": [0, 0, 0.33333, 0.33333], "rotation": 180, "texture": "#1"},
				"down": {"uv": [0, 0, 0.33333, 0.33333], "texture": "#1"}
			}
		},
		{
			"name": "hexadecagon",
			"from": [-8.99456, 16, 15.5],
			"to": [-7.00544, 17, 16.5],
			"rotation": {"angle": -45, "axis": "z", "origin": [-8, 21, 16]},
			"faces": {
				"north": {"uv": [0, 0, 0.33333, 0.33333], "rotation": 180, "texture": "#1"},
				"east": {"uv": [0, 0, 0.33333, 0.33333], "rotation": 270, "texture": "#1"},
				"south": {"uv": [0, 0, 0.33333, 0.33333], "texture": "#1"},
				"west": {"uv": [0, 0, 0.33333, 0.33333], "rotation": 90, "texture": "#1"},
				"up": {"uv": [0, 0, 0.33333, 0.33333], "rotation": 180, "texture": "#1"},
				"down": {"uv": [0, 0, 0.33333, 0.33333], "texture": "#1"}
			}
		},
		{
			"name": "hexadecagon",
			"from": [-8.99456, 16, 15.5],
			"to": [-7.00544, 17, 16.5],
			"rotation": {"angle": -22.5, "axis": "z", "origin": [-8, 21, 16]},
			"faces": {
				"north": {"uv": [0, 0, 0.33333, 0.33333], "rotation": 180, "texture": "#1"},
				"east": {"uv": [0, 0, 0.33333, 0.33333], "rotation": 270, "texture": "#1"},
				"south": {"uv": [0, 0, 0.33333, 0.33333], "texture": "#1"},
				"west": {"uv": [0, 0, 0.33333, 0.33333], "rotation": 90, "texture": "#1"},
				"up": {"uv": [0, 0, 0.33333, 0.33333], "rotation": 180, "texture": "#1"},
				"down": {"uv": [0, 0, 0.33333, 0.33333], "texture": "#1"}
			}
		},
		{
			"name": "hexadecagon",
			"from": [-8.99456, 16, 15.5],
			"to": [-7.00544, 17, 16.5],
			"rotation": {"angle": 0, "axis": "y", "origin": [-8, 21, 16]},
			"faces": {
				"north": {"uv": [0, 0, 0.33333, 0.33333], "rotation": 180, "texture": "#1"},
				"east": {"uv": [0, 0, 0.33333, 0.33333], "rotation": 270, "texture": "#1"},
				"south": {"uv": [0, 0, 0.33333, 0.33333], "texture": "#1"},
				"west": {"uv": [0, 0, 0.33333, 0.33333], "rotation": 90, "texture": "#1"},
				"up": {"uv": [0, 0, 0.33333, 0.33333], "rotation": 180, "texture": "#1"},
				"down": {"uv": [0, 0, 0.33333, 0.33333], "texture": "#1"}
			}
		},
		{
			"name": "hexadecagon",
			"from": [-8.99456, 16, 15.5],
			"to": [-7.00544, 17, 16.5],
			"rotation": {"angle": 22.5, "axis": "z", "origin": [-8, 21, 16]},
			"faces": {
				"north": {"uv": [0, 0, 0.33333, 0.33333], "rotation": 180, "texture": "#1"},
				"east": {"uv": [0, 0, 0.33333, 0.33333], "rotation": 270, "texture": "#1"},
				"south": {"uv": [0, 0, 0.33333, 0.33333], "texture": "#1"},
				"west": {"uv": [0, 0, 0.33333, 0.33333], "rotation": 90, "texture": "#1"},
				"up": {"uv": [0, 0, 0.33333, 0.33333], "rotation": 180, "texture": "#1"},
				"down": {"uv": [0, 0, 0.33333, 0.33333], "texture": "#1"}
			}
		},
		{
			"name": "hexadecagon",
			"from": [-8.99456, 16, 15.5],
			"to": [-7.00544, 17, 16.5],
			"rotation": {"angle": 45, "axis": "z", "origin": [-8, 21, 16]},
			"faces": {
				"north": {"uv": [0, 0, 0.33333, 0.33333], "rotation": 180, "texture": "#1"},
				"east": {"uv": [0, 0, 0.33333, 0.33333], "rotation": 270, "texture": "#1"},
				"south": {"uv": [0, 0, 0.33333, 0.33333], "texture": "#1"},
				"west": {"uv": [0, 0, 0.33333, 0.33333], "rotation": 90, "texture": "#1"},
				"up": {"uv": [0, 0, 0.33333, 0.33333], "rotation": 180, "texture": "#1"},
				"down": {"uv": [0, 0, 0.33333, 0.33333], "texture": "#1"}
			}
		},
		{
			"name": "hexadecagon",
			"from": [-13, 20.00544, 15.5],
			"to": [-12, 21.99456, 16.5],
			"rotation": {"angle": -22.5, "axis": "z", "origin": [-8, 21, 16]},
			"faces": {
				"north": {"uv": [0, 0, 0.33333, 0.33333], "rotation": 180, "texture": "#1"},
				"east": {"uv": [0, 0, 0.33333, 0.33333], "rotation": 270, "texture": "#1"},
				"south": {"uv": [0, 0, 0.33333, 0.33333], "texture": "#1"},
				"west": {"uv": [0, 0, 0.33333, 0.33333], "rotation": 90, "texture": "#1"},
				"up": {"uv": [0, 0, 0.33333, 0.33333], "rotation": 180, "texture": "#1"},
				"down": {"uv": [0, 0, 0.33333, 0.33333], "texture": "#1"}
			}
		},
		{
			"name": "hexadecagon",
			"from": [-13, 20.00544, 15.5],
			"to": [-12, 21.99456, 16.5],
			"rotation": {"angle": 0, "axis": "y", "origin": [-8, 21, 16]},
			"faces": {
				"north": {"uv": [0, 0, 0.33333, 0.33333], "rotation": 180, "texture": "#1"},
				"east": {"uv": [0, 0, 0.33333, 0.33333], "rotation": 270, "texture": "#1"},
				"south": {"uv": [0, 0, 0.33333, 0.33333], "texture": "#1"},
				"west": {"uv": [0, 0, 0.33333, 0.33333], "rotation": 90, "texture": "#1"},
				"up": {"uv": [0, 0, 0.33333, 0.33333], "rotation": 180, "texture": "#1"},
				"down": {"uv": [0, 0, 0.33333, 0.33333], "texture": "#1"}
			}
		},
		{
			"name": "hexadecagon",
			"from": [-13, 20.00544, 15.5],
			"to": [-12, 21.99456, 16.5],
			"rotation": {"angle": 22.5, "axis": "z", "origin": [-8, 21, 16]},
			"faces": {
				"north": {"uv": [0, 0, 0.33333, 0.33333], "rotation": 180, "texture": "#1"},
				"east": {"uv": [0, 0, 0.33333, 0.33333], "rotation": 270, "texture": "#1"},
				"south": {"uv": [0, 0, 0.33333, 0.33333], "texture": "#1"},
				"west": {"uv": [0, 0, 0.33333, 0.33333], "rotation": 90, "texture": "#1"},
				"up": {"uv": [0, 0, 0.33333, 0.33333], "rotation": 180, "texture": "#1"},
				"down": {"uv": [0, 0, 0.33333, 0.33333], "texture": "#1"}
			}
		},
		{
			"name": "hexadecagon",
			"from": [-4, 20.00544, 15.5],
			"to": [-3, 21.99456, 16.5],
			"rotation": {"angle": -22.5, "axis": "z", "origin": [-8, 21, 16]},
			"faces": {
				"north": {"uv": [0, 0, 0.33333, 0.33333], "rotation": 180, "texture": "#1"},
				"east": {"uv": [0, 0, 0.33333, 0.33333], "rotation": 270, "texture": "#1"},
				"south": {"uv": [0, 0, 0.33333, 0.33333], "texture": "#1"},
				"west": {"uv": [0, 0, 0.33333, 0.33333], "rotation": 90, "texture": "#1"},
				"up": {"uv": [0, 0, 0.33333, 0.33333], "rotation": 180, "texture": "#1"},
				"down": {"uv": [0, 0, 0.33333, 0.33333], "texture": "#1"}
			}
		},
		{
			"name": "hexadecagon",
			"from": [-4, 20.00544, 15.5],
			"to": [-3, 21.99456, 16.5],
			"rotation": {"angle": 0, "axis": "y", "origin": [-8, 21, 16]},
			"faces": {
				"north": {"uv": [0, 0, 0.33333, 0.33333], "rotation": 180, "texture": "#1"},
				"east": {"uv": [0, 0, 0.33333, 0.33333], "rotation": 270, "texture": "#1"},
				"south": {"uv": [0, 0, 0.33333, 0.33333], "texture": "#1"},
				"west": {"uv": [0, 0, 0.33333, 0.33333], "rotation": 90, "texture": "#1"},
				"up": {"uv": [0, 0, 0.33333, 0.33333], "rotation": 180, "texture": "#1"},
				"down": {"uv": [0, 0, 0.33333, 0.33333], "texture": "#1"}
			}
		},
		{
			"name": "hexadecagon",
			"from": [-4, 20.00544, 15.5],
			"to": [-3, 21.99456, 16.5],
			"rotation": {"angle": 22.5, "axis": "z", "origin": [-8, 21, 16]},
			"faces": {
				"north": {"uv": [0, 0, 0.33333, 0.33333], "rotation": 180, "texture": "#1"},
				"east": {"uv": [0, 0, 0.33333, 0.33333], "rotation": 270, "texture": "#1"},
				"south": {"uv": [0, 0, 0.33333, 0.33333], "texture": "#1"},
				"west": {"uv": [0, 0, 0.33333, 0.33333], "rotation": 90, "texture": "#1"},
				"up": {"uv": [0, 0, 0.33333, 0.33333], "rotation": 180, "texture": "#1"},
				"down": {"uv": [0, 0, 0.33333, 0.33333], "texture": "#1"}
			}
		},
		{
			"from": [-1, 16, 15],
			"to": [1, 26, 17],
			"rotation": {"angle": 0, "axis": "y", "origin": [8, 16, 24]},
			"faces": {
				"north": {"uv": [0, 0, 0.66667, 3.33333], "texture": "#2"},
				"east": {"uv": [0, 0, 0.66667, 3.33333], "texture": "#2"},
				"south": {"uv": [0, 0, 0.66667, 3.33333], "texture": "#2"},
				"west": {"uv": [0, 0, 0.66667, 3.33333], "texture": "#2"},
				"up": {"uv": [0, 0, 0.66667, 0.66667], "texture": "#2"},
				"down": {"uv": [0, 0, 0.66667, 0.66667], "texture": "#2"}
			}
		},
		{
			"from": [15, 16, 15],
			"to": [17, 26, 17],
			"rotation": {"angle": 0, "axis": "y", "origin": [24, 16, 24]},
			"faces": {
				"north": {"uv": [0, 0, 0.66667, 3.33333], "texture": "#2"},
				"east": {"uv": [0, 0, 0.66667, 3.33333], "texture": "#2"},
				"south": {"uv": [0, 0, 0.66667, 3.33333], "texture": "#2"},
				"west": {"uv": [0, 0, 0.66667, 3.33333], "texture": "#2"},
				"up": {"uv": [0, 0, 0.66667, 0.66667], "texture": "#2"},
				"down": {"uv": [0, 0, 0.66667, 0.66667], "texture": "#2"}
			}
		},
		{
			"from": [13, 16, 15],
			"to": [14, 28, 17],
			"rotation": {"angle": 0, "axis": "y", "origin": [21, 16, 24]},
			"faces": {
				"north": {"uv": [0, 0, 0.33333, 4], "texture": "#2"},
				"east": {"uv": [0, 0, 0.66667, 4], "texture": "#2"},
				"south": {"uv": [0, 0, 0.33333, 4], "texture": "#2"},
				"west": {"uv": [0, 0, 0.66667, 4], "texture": "#2"},
				"up": {"uv": [0, 0, 0.33333, 0.66667], "texture": "#2"},
				"down": {"uv": [0, 0, 0.33333, 0.66667], "texture": "#2"}
			}
		},
		{
			"from": [18, 16, 15],
			"to": [19, 28, 17],
			"rotation": {"angle": 0, "axis": "y", "origin": [26, 16, 24]},
			"faces": {
				"north": {"uv": [0, 0, 0.33333, 4], "texture": "#2"},
				"east": {"uv": [0, 0, 0.66667, 4], "texture": "#2"},
				"south": {"uv": [0, 0, 0.33333, 4], "texture": "#2"},
				"west": {"uv": [0, 0, 0.66667, 4], "texture": "#2"},
				"up": {"uv": [0, 0, 0.33333, 0.66667], "texture": "#2"},
				"down": {"uv": [0, 0, 0.33333, 0.66667], "texture": "#2"}
			}
		},
		{
			"from": [29, 16, 15],
			"to": [30, 28, 17],
			"rotation": {"angle": 0, "axis": "y", "origin": [37, 16, 24]},
			"faces": {
				"north": {"uv": [0, 0, 0.33333, 4], "texture": "#2"},
				"east": {"uv": [0, 0, 0.66667, 4], "texture": "#2"},
				"south": {"uv": [0, 0, 0.33333, 4], "texture": "#2"},
				"west": {"uv": [0, 0, 0.66667, 4], "texture": "#2"},
				"up": {"uv": [0, 0, 0.33333, 0.66667], "texture": "#2"},
				"down": {"uv": [0, 0, 0.33333, 0.66667], "texture": "#2"}
			}
		},
		{
			"from": [2, 16, 15],
			"to": [3, 28, 17],
			"rotation": {"angle": 0, "axis": "y", "origin": [10, 16, 24]},
			"faces": {
				"north": {"uv": [0, 0, 0.33333, 4], "texture": "#2"},
				"east": {"uv": [0, 0, 0.66667, 4], "texture": "#2"},
				"south": {"uv": [0, 0, 0.33333, 4], "texture": "#2"},
				"west": {"uv": [0, 0, 0.66667, 4], "texture": "#2"},
				"up": {"uv": [0, 0, 0.33333, 0.66667], "texture": "#2"},
				"down": {"uv": [0, 0, 0.33333, 0.66667], "texture": "#2"}
			}
		},
		{
			"from": [-3, 16, 15],
			"to": [-2, 28, 17],
			"rotation": {"angle": 0, "axis": "y", "origin": [5, 16, 24]},
			"faces": {
				"north": {"uv": [0, 0, 0.33333, 4], "texture": "#2"},
				"east": {"uv": [0, 0, 0.66667, 4], "texture": "#2"},
				"south": {"uv": [0, 0, 0.33333, 4], "texture": "#2"},
				"west": {"uv": [0, 0, 0.66667, 4], "texture": "#2"},
				"up": {"uv": [0, 0, 0.33333, 0.66667], "texture": "#2"},
				"down": {"uv": [0, 0, 0.33333, 0.66667], "texture": "#2"}
			}
		},
		{
			"from": [-14, 16, 15],
			"to": [-13, 28, 17],
			"rotation": {"angle": 0, "axis": "y", "origin": [-6, 16, 24]},
			"faces": {
				"north": {"uv": [0, 0, 0.33333, 4], "texture": "#2"},
				"east": {"uv": [0, 0, 0.66667, 4], "texture": "#2"},
				"south": {"uv": [0, 0, 0.33333, 4], "texture": "#2"},
				"west": {"uv": [0, 0, 0.66667, 4], "texture": "#2"},
				"up": {"uv": [0, 0, 0.33333, 0.66667], "texture": "#2"},
				"down": {"uv": [0, 0, 0.33333, 0.66667], "texture": "#2"}
			}
		},
		{
			"from": [-14, 28, 15],
			"to": [30, 29, 17],
			"rotation": {"angle": 0, "axis": "y", "origin": [-7, 36, 24]},
			"faces": {
				"north": {"uv": [0, 0, 14.66667, 0.33333], "texture": "#1"},
				"east": {"uv": [0, 0, 0.66667, 0.33333], "texture": "#1"},
				"south": {"uv": [0, 0, 14.66667, 0.33333], "texture": "#1"},
				"west": {"uv": [0, 0, 0.66667, 0.33333], "texture": "#1"},
				"up": {"uv": [0, 0, 14.66667, 0.66667], "texture": "#1"},
				"down": {"uv": [0, 0, 14.66667, 0.66667], "texture": "#1"}
			}
		},
		{
			"from": [-14, 26, 15],
			"to": [30, 27, 17],
			"rotation": {"angle": 0, "axis": "y", "origin": [-7, 34, 24]},
			"faces": {
				"north": {"uv": [0, 0, 14.66667, 0.33333], "texture": "#1"},
				"east": {"uv": [0, 0, 0.66667, 0.33333], "texture": "#1"},
				"south": {"uv": [0, 0, 14.66667, 0.33333], "texture": "#1"},
				"west": {"uv": [0, 0, 0.66667, 0.33333], "texture": "#1"},
				"up": {"uv": [0, 0, 14.66667, 0.66667], "texture": "#1"},
				"down": {"uv": [0, 0, 14.66667, 0.66667], "texture": "#1"}
			}
		}
	],
	"display": {
		"thirdperson_righthand": {
			"rotation": [20, 128, 0],
			"scale": [0.25, 0.25, 0.25]
		},
		"firstperson_righthand": {
			"scale": [0.25, 0.25, 0.25]
		},
		"ground": {
			"scale": [0.25, 0.25, 0.25]
		},
		"gui": {
			"rotation": [17, 150, 0],
			"scale": [0.26, 0.26, 0.26]
		},
		"head": {
			"translation": [0, -6.75, 0],
			"scale": [1.44, 1.44, 1.44]
		},
		"fixed": {
			"rotation": [-90, 0, 0],
			"translation": [0, 0, -14.75],
			"scale": [2, 2, 2]
		}
	},
	"groups": [
		{
			"name": "sideA",
			"origin": [39, 30, 10],
			"children": [0, 1, 2, 3, 4, 5, 6, 7, 8, 9, 10]
		},
		{
			"name": "sideB",
			"origin": [39, 30, 10],
			"children": [11, 12, 13, 14, 15, 16, 17, 18, 19]
		},
		{
			"name": "Seat",
			"origin": [-7, 21, 13],
			"children": [20, 21, 22, 23, 24, 25, 26, 27]
		},
		{
			"name": "hexadecagon",
			"origin": [8, 8, 8],
			"children": [28, 29, 30, 31, 32, 33, 34, 35, 36, 37, 38, 39, 40, 41, 42, 43]
		},
		{
			"name": "hexadecagon",
			"origin": [8, 8, 8],
			"children": [44, 45, 46, 47, 48, 49, 50, 51, 52, 53, 54, 55, 56, 57, 58, 59]
		},
		{
			"name": "hexadecagon",
			"origin": [8, 8, 8],
			"children": [60, 61, 62, 63, 64, 65, 66, 67, 68, 69, 70, 71, 72, 73, 74, 75]
		},
		{
			"name": "BackBoard",
			"origin": [-7, 34, 24],
			"children": [76, 77, 78, 79, 80, 81, 82, 83, 84, 85]
		}
	]
}
